indicativo,p_max,n_fog,inso,nw_55,tm_min,ta_max,ts_min,nt_30,w_racha,np_100,p_sol,nw_91,np_001,ta_min,np_300,evap,p_mes,n_tor,w_med,nt_00,ti_max,tm_mes,tm_max,np_010,fecha,n_gra,n_llu,n_nie,w_rec,n_cub,q_max,q_med,nv_0050,n_des,n_nub,nv_1000,nv_0100,q_min,hr,q_mar,e,glo
6155A,29.0(10),5,6.3,11,8,22.4(19),16,0,31/25.0(02),2,63,0,7,4.4(05),0,2828,54,0,12,0,12,11.7,15.5,7,1951-01,NA,NA,NA,NA,NA,NA,NA,NA,NA,NA,NA,NA,NA,NA,NA,NA,NA
6155A,36.0(11),1,6.5,4,8.7,22.0(21),13.2,0,31/18.9(06),3,59,0,6,5.4(06),1,2208,87,1,10,0,9.8,12.6,16.6,6,1951-02,NA,NA,NA,NA,NA,NA,NA,NA,NA,NA,NA,NA,NA,NA,NA,NA,NA
6155A,21.0(11),1,6.8,7,10.9,30.0(24),16,1,22/18.9(13),2,57,0,7,7.6(05),0,2625,42.6,0,16,0,13,15,19.2,5,1951-03,NA,NA,NA,NA,NA,NA,NA,NA,NA,NA,NA,NA,NA,NA,NA,NA,NA
6155A,17.0(26),2,7.9,0,11.7,25.8(19),15.2,0,13/15.0(10),2,60,0,4,6.2(02),0,2785,33,0,10,0,16,15.7,19.7,4,1951-04,NA,NA,NA,NA,NA,NA,NA,NA,NA,NA,NA,NA,NA,NA,NA,NA,NA
6155A,5.0(06),1,9.2,0,13.6,31.2(24),18.6,2,13/15.0(19),0,65,0,3,8.6(11),0,1786,8.4,1,11,0,17.8,18.7,23.8,3,1951-05,NA,NA,NA,NA,NA,NA,NA,NA,NA,NA,NA,NA,NA,NA,NA,NA,NA
6155A,1.0(03),1,10.1,1,18.2,34.4(22),21.6,3,13/16.1(23),0,69,0,1,13.6(02),0,1073,1,2,10,0,20.8,22.3,26.4,1,1951-06,NA,NA,NA,NA,NA,NA,NA,NA,NA,NA,NA,NA,NA,NA,NA,NA,NA
6155A,0.0(--),1,11.9,0,20.3,40.8(22),25.4,10,13/11.1(05),0,83,0,0,15.5(14),0,1898,0,1,10,0,24.8,25,29.7,0,1951-07,0,0,0,NA,NA,NA,NA,NA,NA,NA,NA,NA,NA,NA,NA,NA,NA
6155A,0.0(--),0,10.2,0,20.1,36.6(31),24,11,31/13.1(09),0,75,0,0,16.8(05),0,1935,0,0,11,0,27,25.2,30.1,0,1951-08,0,0,0,NA,NA,NA,NA,NA,NA,NA,NA,NA,NA,NA,NA,NA,NA
6155A,26.2(11),0,7.7,0,18.2,31.8(03),21.2,6,13/11.9(22),2,62,0,3,16.0(09),0,1242,46.7,1,9,0,21,22.9,27.5,3,1951-09,0,3,0,NA,NA,NA,NA,NA,NA,NA,NA,NA,NA,NA,NA,NA,NA
6155A,1.8(30),1,8.1,0,13.6,29.0(05),19,0,31/11.9(14),0,72,0,2,8.4(27),0,1638,3.5,0,10,0,18.3,18.7,23.7,2,1951-10,NA,NA,NA,NA,NA,NA,NA,NA,NA,NA,NA,NA,NA,NA,NA,NA,NA
6155A,42.0(09),2,5.7,0,10.5,23.6(03),14.5,0,13/15.0(07),5,55,0,9,6.2(16),1,900,142.3,0,12,0,15.5,14.9,19.3,9,1951-11,NA,NA,NA,NA,NA,NA,NA,NA,NA,NA,NA,NA,NA,NA,NA,NA,NA
6155A,16.8(23),2,4.5,2,10.3,22.6(11),15,0,31/20.0(29),2,47,0,4,5.8(09),0,1002,39,0,12,0,15.2,14.2,18.1,3,1951-12,NA,NA,NA,NA,NA,NA,NA,NA,NA,NA,NA,NA,NA,NA,NA,NA,NA
6155A,42.0(09/nov),17,7.9,25,13.7,40.8(22/jul),25.4,33,31/25.0(02/ene),18,64,0,46,4.4(05/ene),2,21920,457.5,6,11,0,9.8,18.1,22.5,43,1951-13,NA,NA,NA,NA,NA,NA,NA,NA,NA,NA,NA,NA,NA,NA,NA,NA,NA
6155A,24.0(22),0,6.4,0,6.1,20.5(01),12,0,31/13.1(11),2,64,0,7,0.2(21),0,1040,66.1,0,10,0,10.8,10.9,15.7,6,1952-01,NA,NA,NA,NA,NA,NA,NA,NA,NA,NA,NA,NA,NA,NA,NA,NA,NA
6155A,0.8(26),0,7.3,1,8.2,22.8(08),12.8,0,31/18.9(01),0,67,0,1,1.6(07),0,1022,0.8,0,12,0,13.4,12.5,16.7,0,1952-02,NA,NA,NA,NA,NA,NA,NA,NA,NA,NA,NA,NA,NA,NA,NA,NA,NA
6155A,20.0(29),3,7,0,11.2,31.2(23),19.2,1,31/13.1(17),3,59,0,7,6.5(02),0,1173,61.4,0,9,0,15,16.8,22.4,7,1952-03,NA,NA,NA,NA,NA,NA,NA,NA,NA,NA,NA,NA,NA,NA,NA,NA,NA
6155A,14.2(29),1,7.9,0,10.7,30.0(21),15,1,31/13.1(02),2,60,0,6,4.6(04),0,1001,43.4,1,8,0,16.6,16.5,22.2,6,1952-04,NA,NA,NA,NA,NA,NA,NA,NA,NA,NA,NA,NA,NA,NA,NA,NA,NA
6155A,35.0(03),1,9.1,0,14.3,30.6(18),18,1,31/10.0(27),4,64,0,10,10.0(01),1,1068,93,1,8,0,16.6,18.8,23.4,9,1952-05,NA,NA,NA,NA,NA,NA,NA,NA,NA,NA,NA,NA,NA,NA,NA,NA,NA
6155A,0.0(--),2,10.8,0,19.1,38.2(07),25.2,14,13/11.9(09),0,74,0,0,13.5(02),0,1698,0,0,8,0,24.6,24.5,29.8,0,1952-06,NA,NA,NA,NA,NA,NA,NA,NA,NA,NA,NA,NA,NA,NA,NA,NA,NA
6155A,0.0(--),1,11.1,1,20.5,40.3(08),24,20,31/18.9(29),0,77,0,0,18.0(07),0,1328,0,0,10,0,28.3,26,31.5,0,1952-07,0,0,0,NA,NA,NA,NA,NA,NA,NA,NA,NA,NA,NA,NA,NA,NA
6155A,33.1(28),1,9.9,0,20.6,39.5(16),27.4,13,31/13.1(09),1,73,0,3,15.4(02),1,1797,35.2,2,10,0,23.8,25.9,31.3,2,1952-08,NA,NA,NA,NA,NA,NA,NA,NA,NA,NA,NA,NA,NA,NA,NA,NA,NA
6155A,0.8(01),0,8.8,0,17.4,32.5(06),22.4,7,31/8.9(26),0,71,0,2,11.4(17),0,1330,1,0,9,0,23,22.4,27.5,0,1952-09,NA,NA,NA,NA,NA,NA,NA,NA,NA,NA,NA,NA,NA,NA,NA,NA,NA
6155A,33.2(19),2,7.6,0,15.5,36.0(11),20.2,5,31/11.9(22),1,67,0,2,10.6(05),1,1215,42.4,2,8,0,18.4,20.6,25.7,2,1952-10,NA,NA,NA,NA,NA,NA,NA,NA,NA,NA,NA,NA,NA,NA,NA,NA,NA
6155A,10.0(14),0,6.6,0,11.8,25.6(06),16.2,0,31/13.9(07),1,64,0,7,7.4(18),0,694,36.6,0,10,0,16.6,16.3,20.7,7,1952-11,NA,NA,NA,NA,NA,NA,NA,NA,NA,NA,NA,NA,NA,NA,NA,NA,NA
6155A,15.3(02),3,6.5,5,9.3,22.0(14),15.2,0,31/21.1(17),2,67,0,5,1.8(10),0,590,37.9,0,12,0,10.6,13.5,17.7,5,1952-12,NA,NA,NA,NA,NA,NA,NA,NA,NA,NA,NA,NA,NA,NA,NA,NA,NA
6155A,35.0(03/may),14,8.3,7,13.7,40.3(08/jul),27.4,62,31/21.1(17/dic),16,67,0,50,0.2(21/ene),3,13956,417.8,6,10,0,10.6,18.7,23.7,44,1952-13,NA,NA,NA,NA,NA,NA,NA,NA,NA,NA,NA,NA,NA,NA,NA,NA,NA
6155A,24.2(24),0,6,6,6.9,23.8(31),14.4,0,13/18.9(16),1,60,0,6,0.0(11),0,554,41.2,0,12,1,11.2,10.9,14.9,6,1953-01,NA,NA,NA,NA,NA,NA,NA,NA,NA,NA,NA,NA,NA,NA,NA,NA,NA
6155A,75.0(05),1,6.8,4,7.9,24.4(01),15,0,31/16.9(11),2,63,0,5,1.2(18),1,540,96.3,0,8,0,11.6,11.8,15.7,3,1953-02,NA,NA,NA,NA,NA,NA,NA,NA,NA,NA,NA,NA,NA,NA,NA,NA,NA
6155A,73.0(21),0,5.2,2,9.9,23.8(08),12.6,0,13/18.1(18),2,43,0,8,5.0(08),1,557,113.7,4,9,0,13,13.1,16.3,7,1953-03,0,9,0,NA,NA,NA,NA,NA,NA,NA,NA,NA,NA,NA,NA,NA,NA
6155A,26.4(19),1,8.4,0,11.9,27.8(13),15,0,31/15.0(04),1,64,0,3,6.6(06),0,628,28,0,6,0,16,16,20.2,1,1953-04,NA,NA,NA,NA,NA,NA,NA,NA,NA,NA,NA,NA,NA,NA,NA,NA,NA
6155A,0.0(--),7,9.7,0,15.7,34.6(08),20.6,3,22/11.9(07),0,68,0,0,12.0(04),0,1315,0,1,7,0,20,20.9,26.2,0,1953-05,NA,NA,NA,NA,NA,NA,NA,NA,NA,NA,NA,NA,NA,NA,NA,NA,NA
6155A,0.0(--),9,11.4,0,16.8,35.6(16),21,8,31/13.9(07),0,78,0,0,9.8(06),0,1438,0,1,7,0,22.4,22.5,28.3,0,1953-06,0,2,0,NA,NA,NA,NA,NA,NA,NA,NA,NA,NA,NA,NA,NA,NA
6155A,0.0(--),0,11.4,1,20.8,40.0(27),24,8,27/16.9(18),0,79,0,0,17.4(01),0,1584,0,0,7,0,26.2,25.3,29.7,0,1953-07,0,0,0,NA,NA,NA,NA,NA,NA,NA,NA,NA,NA,NA,NA,NA,NA
6155A,0.0(--),1,10.6,0,21.7,44.0(09),24.6,8,31/15.0(21),0,79,0,0,19.2(16),0,1111,0,0,8,0,26.8,25.9,30.1,0,1953-08,0,0,0,NA,NA,NA,NA,NA,NA,NA,NA,NA,NA,NA,NA,NA,NA
6155A,5.6(26),0,8.8,0,18.8,33.6(21),23,7,13/11.9(15),0,71,0,3,12.0(27),0,818,6.9,1,7,0,22.6,23.3,27.7,1,1953-09,0,3,0,NA,NA,NA,NA,NA,NA,NA,NA,NA,NA,NA,NA,NA,NA
6155A,28.6(13),3,5.6,0,15,29.0(04),18.6,0,18/13.9(13),2,50,0,10,9.8(27),0,601,55.5,0,6,0,17.6,18.6,22.3,7,1953-10,NA,NA,NA,NA,NA,NA,NA,NA,NA,NA,NA,NA,NA,NA,NA,NA,NA
6155A,44.0(16),1,5.9,2,12.7,23.4(01),17.4,0,31/20.0(03),2,57,0,6,9.8(25),2,726,94,3,9,0,15.2,16,19.3,6,1953-11,NA,NA,NA,NA,NA,NA,NA,NA,NA,NA,NA,NA,NA,NA,NA,NA,NA
6155A,34.3(07),0,4.7,4,10.8,20.0(12),15.3,0,13/20.0(07),4,48,0,9,6.4(28),2,717,127.1,2,7,0,14.8,14.3,17.8,9,1953-12,NA,NA,NA,NA,NA,NA,NA,NA,NA,NA,NA,NA,NA,NA,NA,NA,NA
6155A,75.0(05/feb),23,7.9,19,14.1,44.0(09/ago),24.6,34,31/20.0(03/nov),14,63,0,50,0.0(11/ene),6,10589,562.7,12,8,1,11.2,18.2,22.4,40,1953-13,NA,NA,NA,NA,NA,NA,NA,NA,NA,NA,NA,NA,NA,NA,NA,NA,NA
6155A,18.0(24),0,5.7,1,6.8,19.8(15),13.8,0,31/18.9(14),3,57,0,6,1.8(11),0,852,47,2,12,0,6.4,10.6,14.4,4,1954-01,NA,NA,NA,NA,NA,NA,NA,NA,NA,NA,NA,NA,NA,NA,NA,NA,NA
6155A,27.2(02),0,8.1,2,6.4,22.0(27),13.6,0,31/18.9(19),1,74,0,4,-3.8(04),0,787,31.7,0,10,4,5,10.9,15.3,2,1954-02,NA,NA,NA,NA,NA,NA,NA,NA,NA,NA,NA,NA,NA,NA,NA,NA,NA
6155A,36.8(14),4,6.1,0,10.6,26.0(20),17.2,0,18/15.0(25),4,51,0,9,4.8(07),2,1171,110.4,1,9,0,13.4,14.6,18.6,8,1954-03,NA,NA,NA,NA,NA,NA,NA,NA,NA,NA,NA,NA,NA,NA,NA,NA,NA
6155A,11.5(12),3,8,0,10.5,26.2(16),14.4,0,33/13.9(08),2,60,0,6,6.4(20),0,1069,38.4,2,9,0,13.8,15.1,19.7,5,1954-04,NA,NA,NA,NA,NA,NA,NA,NA,NA,NA,NA,NA,NA,NA,NA,NA,NA
6155A,0.0(--),3,11.1,0,14.3,31.8(31),20.8,2,33/15.0(03),0,78,0,0,9.2(06),0,1325,0,0,10,0,19.4,19.1,23.9,0,1954-05,NA,NA,NA,NA,NA,NA,NA,NA,NA,NA,NA,NA,NA,NA,NA,NA,NA
6155A,14.4(02),0,11.6,0,17.2,40.2(27),24.6,8,18/15.0(08),1,79,0,1,14.0(03),0,1781,14.4,0,9,0,21.4,22.3,27.4,1,1954-06,0,1,0,NA,NA,NA,NA,NA,NA,NA,NA,NA,NA,NA,NA,NA,NA
6155A,5.2(20),7,12.3,0,19.2,39.6(29),22.6,8,31/13.9(12),0,85,0,1,15.6(02),0,1863,5.2,1,8,0,21.6,23.8,28.4,1,1954-07,0,1,0,NA,NA,NA,NA,NA,NA,NA,NA,NA,NA,NA,NA,NA,NA
6155A,1.0(30),2,11.4,0,19.7,38.4(06),24.4,8,29/13.9(13),0,84,0,1,13.5(16),0,2517,1,1,9,0,23.4,24.3,29,1,1954-08,0,1,0,NA,NA,NA,NA,NA,NA,NA,NA,NA,NA,NA,NA,NA,NA
6155A,0.0(--),1,9.1,1,18.5,34.8(01),22.6,6,27/18.1(17),0,73,0,0,14.8(06),0,1796,0,0,8,0,23.4,22.9,27.3,0,1954-09,0,0,0,NA,NA,NA,NA,NA,NA,NA,NA,NA,NA,NA,NA,NA,NA
6155A,12.5(21),1,8.2,0,15.6,28.4(26),20,0,31/13.1(26),1,73,0,1,11.0(19),0,1521,12.5,0,7,0,21.8,19.9,24.1,1,1954-10,0,3,0,NA,NA,NA,NA,NA,NA,NA,NA,NA,NA,NA,NA,NA,NA
6155A,37.0(08),2,7.1,0,13.3,25.5(11),18,0,27/15.0(08),2,70,0,4,6.6(19),1,650,52.2,1,6,0,17.2,16.9,20.4,3,1954-11,NA,NA,NA,NA,NA,NA,NA,NA,NA,NA,NA,NA,NA,NA,NA,NA,NA
6155A,30.5(10),1,6,2,9.8,21.8(23),14,0,31/18.1(13),2,61,0,5,5.2(24),1,960,52.4,0,8,0,10,13.4,17,5,1954-12,NA,NA,NA,NA,NA,NA,NA,NA,NA,NA,NA,NA,NA,NA,NA,NA,NA
6155A,37.0(08/nov),24,8.7,6,13.5,40.2(27/jun),24.6,32,31/18.9(14/ene),16,70,0,38,-3.8(04/feb),4,16292,365.2,8,9,4,5,17.8,22.1,31,1954-13,NA,NA,NA,NA,NA,NA,NA,NA,NA,NA,NA,NA,NA,NA,NA,NA,NA
6155A,32.0(03),0,5.9,0,11.8,22.4(19),16.4,0,15/13.9(02),3,59,0,8,7.4(25),1,839,88.6,0,10,0,11,14.8,17.8,8,1955-01,NA,NA,NA,NA,NA,NA,NA,NA,NA,NA,NA,NA,NA,NA,NA,NA,NA
6155A,67.0(16),2,6.3,1,9.9,22.8(14),16.8,0,31/18.1(26),5,58,0,10,4.0(21),2,909,163.3,1,10,0,10.6,13.6,17.2,9,1955-02,NA,NA,NA,NA,NA,NA,NA,NA,NA,NA,NA,NA,NA,NA,NA,NA,NA
6155A,71.0(11),2,5.9,3,9.2,25.0(28),16.8,0,13/18.9(11),3,49,0,8,0.4(11),2,1166,139.7,2,9,0,11.4,13.5,17.8,6,1955-03,NA,NA,NA,NA,NA,NA,NA,NA,NA,NA,NA,NA,NA,NA,NA,NA,NA
6155A,45.0(23),0,9.1,0,12,27.8(15),16,0,31/11.1(07),1,69,0,3,7.8(06),1,979,50.6,2,9,0,17.6,16.5,21,3,1955-04,NA,NA,NA,NA,NA,NA,NA,NA,NA,NA,NA,NA,NA,NA,NA,NA,NA
6155A,2.3(25),1,9.3,0,16.7,33.2(15),21,5,13/8.1(20),0,66,0,1,11.0(02),0,1348,2.3,0,10,0,20.8,21.2,25.6,1,1955-05,NA,NA,NA,NA,NA,NA,NA,NA,NA,NA,NA,NA,NA,NA,NA,NA,NA
6155A,2.5(06),1,11.2,0,18.2,31.0(19),20.4,6,31/15.0(20),0,76,0,2,15.0(11),0,1905,4.6,2,10,0,24,23,27.7,2,1955-06,NA,NA,NA,NA,NA,NA,NA,NA,NA,NA,NA,NA,NA,NA,NA,NA,NA
6155A,1.2(03),1,10.8,0,20.9,39.0(04),25,19,18/13.9(01),0,75,0,2,18.0(01),0,1870,1.4,1,11,0,25.5,26.2,31.5,1,1955-07,NA,NA,NA,NA,NA,NA,NA,NA,NA,NA,NA,NA,NA,NA,NA,NA,NA
6155A,0.7(27),1,11.4,0,20.7,38.4(06),24.4,12,31/13.9(13),0,84,0,1,15.5(16),0,2729,0.7,2,10,0,25.5,25.5,30.3,0,1955-08,0,1,0,NA,NA,NA,NA,NA,NA,NA,NA,NA,NA,NA,NA,NA,NA
6155A,0.0(--),0,9.4,0,20,40.0(01),25.4,7,18/13.9(01),0,75,0,0,16.0(27),0,2789,0,0,10,0,23,24.2,28.4,0,1955-09,NA,NA,NA,NA,NA,NA,NA,NA,NA,NA,NA,NA,NA,NA,NA,NA,NA
6155A,57.9(29),0,6.6,2,15.1,29.4(08),20,0,13/26.1(29),3,58,1,6,8.6(23),2,956,122.1,4,9,0,17.6,19.3,23.6,6,1955-10,NA,NA,NA,NA,NA,NA,NA,NA,NA,NA,NA,NA,NA,NA,NA,NA,NA
6155A,42.7(11),0,3.7,0,13.7,23.6(06),17,0,09/15.0(17),2,36,0,9,9.0(13),1,1020,78.3,2,10,0,15.4,16.3,19,9,1955-11,NA,NA,NA,NA,NA,NA,NA,NA,NA,NA,NA,NA,NA,NA,NA,NA,NA
6155A,0.0(--),0,6.5,0,11.3,22.0(13),17.8,0,31/13.9(30),0,66,0,0,7.0(27),0,820,0,0,10,0,14.6,15,18.6,0,1955-12,NA,NA,NA,NA,NA,NA,NA,NA,NA,NA,NA,NA,NA,NA,NA,NA,NA
6155A,71.0(11/mar),8,8,6,15,40.0(01/sep),25.4,49,13/26.1(29/oct),17,64,1,50,0.4(11/mar),9,17330,651.6,16,10,0,10.6,19.1,23.2,45,1955-13,NA,NA,NA,NA,NA,NA,NA,NA,NA,NA,NA,NA,NA,NA,NA,NA,NA
6155A,41.7(18),0,6.1,0,8.1,21.0(25),14,0,31/15.0(09),3,61,0,6,2.8(10),1,835,89.3,0,10,0,12,12.6,17.1,5,1956-01,NA,NA,NA,NA,NA,NA,NA,NA,NA,NA,NA,NA,NA,NA,NA,NA,NA
6155A,16.2(15),0,6.9,1,4.6,18.0(27),11,0,13/16.1(16),3,63,0,4,0.4(14),0,868,40.6,0,16,0,7.4,8.9,13.2,4,1956-02,NA,NA,NA,NA,NA,NA,NA,NA,NA,NA,NA,NA,NA,NA,NA,NA,NA
6155A,36.5(31),1,5.6,0,8.7,24.5(02),12.5,0,27/10.0(23),3,47,0,12,4.4(22),1,691,128.8,0,9,0,12,13.3,17.8,12,1956-03,0,12,0,NA,NA,NA,NA,NA,NA,NA,NA,NA,NA,NA,NA,NA,NA
6155A,37.0(21),0,7,0,10.4,27.8(17),15,0,18/10.0(14),2,53,0,10,6.2(28),1,654,78.6,2,9,0,14.5,14.8,19.2,9,1956-04,NA,NA,NA,NA,NA,NA,NA,NA,NA,NA,NA,NA,NA,NA,NA,NA,NA
6155A,6.3(21),2,11.2,0,12.7,30.0(24),17.4,2,18/11.9(20),0,79,0,1,8.2(02),0,1169,6.3,0,9,0,19,18.5,24.2,1,1956-05,NA,NA,NA,NA,NA,NA,NA,NA,NA,NA,NA,NA,NA,NA,NA,NA,NA
6155A,0.0(--),0,11.2,0,16.4,35.0(07),20.4,5,13/10.0(03),0,76,0,0,13.0(10),0,1308,0,0,10,0,22,21.4,26.3,0,1956-06,NA,NA,NA,NA,NA,NA,NA,NA,NA,NA,NA,NA,NA,NA,NA,NA,NA
6155A,8.5(21),1,12.3,0,19.2,39.6(28),25.8,15,31/10.0(01),0,85,0,2,10.0(18),0,1794,11.3,0,13,0,20.8,24.8,30.5,2,1956-07,0,2,0,NA,NA,NA,NA,NA,NA,NA,NA,NA,NA,NA,NA,NA,NA
6155A,9.0(05),1,10.9,0,NA,NA,NA,NA,31/11.1(03),0,81,0,1,NA,0,1613,9,0,12,NA,NA,NA,NA,1,1956-08,0,1,0,NA,NA,NA,NA,NA,NA,NA,NA,NA,NA,NA,NA,NA,NA
6155A,25.3(24),2,8.7,0,17.1,31.6(06),20.4,2,31/8.1(01),1,70,0,3,13.0(28),0,1185,35.1,2,8,0,20.6,21.8,26.5,3,1956-09,NA,NA,NA,NA,NA,NA,NA,NA,NA,NA,NA,NA,NA,NA,NA,NA,NA
6155A,10.0(14),0,7.6,0,15.1,27.0(04),19.4,0,13/8.9(12),1,68,0,3,7.0(30),0,632,18.8,1,8,0,18.8,19.1,23.1,2,1956-10,NA,NA,NA,NA,NA,NA,NA,NA,NA,NA,NA,NA,NA,NA,NA,NA,NA
6155A,104.4(16),0,7.2,0,10.2,24.0(03),15.4,0,31/11.9(29),3,70,0,7,5.8(20),1,913,159.5,2,13,0,12,14.4,18.5,7,1956-11,NA,NA,NA,NA,NA,NA,NA,NA,NA,NA,NA,NA,NA,NA,NA,NA,NA
6155A,13.0(20),0,6.6,0,6.4,19.8(26),11.4,0,31/11.9(24),1,68,0,1,2.0(03),0,622,13,0,9,0,13.6,11.2,16.1,1,1956-12,NA,NA,NA,NA,NA,NA,NA,NA,NA,NA,NA,NA,NA,NA,NA,NA,NA
6155A,104.4(16/nov),7,8.4,1,NA,NA,NA,NA,13/16.1(16/feb),17,68,0,50,NA,4,12284,590.3,7,11,NA,NA,NA,NA,47,1956-13,NA,NA,NA,NA,NA,NA,NA,NA,NA,NA,NA,NA,NA,NA,NA,NA,NA
6155A,33.2(20),0,6.4,0,5.7,20.0(07),12,0,31/11.9(26),3,64,0,5,0.0(17),1,624,67.7,3,11,1,4.6,10.2,14.7,5,1957-01,NA,NA,NA,NA,NA,NA,NA,NA,NA,NA,NA,NA,NA,NA,NA,NA,NA
6155A,5.4(16),0,8.2,1,8.6,23.2(23),14,0,22/20.0(17),0,75,0,4,3.4(02),0,568,13.5,0,11,0,13.4,13.7,18.7,4,1957-02,NA,NA,NA,NA,NA,NA,NA,NA,NA,NA,NA,NA,NA,NA,NA,NA,NA
6155A,6.6(12),3,6.6,0,10.8,29.0(17),16.2,0,13/10.0(03),0,55,0,4,7.2(08),0,916,14.4,0,11,0,14.8,15.8,20.7,4,1957-03,0,4,0,330,NA,NA,NA,NA,NA,NA,NA,NA,NA,NA,NA,NA,NA
6155A,24.0(08),0,6,0,10.9,25.6(02),14.4,0,13/8.9(05),4,45,0,10,5.8(15),0,800,90.1,0,12,0,13.8,15.1,19.3,7,1957-04,NA,NA,NA,NA,NA,NA,NA,NA,NA,NA,NA,NA,NA,NA,NA,NA,NA
6155A,20.0(26),0,9.3,0,13.6,33.0(19),18.4,1,31/8.9(12),2,65,0,3,8.0(02),0,910,41.8,1,10,0,15,18.1,22.5,3,1957-05,NA,NA,NA,NA,NA,NA,NA,NA,NA,NA,NA,NA,NA,NA,NA,NA,NA
6155A,2.9(09),0,11,0,16.6,33.0(21),21.4,6,31/8.1(10),0,75,0,2,13.0(02),0,1289,3.4,0,11,0,21,21.6,26.6,1,1957-06,NA,NA,NA,NA,NA,NA,NA,NA,NA,NA,NA,NA,NA,NA,NA,NA,NA
6155A,0.0(--),3,11.9,0,20.4,40.2(10),25.8,9,09/8.9(11),0,83,0,0,17.0(01),0,1153,0,0,11,0,25.4,24.8,29.2,0,1957-07,0,0,0,291,NA,NA,NA,NA,NA,NA,NA,NA,NA,NA,NA,NA,NA
6155A,0.0(--),1,10.8,0,21.5,37.8(23),25.4,14,27/8.3(13),0,79,0,0,18.2(23),0,1098,0,0,10,0,27.2,26.1,30.6,0,1957-08,0,0,0,288,NA,NA,NA,NA,NA,NA,NA,NA,NA,NA,NA,NA,NA
6155A,313.0(27),0,8.9,0,20.1,35.0(26),24.6,4,31/11.9(27),1,71,0,3,16.8(19),1,691,316.5,2,10,0,24.6,24,27.9,3,1957-09,NA,NA,NA,NA,NA,NA,NA,NA,NA,NA,NA,NA,NA,NA,NA,NA,NA
6155A,12.5(12),1,6.7,0,14.6,28.0(05),18.2,0,31/10.0(02),1,59,0,4,9.8(29),0,554,29.8,3,8,0,19.8,18.4,22.2,4,1957-10,NA,NA,NA,265,NA,NA,NA,NA,NA,NA,NA,NA,NA,NA,NA,NA,NA
6155A,22.0(23),1,6.8,1,10.4,24.2(02),16,0,31/20.0(09),1,66,0,6,6.2(12),0,540,50.7,0,10,0,13.8,14.5,18.6,6,1957-11,NA,NA,NA,NA,NA,NA,NA,NA,NA,NA,NA,NA,NA,NA,NA,NA,NA
6155A,20.7(11),0,5.5,0,7.6,20.2(08),13,0,31/11.9(18),2,56,0,9,2.4(27),0,487,49.9,1,11,0,11.6,11.4,15.2,9,1957-12,NA,NA,NA,NA,NA,NA,NA,NA,NA,NA,NA,NA,NA,NA,NA,NA,NA
6155A,313.0(27/sep),9,8.2,2,13.4,40.2(10/jul),25.8,34,22/20.0(17/feb),14,66,0,50,0.0(17/ene),2,9630,677.8,10,11,1,4.6,17.8,22.2,46,1957-13,NA,NA,NA,NA,NA,NA,NA,NA,NA,NA,NA,NA,NA,NA,NA,NA,NA
6155A,15.0(01),3,6.1,0,7.8,22.2(07),13.4,0,31/13.9(12),1,61,0,4,1.0(15),0,690,19.3,0,12,0,12.4,11.9,16.1,4,1958-01,NA,NA,NA,NA,NA,NA,NA,NA,NA,NA,NA,NA,NA,NA,NA,NA,NA
6155A,11.4(19),0,5.4,NA,10.6,23.0(18),16.2,0,NA,1,50,NA,3,3.2(27),0,423,12.9,0,10,0,13.8,14.4,18.3,2,1958-02,NA,NA,NA,NA,NA,NA,NA,NA,NA,NA,NA,NA,NA,NA,NA,NA,NA
6155A,27.0(24),0,7.5,2,10.2,28.6(15),18,0,31/18.1(08),2,63,0,4,3.6(13),0,147,57.2,0,14,0,15,15.4,20.6,4,1958-03,NA,NA,NA,NA,NA,NA,NA,NA,NA,NA,NA,NA,NA,NA,NA,NA,NA
6155A,18.0(12),3,8.6,0,10.9,27.6(24),16,0,31/11.9(16),1,65,0,3,4.0(14),0,828,27.5,2,11,0,13,15.8,20.7,3,1958-04,NA,NA,NA,NA,NA,NA,NA,NA,NA,NA,NA,NA,NA,NA,NA,NA,NA
6155A,2.5(13),0,NA,0,15.2,33.0(21),20,6,22/13.1(11),0,NA,0,2,11.8(03),0,1881,4.5,0,12,0,19.8,20.7,26.2,2,1958-05,NA,NA,NA,NA,NA,NA,NA,NA,NA,NA,NA,NA,NA,NA,NA,NA,NA
6155A,0.0(--),2,11.3,0,18.2,34.6(27),22.6,11,20/11.9(08),0,77,0,0,14.0(01),0,1175,0,0,13,0,23,23.1,28,0,1958-06,NA,NA,NA,NA,NA,NA,NA,NA,NA,NA,NA,NA,NA,NA,NA,NA,NA
6155A,0.0(--),4,12.2,0,18.9,36.6(22),22.6,8,31/8.9(15),0,85,0,0,16.0(07),0,1352,0,0,11,0,23.2,23.5,28.1,0,1958-07,0,0,0,NA,NA,NA,NA,NA,NA,NA,NA,NA,NA,NA,NA,NA,NA
6155A,0.0(--),2,10.1,0,20.6,41.0(11),24.4,12,31/8.9(19),0,74,0,0,17.0(23),0,1514,0,0,11,0,24,25.1,29.6,0,1958-08,NA,NA,NA,NA,NA,NA,NA,NA,NA,NA,NA,NA,NA,NA,NA,NA,NA
6155A,0.0(--),2,8.5,0,18.9,34.2(26),22.6,3,27/6.9(04),0,68,0,0,15.0(02),0,1173,0,0,7,0,22,23.1,27.4,0,1958-09,NA,NA,NA,NA,NA,NA,NA,NA,NA,NA,NA,NA,NA,NA,NA,NA,NA
6155A,11.7(30),3,NA,0,14.6,31.2(02),18.2,1,13/8.1(20),1,NA,0,2,10.0(26),0,1197,16.4,0,11,0,20,18.9,23.3,2,1958-10,0,3,0,NA,NA,NA,NA,NA,NA,NA,NA,NA,NA,NA,NA,NA,NA
6155A,30.0(10),1,5.7,0,11.1,23.0(02),16.2,0,13/8.1(21),2,55,0,5,6.2(16),1,877,65.3,2,8,0,14.2,14.8,18.5,5,1958-11,NA,NA,NA,NA,NA,NA,NA,NA,NA,NA,NA,NA,NA,NA,NA,NA,NA
6155A,60.9(21),0,3.9,2,10.5,22.4(15),15.6,0,22/25.0(22),10,40,0,13,6.0(10),3,709,271.4,1,10,0,13.2,13.6,16.7,13,1958-12,NA,NA,NA,NA,NA,NA,NA,NA,NA,NA,NA,NA,NA,NA,NA,NA,NA
6155A,60.9(21/dic),20,NA,NA,14,41.0(11/ago),24.4,41,NA,18,NA,NA,36,1.0(15/ene),4,11966,474.5,5,11,0,12.4,18.4,22.8,35,1958-13,NA,NA,NA,NA,NA,NA,NA,NA,NA,NA,NA,NA,NA,NA,NA,NA,NA
6155A,90.0(01),0,5,0,10,22.8(09),14.6,0,18/8.9(27),4,50,0,8,5.0(20),3,681,192.3,1,9,0,12.6,13.1,16.3,8,1959-01,NA,NA,NA,NA,NA,NA,NA,NA,NA,NA,NA,NA,NA,NA,NA,NA,NA
6155A,18.7(06),0,6.1,0,8.3,17.8(24),12.2,0,13/10.0(16),2,56,0,7,3.0(23),0,822,49,2,12,0,10,11.9,15.4,7,1959-02,NA,NA,NA,NA,NA,NA,NA,NA,NA,NA,NA,NA,NA,NA,NA,NA,NA
6155A,9.0(01),1,5.5,1,11.4,27.0(31),15.8,0,31/18.1(13),0,46,0,7,7.0(14),0,897,30.8,0,12,0,14,15.3,19.1,7,1959-03,NA,NA,NA,NA,NA,NA,NA,NA,NA,NA,NA,NA,NA,NA,NA,NA,NA
6155A,4.0(08),0,NA,0,11.4,29.8(19),16.4,0,31/8.1(11),0,NA,0,2,7.0(21),0,1723,7.6,1,12,0,15.6,16.6,21.7,2,1959-04,NA,NA,NA,NA,NA,NA,NA,NA,NA,NA,NA,NA,NA,NA,NA,NA,NA
6155A,35.0(06),0,8.9,0,14.2,30.0(31),18.4,1,31/11.9(24),3,63,0,8,9.0(02),1,774,79.8,4,9,0,16,18.4,22.6,8,1959-05,NA,NA,NA,NA,NA,NA,NA,NA,NA,NA,NA,NA,NA,NA,NA,NA,NA
6155A,0.0(--),2,12,0,17.5,39.0(29),23,7,18/6.1(03),0,82,0,0,14.5(08),0,1517,0,0,11,0,22.4,22.6,27.7,0,1959-06,0,0,0,NA,NA,NA,NA,NA,NA,NA,NA,NA,NA,NA,NA,NA,NA
6155A,0.0(--),0,10.5,0,20.6,41.4(29),27.4,9,31/8.1(23),0,73,0,0,18.2(03),0,1345,0,1,11,0,24.8,24.9,29.3,0,1959-07,NA,NA,NA,NA,NA,NA,NA,NA,NA,NA,NA,NA,NA,NA,NA,NA,NA
6155A,2.5(28),2,11.4,0,21,37.8(10),24.2,7,13/6.9(26),0,84,0,1,17.8(14),0,1002,2.5,0,11,0,26,24.9,28.9,1,1959-08,NA,NA,NA,NA,NA,NA,NA,NA,NA,NA,NA,NA,NA,NA,NA,NA,NA
6155A,17.0(28),0,8.8,0,19.4,36.0(17),23.4,10,13/8.1(09),1,71,0,3,13.0(04),0,1148,25.3,5,11,0,24.4,23.7,28.1,3,1959-09,NA,NA,NA,NA,NA,NA,NA,NA,NA,NA,NA,NA,NA,NA,NA,NA,NA
6155A,38.3(04),1,6.7,0,15.8,28.4(19),20.2,0,31/10.0(10),2,60,0,6,8.6(30),1,1072,73.4,2,12,0,18.2,19.4,23,6,1959-10,NA,NA,NA,NA,NA,NA,NA,NA,NA,NA,NA,NA,NA,NA,NA,NA,NA
6155A,27.5(16),0,5.9,0,11.7,27.0(03),14.8,0,13/15.0(17),1,57,0,3,7.4(16),0,648,37.5,0,11,0,14.8,15.6,19.6,3,1959-11,NA,NA,NA,NA,NA,NA,NA,NA,NA,NA,NA,NA,NA,NA,NA,NA,NA
6155A,16.8(09),0,6.4,1,9.9,22.0(27),15,0,31/30.0(01),1,66,1,3,6.0(14),0,762,23.5,0,16,0,11.8,13.8,17.7,3,1959-12,NA,NA,NA,NA,NA,NA,NA,NA,NA,NA,NA,NA,NA,NA,NA,NA,NA
6155A,90.0(01/ene),6,NA,2,14.3,41.4(29/jul),27.4,34,31/30.0(01/dic),14,NA,1,48,3.0(23/feb),5,12391,521.7,16,11,0,10,18.4,22.5,48,1959-13,NA,NA,NA,NA,NA,NA,NA,NA,NA,NA,NA,NA,NA,NA,NA,NA,NA
6155A,45.0(26),1,6.2,1,7.3,23.0(02),14,0,31/21.9(11),2,62,0,4,2.4(12),1,890,84,0,13,0,10,11.8,16.2,4,1960-01,NA,NA,NA,NA,NA,NA,NA,NA,NA,NA,NA,NA,NA,NA,NA,NA,NA
6155A,50.0(10),0,6.3,0,9,23.8(29),13,0,31/10.0(29),5,58,0,11,1.4(09),1,650,142.9,0,10,0,11.4,13.2,17.4,10,1960-02,NA,NA,NA,NA,NA,NA,NA,NA,NA,NA,NA,NA,NA,NA,NA,NA,NA
6155A,20.4(12),0,6.2,0,10.6,25.0(02),15.2,0,31/13.9(06),6,52,0,12,7.2(11),0,893,104.6,1,12,0,13.8,14.8,19.1,11,1960-03,NA,NA,NA,NA,NA,NA,NA,NA,NA,NA,NA,NA,NA,NA,NA,NA,NA
6155A,45.5(28),0,9,0,11.5,30.8(11),16.4,1,31/10.0(11),1,68,0,4,7.0(22),1,945,60.6,0,13,0,13.8,16.7,22,4,1960-04,NA,NA,NA,NA,NA,NA,NA,NA,NA,NA,NA,NA,NA,NA,NA,NA,NA
6155A,24.0(01),1,10.7,0,14.7,32.0(06),18.6,1,15/11.1(31),1,76,0,4,9.8(03),0,1220,35.1,0,12,0,16.8,19.9,25,3,1960-05,0,4,0,NA,NA,NA,NA,NA,NA,NA,NA,NA,NA,NA,NA,NA,NA
6155A,9.0(06),0,11.5,0,18.9,34.8(13),23.2,5,18/11.1(29),0,79,0,3,12.6(04),0,926,18.1,2,11,0,23.3,23.1,27.3,3,1960-06,NA,NA,NA,NA,NA,NA,NA,NA,NA,NA,NA,NA,NA,NA,NA,NA,NA
6155A,0.0(--),1,12.6,0,20.8,35.6(11),24,14,31/8.1(03),0,87,0,0,16.4(07),0,898,0,0,11,0,26,25.5,30.1,0,1960-07,0,0,0,NA,NA,NA,NA,NA,NA,NA,NA,NA,NA,NA,NA,NA,NA
6155A,0.0(--),2,11.6,0,20.2,35.6(25),24.2,11,31/8.1(12),0,86,0,0,16.0(20),0,810,0,0,11,0,25.8,24.9,29.7,0,1960-08,NA,NA,NA,NA,NA,NA,NA,NA,NA,NA,NA,NA,NA,NA,NA,NA,NA
6155A,0.0(--),0,10.2,0,18,34.8(04),23,3,31/8.1(04),0,82,0,0,13.8(30),0,751,0,0,11,0,25,22.7,27.3,0,1960-09,NA,NA,NA,NA,NA,NA,NA,NA,NA,NA,NA,NA,NA,NA,NA,NA,NA
6155A,60.0(27),0,6.8,0,13.1,26.4(14),17,0,31/11.1(09),6,60,0,10,8.8(20),1,463,167.6,0,10,0,16.4,17.4,21.7,10,1960-10,NA,NA,NA,NA,NA,NA,NA,NA,NA,NA,NA,NA,NA,NA,NA,NA,NA
6155A,7.1(07),4,5.8,0,12.4,24.0(25),16.6,0,31/8.9(28),0,57,0,6,8.0(15),0,655,31.6,0,11,0,15.4,16.2,20,6,1960-11,NA,NA,NA,NA,NA,NA,NA,NA,NA,NA,NA,NA,NA,NA,NA,NA,NA
6155A,6.0(07),0,6.2,1,7.4,21.0(05),14,0,22/16.1(07),0,64,0,7,3.5(24),0,1061,26.5,0,13,0,11.4,11.4,15.4,7,1960-12,NA,NA,NA,NA,NA,NA,NA,NA,NA,NA,NA,NA,NA,NA,NA,NA,NA
6155A,60.0(27/oct),9,8.6,2,13.7,35.6(11/jul),24.2,35,31/21.9(11/ene),21,69,0,61,1.4(09/feb),4,10162,671,3,12,0,10,18.1,22.6,58,1960-13,NA,NA,NA,NA,NA,NA,NA,NA,NA,NA,NA,NA,NA,NA,NA,NA,NA
6155A,0.0(--),3,6.2,0,8.3,25.0(28),14,0,27/10.0(08),0,61,0,0,3.6(16),0,990,0,0,12,0,13,12.5,16.7,0,1961-01,NA,NA,NA,NA,5,1027.9(29),1019.6,0,9,17,0,0,1007.9(22),66,1020.5,94,NA
6155A,0.0(--),5,6,0,8.3,30.0(07),15,1,14/11.1(16),0,56,0,0,4.4(11),0,527,0,0,9,0,13,13.8,19.4,0,1961-02,NA,NA,NA,NA,6,1033.2(10),1025.4,0,10,12,4,0,1017.2(23),82,1026.2,124,NA
6155A,35.0(21),1,7.6,0,7.9,22.6(16),14,0,14/11.9(21),2,63,0,4,3.6(11),1,716,51,0,9,0,14.4,12.8,17.7,4,1961-03,NA,NA,NA,NA,7,1032.7(06),1021.3,0,11,13,0,0,1003.9(19),82,1022.1,121,NA
6155A,43.0(06),0,10.5,0,12.4,29.0(21),17,0,32/10.6(23),1,80,0,1,7.8(02),1,1176,43,0,11,0,17,18,23.5,1,1961-04,NA,NA,NA,NA,4,1018.8(30),1012.6,0,3,20,0,0,1003.5(07),68,1013.5,139,NA
6155A,20.0(30),0,10.7,0,14.9,34.8(17),21.8,4,23/6.9(30),1,76,0,4,9.0(04),0,NA,33.3,1,11,0,16.6,20.6,26.2,4,1961-05,NA,NA,NA,NA,6,1021.2(13),1012.6,0,10,15,0,0,999.7(31),61,1013.5,146,NA
6155A,0.0(--),1,11.7,0,NA,NA,NA,NA,14/10.0(23),0,80,0,0,NA,0,NA,0,1,11,NA,NA,NA,NA,0,1961-06,NA,NA,NA,NA,0,1020.2(21),1014.7,0,12,18,0,0,1008.7(01),NA,NA,NA,NA
6155A,0.0(--),3,12,0,NA,NA,NA,NA,32/9.4(13),0,83,0,0,NA,0,NA,0,0,10,NA,NA,NA,NA,0,1961-07,0,0,0,NA,1,1022.6(09),1015.4,0,23,7,0,0,1007.9(20),NA,NA,NA,NA
6155A,0.0(--),0,11.3,0,NA,NA,NA,NA,18/6.1(07),0,83,0,0,NA,0,NA,0,0,10,NA,NA,NA,NA,0,1961-08,0,0,0,NA,2,1023.6(27),1016.5,0,12,17,0,0,1004.7(06),NA,NA,NA,NA
6155A,6.0(29),0,9,0,NA,NA,NA,NA,32/6.9(30),0,72,0,1,NA,0,NA,6,0,9,NA,NA,NA,NA,1,1961-09,NA,NA,NA,NA,5,1021.8(26),1015.7,0,8,17,0,0,1006.5(03),NA,NA,NA,NA
6155A,2.5(30),0,7.2,0,NA,NA,NA,NA,32/15.0(01),0,64,0,2,NA,0,NA,3.7,0,11,NA,NA,NA,NA,2,1961-10,NA,NA,NA,NA,3,1024.3(24),1016.5,0,9,19,0,0,1005.3(18),NA,NA,NA,NA
6155A,49.0(19),0,5,0,NA,NA,NA,NA,32/11.7(12),9,48,0,12,NA,3,NA,260.1,0,9,NA,NA,NA,NA,12,1961-11,NA,NA,NA,NA,15,1024.7(30),1011.4,0,5,10,5,0,1000.5(28),NA,NA,NA,NA
6155A,73.1(25),3,4.7,0,10.4,23.6(10),14.8,0,32/15.0(02),4,48,0,9,6.0(14),2,NA,171,2,10,0,13.6,14.1,17.7,8,1961-12,NA,NA,NA,NA,NA,1026.4(14),1017.7,0,NA,NA,0,0,998.9(26),NA,NA,NA,NA
6155A,73.1(25/dic),16,8.5,0,NA,NA,NA,NA,32/15.0(01/oct),17,68,0,33,NA,7,NA,568.1,4,10,NA,NA,NA,NA,32,1961-13,NA,NA,NA,NA,NA,1033.2(10/feb),1016.6,0,NA,NA,9,0,998.9(26/dic),NA,NA,NA,NA
6155A,15.0(17),1,6.3,0,NA,NA,NA,NA,32/7.5(13),1,63,0,4,NA,0,NA,26,1,10,NA,NA,NA,NA,4,1962-01,NA,NA,NA,NA,6,1031.6(21),1021.8,0,10,15,1,0,1005.3(02),NA,NA,NA,NA
6155A,13.3(24),1,7.5,0,NA,NA,NA,NA,32/11.1(14),1,69,0,3,NA,0,NA,18,0,13,NA,NA,NA,NA,3,1962-02,NA,NA,NA,NA,4,1037.8(16),1021.5,0,10,14,1,0,1003.9(27),NA,NA,NA,NA
6155A,77.2(19),0,4.6,0,10.4,25.0(29),16,0,14/13.6(18),7,38,0,10,5.0(26),1,NA,186.9,1,13,0,13.2,14.4,18.3,9,1962-03,NA,NA,NA,NA,13,1023.2(27),1010.5,0,2,16,0,0,995.4(04),NA,NA,NA,NA
6155A,18.7(16),0,7.2,0,NA,NA,NA,NA,32/12.5(05),2,55,0,7,NA,0,NA,50.7,0,12,NA,NA,NA,NA,7,1962-04,NA,NA,NA,NA,7,1027.4(10),1014.9,0,3,20,0,0,998.2(17),NA,NA,NA,NA
6155A,33.5(18),1,8.2,0,NA,NA,NA,NA,18/8.9(21),1,58,0,3,NA,1,NA,40.5,1,11,NA,NA,NA,NA,3,1962-05,NA,NA,NA,NA,4,1023.5(15),1015.7,0,7,20,0,0,1003.9(26),NA,NA,NA,NA
6155A,3.9(12),1,11,0,NA,NA,NA,NA,23/9.4(12),0,75,0,1,NA,0,NA,3.9,0,11,NA,NA,NA,NA,1,1962-06,0,1,0,NA,2,1025.6(05),1017,0,16,12,0,0,1008.7(12),NA,NA,NA,NA
6155A,0.0(--),4,11.2,0,21.4,39.0(04),28.8,12,18/6.1(17),0,78,0,0,17.4(08),0,NA,0,0,10,0,25.4,25.7,30,0,1962-07,0,0,0,NA,0,1022.2(02),1014.4,0,16,15,1,0,1005.5(04),NA,NA,NA,NA
6155A,0.0(--),2,11.7,0,NA,NA,NA,NA,18/6.4(13),0,86,0,0,NA,0,NA,0,0,11,NA,NA,NA,NA,0,1962-08,0,0,0,NA,0,1023.9(27),1016.1,0,22,9,0,0,1008.5(06),NA,NA,NA,NA
6155A,0.0(--),2,9.6,0,NA,NA,NA,NA,27/8.1(18),0,77,0,0,NA,0,NA,0,0,11,NA,NA,NA,NA,0,1962-09,NA,NA,NA,NA,1,1023.9(23),1015,0,12,17,0,0,1005.3(19),NA,NA,NA,NA
6155A,26.2(15),0,5.5,0,NA,NA,NA,NA,32/8.6(31),3,49,0,10,NA,0,NA,94.9,2,8,NA,NA,NA,NA,10,1962-10,NA,NA,NA,NA,13,1023.4(24),1015.3,0,4,14,2,0,1003.1(14),NA,NA,NA,NA
6155A,40.5(06),0,4.8,0,NA,NA,NA,NA,32/8.6(19),3,47,0,6,NA,1,NA,88.6,1,11,NA,NA,NA,NA,5,1962-11,NA,NA,NA,NA,5,1025.2(26),1013.6,0,5,20,2,0,994.6(07),NA,NA,NA,NA
6155A,97.2(27),0,4.2,0,9.4,21.0(11),14.8,0,32/10.6(17),7,43,0,12,4.2(13),2,NA,274.4,2,13,0,7.6,12.6,15.8,12,1962-12,NA,NA,NA,NA,NA,1033.5(09),1017.7,0,NA,NA,11,0,999.0(29),NA,NA,NA,NA
6155A,97.2(27/dic),12,7.7,0,NA,NA,NA,NA,14/13.6(18/mar),25,62,0,56,NA,5,NA,783.9,8,11,NA,NA,NA,NA,54,1962-13,NA,NA,NA,NA,NA,1037.8(16/feb),1016.1,0,NA,NA,18,0,994.6(07/nov),NA,NA,NA,NA
6155A,68.7(01),2,1.8,2,9.4,18.2(09),14,0,14/30.6(24),7,18,2,13,1.8(30),3,NA,222.7,0,15,0,11.6,12.2,15,13,1963-01,NA,NA,NA,NA,20,1029.2(26),1013,0,2,9,3,0,995.7(18),NA,NA,NA,NA
6155A,39.4(06),2,5,0,NA,NA,NA,NA,32/8.6(07),3,46,0,9,NA,1,NA,98.2,0,11,NA,NA,NA,NA,9,1963-02,NA,NA,NA,NA,9,1023.6(14),1012.5,0,3,16,1,0,997.8(07),NA,NA,NA,NA
6155A,38.5(01),1,8.2,0,NA,NA,NA,NA,14/11.1(01),2,68,0,3,NA,1,NA,53.9,1,13,NA,NA,NA,NA,3,1963-03,0,4,0,NA,5,1030.8(06),1020.6,0,6,20,1,0,1011.9(22),NA,NA,NA,NA
6155A,26.0(13),2,7.1,0,NA,NA,NA,NA,14/6.9(10),3,54,0,5,NA,0,NA,54.7,0,10,NA,NA,NA,NA,5,1963-04,NA,NA,NA,NA,9,1021.8(14),1012.6,0,4,17,3,0,997.3(09),NA,NA,NA,NA
6155A,19.8(27),4,8.6,0,14.7,32.0(09),20,2,23/8.1(30),2,60,0,3,11.0(02),0,909,40,0,10,0,17,18.8,22.9,3,1963-05,NA,NA,NA,NA,5,1025.6(09),1014.9,0,6,20,3,0,1003.9(03),66,1015.8,143,NA
6155A,7.0(03),0,10.4,0,18.1,32.0(19),21.6,3,23/6.9(03),0,71,0,2,13.2(08),0,1175,7.5,0,10,0,21.6,22.6,27,1,1963-06,0,2,0,NA,3,1018.0(08),1014,0,10,17,1,0,1007.9(01),59,1014.8,163,NA
6155A,0.0(--),1,11.7,0,NA,NA,NA,NA,18/6.9(01),0,81,0,0,NA,0,1761,0,0,9,NA,NA,NA,NA,0,1963-07,0,0,0,NA,0,1020.7(16),1014.6,0,22,9,1,0,1008.5(17),NA,NA,NA,NA
6155A,0.0(--),1,10.9,0,NA,NA,NA,NA,14/6.9(02),0,80,0,0,NA,0,1889,0,0,11,NA,NA,NA,NA,0,1963-08,0,1,0,NA,0,1019.5(25),1012.8,0,16,15,1,0,1005.9(31),NA,NA,NA,NA
6155A,10.0(12),0,8.6,0,18.2,33.0(01),25,2,32/6.1(11),1,69,0,2,15.0(20),0,1881,19.6,2,8,0,24,22.5,26.9,2,1963-09,NA,NA,NA,NA,2,1024.2(27),1015.1,0,12,16,0,0,1006.1(01),65,1015.9,174,NA
6155A,11.3(31),0,8.4,0,15.4,28.0(05),19,0,32/5.0(02),1,74,0,2,11.0(05),0,1566,13.9,0,8,0,21,19.6,23.7,2,1963-10,NA,NA,NA,NA,2,1026.3(21),1018.8,0,7,22,0,0,1006.5(31),73,1019.7,166,NA
6155A,25.5(04),0,5.4,1,NA,NA,NA,NA,32/26.4(15),3,53,1,7,NA,0,1025,64.8,1,9,NA,NA,NA,NA,7,1963-11,NA,NA,NA,NA,10,1029.1(22),1016.8,0,4,16,2,0,1001.3(05),NA,NA,NA,NA
6155A,38.0(02),2,2.7,0,NA,NA,NA,NA,14/10.6(02),12,28,0,18,NA,3,946,309.6,1,9,NA,NA,NA,NA,15,1963-12,NA,NA,NA,NA,17,1029.1(27),1012.6,0,2,12,6,0,990.6(20),NA,NA,NA,NA
6155A,68.7(01/ene),15,7.4,3,NA,NA,NA,NA,14/30.6(24/ene),34,59,3,64,NA,8,NA,884.9,5,10,NA,NA,NA,NA,60,1963-13,NA,NA,NA,NA,82,1030.8(06/mar),1014.9,0,94,189,22,0,990.6(20/dic),NA,NA,NA,NA
6155A,11.5(10),0,5.2,0,9.7,19.0(02),13.6,0,14/11.9(05),2,52,0,5,5.0(07),0,1231,29.3,0,12,0,12,12.6,15.5,5,1964-01,NA,NA,NA,NA,7,1033.2(22),1024.1,0,7,17,0,0,1015.1(13),NA,NA,NA,NA
6155A,46.5(26),1,4.6,0,9,22.0(23),14,0,32/11.7(16),3,43,0,6,2.8(10),1,1074,81.5,0,9,0,13.2,13.1,17.2,6,1964-02,NA,NA,NA,NA,10,1028.7(08),1017.6,0,4,15,1,0,1001.3(14),NA,NA,NA,NA
6155A,18.0(06),1,5.8,0,10.7,25.0(05),15.4,0,32/10.6(25),4,48,0,10,6.4(17),0,1124,92.3,0,11,0,15,14.8,19,10,1964-03,NA,NA,NA,NA,10,1025.1(16),1013,0,1,20,4,0,999.9(07),NA,NA,NA,NA
6155A,7.0(01),2,6.7,0,9.3,25.0(13),14,0,14/8.1(26),0,50,0,1,5.2(08),0,1327,7,0,10,0,12,14.4,19.5,1,1964-04,NA,NA,NA,NA,3,1026.6(28),1015.4,0,6,21,1,0,1000.7(02),67,1015.6,112,NA
6155A,9.9(31),2,10.7,0,16,32.0(27),21,4,14/8.9(31),0,75,0,1,10.0(05),0,1489,9.9,0,10,0,20.2,20.9,25.8,1,1964-05,0,1,0,NA,1,1023.8(12),1016.3,0,19,11,5,0,1002.7(26),NA,NA,NA,NA
6155A,13.0(21),0,8.2,0,18,35.0(14),21,4,27/8.1(01),1,56,0,3,14.0(06),0,1644,18,2,11,0,22.2,22.6,27.1,3,1964-06,NA,NA,NA,NA,1,1021.2(05),1014,0,9,20,0,0,1004.2(01),NA,NA,NA,NA
6155A,0.0(--),3,11.7,0,20.8,37.0(27),24,18,14/6.9(01),0,81,0,0,18.6(09),0,2388,0,1,11,0,26,25.4,30,0,1964-07,0,0,0,NA,0,1022.8(15),1016.1,0,21,10,5,0,1010.6(27),NA,NA,NA,NA
6155A,0.0(--),0,10.8,0,21.3,37.0(08),24.2,15,32/8.1(13),0,79,0,0,19.0(20),0,1840,0,0,11,0,26.6,25.6,29.9,0,1964-08,0,0,0,NA,0,1020.6(24),1013.6,0,15,16,2,0,1006.6(13),62,1014.4,206,NA
6155A,2.0(20),2,6.1,0,20.7,31.2(01),23,7,14/6.9(04),0,49,0,1,16.6(06),0,1508,2,1,10,0,25.6,24.6,28.5,1,1964-09,NA,NA,NA,NA,6,1021.8(19),1016.9,1,3,21,0,0,1009.3(03),NA,NA,NA,NA
6155A,6.0(29),1,7.9,0,14.5,30.8(07),21,1,32/12.5(12),0,70,0,1,7.0(26),0,1656,6,0,13,0,17.2,19.1,23.7,1,1964-10,NA,NA,NA,NA,0,1026.6(17),1017.6,1,11,20,0,0,1009.3(24),62,1018.4,140,NA
6155A,36.0(05),2,5.1,0,11.2,24.0(11),15.6,0,32/8.1(29),2,50,0,4,7.0(19),1,1434,62.7,0,11,0,14,14.9,18.6,4,1964-11,NA,NA,NA,NA,5,1030.0(25),1019.8,0,7,18,9,0,1000.6(05),NA,NA,NA,NA
6155A,34.5(20),0,4.6,0,7.6,20.0(07),12,0,14/12.5(23),3,47,0,7,1.6(30),1,1249,97.6,2,15,0,12,11.7,15.7,7,1964-12,NA,NA,NA,NA,8,1029.1(09),1014.5,0,9,14,0,0,995.9(17),NA,NA,NA,NA
6155A,46.5(26/feb),14,7.3,0,14.1,37.0(27/jul),24.2,49,32/12.5(12/oct),15,58,0,39,1.6(30/dic),3,17964,406.3,6,11,0,12,18.3,22.5,39,1964-13,NA,NA,NA,NA,51,1033.2(22/ene),1016.6,2,112,203,27,0,995.9(17/dic),NA,NA,NA,NA
6155A,51.5(27),1,5.2,0,7.9,20.0(02),13,0,32/13.9(21),3,52,0,5,2.0(07),1,1123,93,0,16,0,7.6,11.8,15.6,5,1965-01,NA,NA,NA,NA,5,1030.7(18),1016.7,0,6,20,1,0,999.9(27),NA,NA,NA,NA
6155A,30.0(25),0,4.8,0,NA,NA,NA,NA,14/10.6(07),3,44,0,8,NA,1,803,86.4,0,12,NA,NA,NA,NA,8,1965-02,NA,NA,NA,NA,8,1026.7(13),1017.2,0,5,15,1,0,1006.6(28),NA,1020.2,NA,NA
6155A,24.0(10),2,5.9,0,11.1,28.0(25),17,0,27/10.0(29),3,49,0,6,3.4(08),0,1332,61.1,0,15,0,11,15.3,19.4,6,1965-03,NA,NA,NA,NA,5,1027.6(26),1018.9,0,8,18,2,0,997.7(01),NA,NA,NA,NA
6155A,35.1(02),3,8.2,0,12.5,30.0(27),18,1,32/10.0(28),1,62,0,1,9.4(03),1,1499,35.1,2,14,0,15,17.7,22.9,1,1965-04,NA,NA,NA,NA,4,1024.6(03),1014.6,0,6,20,1,0,1003.9(22),NA,NA,NA,NA
6155A,0.0(--),0,11.5,0,15.6,30.0(09),19,5,14/10.0(20),0,81,0,0,10.4(07),0,1855,0,0,12,0,23,21.1,26.6,0,1965-05,0,0,0,NA,2,1022.6(09),1015.3,0,14,15,0,0,1003.9(30),NA,NA,NA,NA
6155A,10.6(02),3,10.8,0,19,39.0(22),25,10,32/8.9(08),1,73,0,1,15.0(01),0,2053,10.6,0,12,0,21,23.9,28.8,1,1965-06,0,1,0,NA,1,1021.8(19),1015.2,0,14,15,3,0,1007.5(01),55,1016,159,NA
6155A,0.0(--),2,11.7,0,20.6,39.6(23),27.6,15,32/8.1(25),0,81,0,0,17.6(06),0,2600,0,0,13,0,26,25.5,30.5,0,1965-07,0,0,0,NA,0,1021.0(11),1014.2,0,23,8,2,0,1005.3(31),NA,NA,NA,NA
6155A,0.0(--),1,10.9,0,20.6,37.0(01),24,13,23/10.0(07),0,80,0,0,17.0(28),0,1733,0,0,12,0,26,25.2,29.9,0,1965-08,0,0,0,NA,0,1021.2(19),1014.5,0,18,13,1,0,1003.9(22),62,1015.4,197,NA
6155A,28.0(24),0,7.6,0,16.4,34.0(01),21,1,27/6.9(01),3,61,0,3,13.0(29),0,1400,55,0,11,0,20,21.1,25.7,3,1965-09,NA,NA,NA,NA,2,NA,NA,NA,10,18,NA,NA,NA,63,NA,154,NA
6155A,17.0(06),1,4.3,0,15.2,24.0(04),18,0,13/6.9(24),4,38,0,10,13.0(18),0,766,84.5,0,8,0,19,18.4,21.6,10,1965-10,NA,NA,NA,NA,11,1023.2(22),1013.9,0,2,16,0,0,1006.6(04),81,1014.9,169,NA
6155A,23.5(05),0,5.7,0,11.7,23.0(02),14,0,13/8.9(24),2,56,0,7,8.4(15),0,731,65,0,11,0,15.6,15.4,19,7,1965-11,NA,NA,NA,NA,6,1028.8(24),1017.5,0,1,21,0,0,1004.0(20),73,1018.3,126,NA
6155A,22.6(07),0,5.6,0,9.8,21.6(06),15,0,32/10.0(29),1,57,0,2,5.2(19),0,690,28.1,0,14,0,13,13.7,17.5,2,1965-12,NA,NA,NA,NA,NA,1029.3(18),1020.2,0,NA,NA,0,0,1006.6(08),71,1020.8,109,NA
6155A,51.5(27/ene),13,7.7,0,NA,NA,NA,NA,32/13.9(21/ene),21,61,0,43,NA,3,16585,518.8,2,13,NA,NA,NA,NA,43,1965-13,NA,NA,NA,NA,NA,NA,NA,NA,NA,NA,NA,NA,NA,NA,NA,NA,NA
6155A,23.8(14),1,5.3,0,10.2,25.0(20),16,0,13/10.0(06),1,52,0,8,5.0(05),0,538,40.8,0,9,0,15,14.7,19.1,8,1966-01,0,8,0,NA,NA,1028.0(01),1017.6,0,NA,NA,0,0,1008.0(18),75,1018.5,122,NA
6155A,39.2(20),2,6,0,9.4,24.6(07),12.6,0,13/11.9(21),4,55,0,8,7.0(05),1,505,111.2,0,11,0,16,14.6,19.8,8,1966-02,0,9,0,NA,4,NA,NA,NA,2,22,NA,NA,NA,70,NA,116,NA
6155A,4.6(19),0,9.2,0,NA,NA,NA,NA,13/8.9(14),0,77,0,1,NA,0,956,4.6,0,14,NA,NA,NA,NA,1,1966-03,0,2,0,NA,NA,1029.3(01),1020.1,0,NA,NA,0,0,1012.2(12),NA,1021.1,NA,NA
6155A,9.0(12),0,8,0,11.9,30.6(27),16,1,27/10.0(20),0,61,0,3,8.0(23),0,1237,14,0,12,0,16,17.9,23.9,3,1966-04,NA,NA,NA,NA,4,NA,NA,NA,3,22,NA,NA,NA,54,NA,109,NA
6155A,3.2(28),1,9.3,0,14.5,30.4(09),18,1,32/11.9(13),0,66,0,2,10.0(08),0,1496,5.2,0,11,0,20.6,19.3,24.2,2,1966-05,0,2,0,NA,NA,1024.0(07),1016.5,0,NA,NA,0,0,1006.6(11),60,1017.2,136,NA
6155A,8.0(07),0,10.8,0,18.4,36.0(20),22,11,13/7.8(04),0,74,0,1,14.0(10),0,2399,8,0,14,0,24,23.5,28.6,1,1966-06,0,2,0,NA,NA,1024.8(25),1015.5,0,NA,NA,0,0,1009.3(21),50,1016,144,NA
6155A,0.0(--),2,11.3,0,19.8,37.0(15),25.4,8,13/7.8(01),0,79,0,0,16.0(30),0,2732,0,0,13,0,25,24.4,28.9,0,1966-07,0,0,0,NA,NA,1018.6(01),1013.9,0,NA,NA,0,0,1006.6(18),63,1014.7,190,NA
6155A,0.0(--),1,10.7,0,NA,NA,NA,NA,32/7.8(31),0,79,0,0,NA,0,1814,0,0,12,NA,NA,NA,NA,0,1966-08,0,0,0,NA,NA,1018.6(11),1013.8,0,NA,NA,0,0,1008.0(08),NA,1014.6,NA,NA
6155A,52.0(14),2,8.1,0,19.3,30.0(23),21,1,32/7.2(23),2,64,0,5,16.4(28),1,1354,75.1,2,12,0,25,23.1,27,4,1966-09,0,5,0,NA,3,NA,NA,NA,6,19,NA,NA,NA,69,NA,198,NA
6155A,15.0(03),0,7.3,NA,14.5,28.6(06),18.2,0,NA,2,65,NA,2,7.0(30),0,1730,25,0,NA,0,19,18.9,23.3,2,1966-10,0,2,0,NA,NA,1020.5(23),1012.9,0,NA,NA,0,0,999.7(03),61,1013.8,133,NA
6155A,40.1(06),0,7.2,0,8.7,22.6(16),13.6,0,32/11.9(04),1,70,0,4,3.4(28),1,1699,51.1,0,17,0,14,13.3,17.9,4,1966-11,0,4,0,NA,NA,1034.1(27),1020,0,NA,NA,0,0,1000.2(06),62,1020.5,94,NA
6155A,0.0(--),1,7.4,0,8.4,22.0(02),13.6,0,32/15.0(12),0,76,0,0,3.0(25),0,1590,0,0,20,0,14.8,12.9,17.3,0,1966-12,NA,NA,NA,NA,NA,1029.0(30),1020.4,0,NA,NA,1,0,1013.3(01),64,1021.3,94,NA
6155A,52.0(14/sep),10,8.4,NA,NA,NA,NA,NA,NA,10,68,NA,34,NA,3,18050,335,2,NA,NA,NA,NA,NA,33,1966-13,NA,NA,NA,NA,NA,NA,NA,NA,NA,NA,NA,NA,NA,NA,NA,NA,NA
6155A,32.0(31),5,7.1,0,7.5,22.0(05),14,0,14/12.5(10),1,71,0,2,1.0(07),1,1453,36,0,16,0,12.6,11.8,16.1,2,1967-01,0,3,0,NA,4,1031.9(14),1022.3,0,12,15,2,0,1003.9(10),NA,NA,NA,NA
6155A,62.0(13),3,6.5,0,8.7,22.0(21),13.4,0,14/15.0(13),7,59,0,11,4.6(09),1,1250,170.1,1,17,0,12,12.5,16.4,11,1967-02,NA,NA,NA,NA,9,1030.8(28),1018.3,0,7,12,3,0,1002.6(16),NA,NA,NA,NA
6155A,10.0(08),5,7.8,NA,9.6,25.0(27),13,0,NA,1,64,NA,3,5.8(18),0,NA,13,0,18,0,16,14.5,19.3,3,1967-03,0,5,0,NA,7,1033.6(14),1022.1,0,15,9,1,0,1002.7(09),NA,NA,NA,NA
6155A,3.0(07),1,7.6,NA,10.6,28.0(25),16,0,NA,0,58,NA,3,7.0(03),0,1554,5.6,1,17,0,17,15.7,20.8,3,1967-04,0,3,0,NA,5,1025.2(03),1012.8,0,5,20,4,0,999.9(08),NA,NA,NA,NA
6155A,19.0(08),4,10.7,0,14,31.0(22),18,2,23/15.0(14),1,76,0,2,10.6(20),0,1219,22,0,18,0,18.4,18.9,23.8,2,1967-05,0,3,0,NA,3,1023.6(19),1014.9,2,9,19,2,0,1004.5(02),NA,NA,NA,NA
6155A,11.0(18),0,9.6,NA,16.7,33.0(26),22,3,NA,1,66,NA,5,13.0(02),0,1904,21,0,16,0,21,21.2,25.8,5,1967-06,NA,NA,NA,NA,5,1022.6(21),1016.6,0,10,15,4,0,1010.6(08),NA,NA,NA,NA
6155A,0.0(--),6,12.1,0,19.9,37.0(07),24,11,14/9.4(28),0,84,0,0,16.8(01),0,2290,0,0,16,0,24.6,24.7,29.6,0,1967-07,0,0,0,NA,0,1022.4(15),1015.7,0,22,9,4,0,1010.5(22),59,1016.5,189,NA
6155A,0.0(--),1,10.2,0,21.3,39.6(02),27,18,23/8.9(03),0,75,0,0,17.6(11),0,1904,0,0,16,0,25.2,26.2,31.2,0,1967-08,0,0,0,NA,0,1020.0(11),1014.1,0,16,15,2,0,1006.6(08),NA,NA,NA,NA
6155A,0.0(--),2,8.6,NA,18.2,33.0(06),24,11,NA,0,69,NA,0,14.0(28),0,NA,0,0,9,0,21,23,27.8,0,1967-09,NA,NA,NA,NA,NA,1021.9(29),1016,0,NA,NA,2,0,1008.9(13),NA,NA,NA,NA
6155A,26.0(22),2,7.6,NA,16.4,32.0(02),21,6,NA,2,68,NA,5,12.0(31),0,1158,49.3,0,1,0,19.2,20.8,25.2,5,1967-10,NA,NA,NA,NA,6,1026.8(09),1016.9,0,11,12,1,0,1003.8(22),NA,NA,NA,NA
6155A,47.0(15),0,6,NA,12.1,24.0(01),16,0,NA,6,58,NA,11,8.4(28),2,1119,172.3,4,16,0,14.6,15.5,18.9,11,1967-11,1,12,0,NA,7,1025.2(22),1014.5,0,3,20,0,0,1000.3(08),NA,NA,NA,NA
6155A,6.0(24),1,7.5,NA,7.5,21.0(06),12,0,NA,0,77,NA,3,2.4(12),0,1516,11.6,0,20,0,7.6,11.5,15.5,3,1967-12,0,3,0,NA,2,1033.9(22),1019.6,0,13,16,0,0,1000.5(11),NA,NA,NA,NA
6155A,62.0(13/feb),30,8.4,NA,13.5,39.6(02/ago),27,51,NA,19,69,NA,45,1.0(07/ene),4,NA,500.9,6,15,0,7.6,18,22.5,45,1967-13,NA,NA,NA,NA,NA,1033.9(22/dic),1017,2,NA,NA,25,0,999.9(08/abr),NA,NA,NA,NA
6155A,0.6(31),0,8,NA,9.1,26.0(28),13.2,0,NA,0,80,NA,1,4.0(16),0,1576,0.6,0,21,0,13,13.3,17.5,0,1968-01,0,1,0,NA,2,1032.7(14),1023.2,0,16,13,0,0,1016.2(29),NA,NA,NA,NA
6155A,37.4(29),0,4.6,NA,8.7,18.0(07),11,0,NA,8,43,NA,14,4.2(05),1,874,187.7,1,13,0,13,12.3,15.9,14,1968-02,NA,NA,NA,NA,8,1025.0(02),1014,0,1,20,0,0,1002.6(23),NA,NA,NA,NA
6155A,16.0(19),0,5.8,NA,9.7,21.0(28),16,0,NA,1,48,NA,11,3.0(09),0,1702,54.2,0,18,0,12.4,13.6,17.5,10,1968-03,0,12,0,NA,11,1026.0(14),1014.8,0,5,15,0,0,995.8(07),NA,NA,NA,NA
6155A,12.4(05),5,6.5,NA,11.3,28.0(27),15,0,NA,1,49,NA,2,6.8(15),0,1348,14.4,0,18,0,14.6,15.6,19.9,2,1968-04,NA,NA,NA,NA,12,1022.0(25),1014.7,0,1,17,0,0,1006.2(05),NA,NA,NA,NA
6155A,5.0(05),0,11.4,NA,13.4,32.0(25),21,3,NA,0,80,NA,3,7.0(08),0,1859,8.7,0,18,0,18.4,18.8,24.2,3,1968-05,0,6,0,NA,4,1023.4(07),1014.4,0,7,20,0,0,1005.4(09),53,1015.2,117,NA
6155A,2.0(10),0,12.2,NA,17.6,34.0(23),21.8,4,NA,0,83,NA,2,15.0(06),0,1545,2.5,0,18,0,22.4,22.1,26.7,1,1968-06,0,2,0,NA,1,1021.9(29),1015.2,0,15,14,4,0,1009.4(13),NA,NA,NA,NA
6155A,0.0(--),2,11.7,NA,21.1,39.0(02),26,11,NA,0,82,NA,0,18.0(06),0,2005,0,0,17,0,25,25.7,30.3,0,1968-07,0,0,0,NA,0,1021.9(20),1015.4,0,18,13,1,0,1010.7(30),NA,NA,NA,NA
6155A,11.0(27),2,11.9,NA,20.7,38.6(02),28,15,NA,1,88,NA,1,17.0(13),0,2549,11,0,16,0,25.4,25.7,30.7,1,1968-08,0,1,0,NA,1,1019.8(12),1013.5,0,21,9,1,0,1007.9(27),NA,NA,NA,NA
6155A,0.0(--),0,10.9,NA,18.9,35.6(23),26,12,NA,0,88,NA,0,14.0(17),0,2242,0,0,19,0,22.6,23.8,28.7,0,1968-09,0,0,0,NA,0,1024.0(30),1016.8,0,14,16,0,0,1009.0(14),NA,NA,NA,NA
6155A,19.8(31),1,8.2,NA,14.9,29.6(08),18.2,0,NA,1,72,NA,1,12.0(13),0,1267,19.8,0,14,0,21,19.3,23.8,1,1968-10,0,1,0,NA,1,1026.0(21),1019.2,0,10,20,0,0,1009.0(31),73,1020.1,164,NA
6155A,53.0(28),0,5.6,NA,11.9,24.0(06),15.8,0,NA,4,55,NA,6,8.4(12),3,1054,156.1,2,14,0,15,15.4,19,6,1968-11,0,10,0,NA,7,1024.6(24),1012.6,0,2,21,1,0,995.3(15),NA,NA,NA,NA
6155A,30.0(29),1,5.5,NA,9.2,21.4(26),15,0,NA,4,57,NA,9,2.2(30),1,1256,121.2,0,17,0,9,12.8,16.4,9,1968-12,0,10,0,NA,7,1028.4(23),1015,0,8,16,0,0,996.7(07),NA,NA,NA,NA
6155A,53.0(28/nov),11,8.5,NA,13.9,39.0(02/jul),28,45,NA,20,69,NA,50,2.2(30/dic),5,19277,576.2,3,17,0,9,18.2,22.6,47,1968-13,NA,NA,NA,NA,54,1032.7(14/ene),1015.7,0,118,194,7,0,995.3(15/nov),NA,NA,NA,NA
6155A,66.6(09),3,5,NA,9.5,21.0(17),13.2,0,NA,3,50,NA,7,2.0(04),2,1290,126.2,0,18,0,13.4,13.1,16.6,7,1969-01,0,8,0,NA,7,1026.4(27),1016.7,1,1,23,1,0,997.7(14),73,1017.6,111,NA
6155A,151.0(22),0,3.1,NA,8.4,20.6(19),14,0,NA,8,29,NA,17,2.0(16),3,960,415.5,1,21,0,12.8,11.7,15,16,1969-02,0,22,0,NA,14,1023.1(11),1011.4,0,1,13,0,0,997.8(19),75,1012.2,105,NA
6155A,33.6(26),0,6.3,NA,10.3,23.6(18),15.6,0,NA,3,52,NA,8,4.4(04),1,1162,87.1,0,20,0,13.6,14.5,18.6,8,1969-03,0,13,0,NA,6,1021.5(30),1012.5,0,2,23,1,0,1003.4(26),71,1013.3,116,NA
6155A,12.9(05),0,6.9,NA,10.9,29.0(23),16.6,0,NA,2,52,NA,8,5.0(03),0,1275,46.1,3,19,0,14.4,16.1,21.3,8,1969-04,0,10,0,NA,10,1031.9(11),1015.3,0,7,13,0,0,1004.9(28),66,1016.1,120,NA
6155A,38.0(18),0,8.1,NA,14.2,31.6(14),17.8,2,NA,2,58,NA,5,8.6(06),1,1532,63.8,2,18,0,19,19.1,24,5,1969-05,0,9,0,NA,8,1022.2(07),1015,0,1,22,0,0,1007.5(01),61,1015.8,137,NA
6155A,5.2(09),2,10.7,NA,16.3,32.0(16),22.2,3,NA,0,73,NA,2,11.4(01),0,2002,9.7,1,19,0,19,21.3,26.3,2,1969-06,0,3,0,NA,4,1022.4(25),1013.7,0,10,16,0,0,1005.9(09),59,1014.5,148,NA
6155A,0.0(--),0,11.4,NA,19.3,31.8(21),22.8,5,NA,0,79,NA,0,17.0(05),0,1743,0,1,18,0,24.6,23.6,28,0,1969-07,0,1,0,NA,2,1026.7(12),1018.2,0,18,11,0,0,1007.9(01),63,1019,190,NA
6155A,5.5(24),1,10.8,NA,20.5,38.0(15),26.2,10,NA,0,80,NA,2,17.0(23),0,1815,7.1,0,17,0,25.4,25.1,29.6,2,1969-08,0,2,0,NA,1,1018.8(06),1012.5,0,19,11,0,0,1007.0(23),61,1013.3,193,NA
6155A,31.0(01),0,8.7,NA,17.3,30.0(03),20.4,2,NA,2,70,NA,5,13.0(13),1,1307,59.9,0,16,0,21,21.5,25.8,4,1969-09,0,7,0,NA,5,1023.1(23),1014.9,0,6,19,0,0,1007.7(12),NA,NA,NA,NA
6155A,79.0(18),1,5.9,NA,15.3,26.0(14),18.2,0,NA,3,53,NA,7,12.0(27),1,870,135.5,2,14,0,18.4,18.9,22.5,7,1969-10,0,10,0,NA,11,1024.3(26),1015.5,0,5,15,0,0,1000.7(19),79,1016.4,169,NA
6155A,76.0(20),0,4.8,NA,11.3,22.6(06),16.6,0,NA,3,46,NA,11,5.8(15),3,679,178.3,1,17,0,9.6,15,18.7,9,1969-11,0,15,0,NA,14,1023.9(05),1014.5,0,5,11,0,0,1001.1(25),NA,NA,NA,NA
6155A,29.7(30),0,7,NA,8.3,21.0(20),13.8,0,NA,1,72,NA,5,3.4(14),0,1143,42.8,0,25,0,10.6,12.2,16,5,1969-12,0,6,0,NA,5,1027.0(14),1016,0,11,15,0,0,997.3(30),NA,NA,NA,NA
6155A,151.0(22/feb),7,7.4,NA,13.5,38.0(15/ago),26.2,22,NA,27,60,NA,77,2.0(04/ene),12,15778,1172,11,19,0,9.6,17.7,21.9,73,1969-13,0,106,0,NA,87,1031.9(11/abr),1014.7,1,86,192,2,0,997.3(30/dic),NA,NA,NA,NA
6155A,88.1(03),1,3.8,NA,9.5,22.0(04),14,0,NA,10,38,NA,16,4.0(17),6,781,432.3,1,16,0,11.8,13.2,16.9,14,1970-01,0,18,0,NA,16,1024.4(29),1012.3,0,1,14,0,0,994.6(06),NA,NA,NA,NA
6155A,0.8(06),1,9,NA,8.4,22.8(24),12.6,0,NA,0,82,NA,2,3.2(17),0,1208,1.5,0,20,0,15,13.4,18.4,0,1970-02,0,2,0,NA,4,1030.3(19),1019.9,0,15,9,0,0,1010.7(28),NA,NA,NA,NA
6155A,53.8(27),0,7.1,NA,9.1,25.6(19),13.4,0,NA,2,59,NA,10,3.2(17),1,1327,93.9,0,19,0,14,13.9,18.6,8,1970-03,NA,NA,NA,NA,10,1024.6(20),1013.4,0,5,16,0,0,1001.0(03),NA,NA,NA,NA
6155A,21.1(03),0,8.4,NA,11.2,29.6(25),17,0,NA,1,63,NA,4,7.2(05),0,1619,37.3,0,21,0,12.6,16.4,21.6,4,1970-04,0,4,0,NA,NA,1028.0(22),1018,0,NA,NA,0,0,1001.3(07),61,1018.8,113,NA
6155A,14.0(10),0,10.1,NA,12.5,28.8(04),17,0,NA,1,71,NA,5,7.4(10),0,1381,21.2,0,19,0,15.8,17.9,23.2,5,1970-05,0,6,0,NA,3,1024.4(01),1015.1,0,10,18,0,0,1002.2(08),59,1015.9,122,NA
6155A,37.0(06),0,10.6,NA,16.9,37.0(28),23.4,5,NA,2,72,NA,4,13.8(02),1,1460,75.6,0,19,0,18.4,22,27.1,4,1970-06,0,5,0,NA,3,1022.0(27),1015,0,12,15,0,0,1004.5(05),NA,NA,NA,NA
6155A,0.0(--),3,12,NA,20.2,40.0(02),25.4,12,NA,0,83,NA,0,17.0(07),0,1550,0,0,18,0,25.6,25.1,30,0,1970-07,0,0,0,NA,NA,1021.1(05),1014.3,0,NA,NA,0,0,1005.8(20),NA,NA,NA,NA
6155A,0.0(--),0,11,NA,21,42.8(08),25,15,NA,0,81,NA,0,17.0(23),0,2012,0,0,18,0,25.6,25.9,30.7,0,1970-08,0,1,0,NA,2,1018.4(11),1012.6,0,21,8,0,0,1006.5(18),57,1013.4,192,NA
6155A,1.5(29),0,9.3,NA,19,36.6(08),25,6,NA,0,75,NA,2,15.0(14),0,1602,2.5,0,17,0,25,23.5,28.1,2,1970-09,0,2,0,NA,1,1023.9(30),1015.5,0,15,14,0,0,1005.3(10),62,1016.3,179,NA
6155A,47.0(10),0,7.8,NA,13.9,27.4(20),20,0,NA,2,69,NA,4,8.0(23),1,1164,75.8,0,16,0,15,18.2,22.5,4,1970-10,0,5,0,NA,2,1025.2(24),1017.1,0,13,16,0,0,1007.7(21),69,1018,146,NA
6155A,49.0(24),1,6.6,NA,11.8,25.4(07),15.2,0,NA,2,64,NA,7,6.6(05),1,873,80.6,3,13,0,16.4,16.1,20.4,6,1970-11,NA,NA,NA,NA,5,1026.0(27),1018.3,0,9,16,0,0,1005.9(08),73,1019.1,132,NA
6155A,92.6(26),2,7.2,NA,5.6,18.6(07),12,0,NA,7,74,NA,9,-0.2(25),4,678,333.1,3,16,1,7,10.4,15.2,8,1970-12,2,7,0,NA,3,1030.4(13),1017.5,0,9,19,0,0,993.0(27),NA,NA,NA,NA
6155A,92.6(26/dic),8,8.6,NA,13.3,42.8(08/ago),25.4,38,NA,27,69,NA,63,-0.2(25/dic),14,15655,1153.8,7,18,1,7,18,22.7,55,1970-13,NA,NA,NA,NA,NA,1030.4(13/dic),1015.8,0,NA,NA,0,0,993.0(27/dic),NA,NA,NA,NA
6155A,22.2(03),0,5.4,NA,7.8,21.6(23),12.4,0,NA,4,54,NA,9,1.4(02),0,1027,76.4,0,17,0,6.4,11.8,15.8,8,1971-01,NA,NA,NA,NA,8,1028.6(08),1016.8,0,2,21,0,0,1002.6(01),72,1017.6,101,NA
6155A,18.8(10),1,8,NA,7.8,25.6(27),14,0,NA,2,73,NA,2,3.0(01),0,989,35,1,18,0,12,12.6,17.3,2,1971-02,0,2,0,NA,3,1026.0(04),1018.8,0,9,16,0,0,1011.9(01),NA,NA,NA,NA
6155A,76.0(08),0,6.5,NA,8.2,21.6(14),12,0,NA,3,55,NA,8,3.4(09),2,1173,158.3,1,17,0,10.8,12.3,16.3,7,1971-03,1,9,0,NA,9,1021.4(25),1011.8,0,7,15,0,0,997.9(31),NA,NA,NA,NA
6155A,35.5(07),1,6.2,NA,10.1,23.0(26),14,0,NA,5,47,NA,13,7.4(02),2,871,145.9,2,13,0,12.4,14.4,18.7,12,1971-04,0,18,0,NA,13,1020.2(24),1009.2,0,3,14,0,0,990.9(03),72,1010,120,NA
6155A,14.6(14),0,8,NA,12.7,27.0(29),17,0,NA,1,57,NA,7,10.0(03),0,1262,39.6,0,16,0,16.8,17.3,21.8,6,1971-05,0,14,0,NA,9,1018.2(28),1011.4,0,4,18,0,0,1002.2(17),64,1012.2,128,NA
6155A,10.6(04),1,11.2,NA,15.2,36.4(23),21,6,NA,1,76,NA,3,12.0(01),0,1939,13.6,0,15,0,17.4,20.7,26.2,3,1971-06,0,4,0,NA,2,1026.6(18),1015.3,0,14,14,0,0,1007.0(24),NA,NA,NA,NA
6155A,0.0(--),0,11.9,NA,19.9,36.4(20),24,9,NA,0,82,NA,0,16.0(03),0,2099,0,0,16,0,24.6,24.6,29.3,0,1971-07,0,0,0,NA,0,1025.2(10),1014.3,0,26,5,0,0,1007.9(16),60,1015.1,186,NA
6155A,0.0(--),0,10.1,NA,21.5,38.0(01),25.6,18,NA,0,75,NA,0,18.0(21),0,2353,0,1,15,0,26.4,26.3,31.1,0,1971-08,0,3,0,NA,3,1021.1(28),1012.5,0,16,12,0,0,1006.6(06),NA,NA,NA,NA
6155A,0.0(--),0,9,NA,18.7,34.0(12),22,5,NA,0,72,NA,0,14.2(30),0,1656,0,0,12,0,25.8,23.3,27.9,0,1971-09,0,2,0,NA,2,1021.9(30),1015.7,0,10,18,0,0,1008.3(14),65,1016.5,186,NA
6155A,5.6(05),0,7.3,NA,16,35.8(14),21.6,3,NA,0,64,NA,3,12.8(28),0,1409,7.9,0,10,0,22.6,20.9,25.8,2,1971-10,NA,NA,NA,NA,3,1028.4(21),1021.3,0,5,23,0,0,1013.3(05),NA,NA,NA,NA
6155A,57.8(25),0,6,5,8.2,23.2(21),16.8,0,32/21.4(22),3,58,0,6,1.4(12),1,1610,90.9,0,14,0,12,13.2,18.2,5,1971-11,0,8,0,194,1,1029.6(04),1016.6,0,6,23,0,0,1002.2(07),64,1017.4,100,NA
6155A,61.7(05),2,4.4,5,8,17.6(16),14.8,0,23/18.9(29),3,45,0,11,3.8(31),2,466,156.5,3,10,0,11,11.9,15.8,9,1971-12,1,12,0,130,11,1035.0(21),1021.5,0,3,17,0,0,999.9(29),NA,NA,NA,NA
6155A,76.0(08/mar),5,7.8,NA,12.8,38.0(01/ago),25.6,41,NA,22,63,NA,62,1.4(02/ene),7,16854,724.1,8,14,0,6.4,17.4,22,54,1971-13,NA,NA,NA,NA,64,1035.0(21/dic),1015.4,0,105,196,0,0,990.9(03/abr),NA,NA,NA,NA
6155A,25.8(15),0,5.3,11,6.7,17.6(15),11.8,0,32/26.4(17),6,53,1,12,0.8(24),0,1238,135.4,1,18,0,12,10.7,14.8,12,1972-01,0,13,0,284,8,1025.5(10),1015.9,0,9,14,0,0,990.3(16),66,1016.8,87,NA
6155A,14.8(01),0,5.7,7,7.3,19.6(13),11.4,0,23/20.0(03),2,52,0,10,1.8(17),0,969,38.9,0,13,0,13.6,12.1,16.9,5,1972-02,NA,NA,NA,180,10,1026.2(14),1014.7,0,1,18,0,0,998.6(23),NA,NA,NA,NA
6155A,37.0(18),1,5.6,6,8.8,23.6(26),14,0,32/25.0(01),4,46,0,13,4.2(20),2,924,154.6,2,13,0,12.6,13.1,17.4,11,1972-03,0,18,0,147,12,1025.0(03),1014.7,0,4,15,0,0,1003.0(11),NA,NA,NA,NA
6155A,4.2(30),2,9.2,6,10.1,25.6(29),15,0,32/26.9(09),0,70,1,3,7.0(16),0,1097,6.9,0,16,0,17.6,15.8,21.6,3,1972-04,0,6,0,207,4,1026.6(02),1014,0,9,17,0,0,1004.6(21),60,1014.8,109,NA
6155A,11.3(04),1,9.9,4,11.3,30.2(12),16,1,32/18.9(14),1,70,0,5,6.4(15),0,1746,24.5,2,15,0,18,16.9,22.5,4,1972-05,0,6,0,168,6,1027.5(25),1015.6,0,8,17,0,0,999.3(01),58,1016.4,119,NA
6155A,2.8(20),0,10.7,0,15.5,31.6(26),18.4,5,32/13.9(11),0,73,0,2,10.4(15),0,1843,4.8,0,14,0,22.6,20.9,26.4,2,1972-06,0,2,0,154,1,1021.2(21),1014.2,0,13,16,0,0,1005.3(13),54,1015,140,NA
6155A,0.0(--),2,11.4,0,18.7,39.0(24),22.6,10,32/15.0(09),0,79,0,0,15.4(01),0,2107,0,0,14,0,23.8,24,29.3,0,1972-07,0,1,0,139,0,1022.6(03),1014.7,0,20,11,0,0,1008.7(05),NA,NA,NA,NA
6155A,1.4(17),0,10.6,0,19.6,36.0(01),22,8,23/15.0(28),0,78,0,1,17.0(24),0,1849,1.4,0,11,0,25.6,24.4,29.3,1,1972-08,0,2,0,98,0,1022.2(04),1014.7,0,15,16,0,0,1004.9(01),NA,NA,NA,NA
6155A,22.1(27),0,6.5,0,16.3,33.6(14),20,2,32/15.0(06),2,52,0,6,12.6(16),0,1213,56.3,3,10,0,19.4,20.7,25,5,1972-09,0,9,0,97,7,1027.1(17),1013.9,0,6,17,0,0,1003.4(14),NA,NA,NA,NA
6155A,50.0(19),1,5,1,13.9,26.6(07),20.4,0,27/18.9(06),5,45,0,14,6.6(29),2,1138,187.6,4,7,0,19.2,18,22.1,13,1972-10,0,14,0,62,11,1027.1(28),1015.5,0,2,18,0,0,999.9(12),NA,NA,NA,NA
6155A,54.0(02),0,5,5,11,23.6(21),16.4,0,32/18.1(15),5,49,0,6,6.0(17),3,1015,166.2,6,11,0,15.4,15.5,19.9,5,1972-11,0,9,0,166,8,1025.8(26),1018.8,0,4,18,0,0,1007.7(30),NA,NA,NA,NA
6155A,20.5(26),0,4.8,5,8.1,19.4(07),13,0,32/18.1(01),3,49,0,5,3.0(06),0,1104,59.4,1,13,0,11.4,12.2,16.3,5,1972-12,0,5,0,161,NA,1031.6(05),1021.8,0,NA,NA,0,0,1009.5(03),73,1022.6,107,NA
6155A,54.0(02/nov),7,7.5,45,12.3,39.0(24/jul),22.6,26,32/26.9(09/abr),28,60,2,77,0.8(24/ene),7,16243,836,19,13,0,11.4,17,21.8,66,1972-13,NA,NA,NA,155,NA,1031.6(05/dic),1015.7,0,NA,NA,0,0,990.3(16/ene),NA,NA,NA,NA
6155A,39.0(16),2,6.2,10,5.7,20.6(30),12.6,0,32/18.9(30),1,62,0,6,1.8(24),1,1150,54.7,1,13,0,13.2,11.1,16.5,6,1973-01,0,7,0,197,4,1030.6(22),1022.6,0,11,16,0,0,1003.7(17),NA,NA,NA,NA
6155A,61.0(10),0,7.1,9,6.7,23.6(24),14,0,32/28.9(25),1,65,1,5,0.8(19),1,1512,64.4,0,17,0,13.6,11.8,16.9,3,1973-02,0,6,0,258,2,1031.1(05),1019.3,0,9,17,0,0,996.7(15),NA,NA,NA,NA
6155A,42.6(11),0,5.1,2,7.9,22.6(24),13.6,0,32/18.1(25),1,42,0,8,3.4(03),1,1220,58.8,1,15,0,12.6,12.5,17.2,7,1973-03,0,10,0,152,10,1032.3(04),1019.2,0,1,20,0,0,1008.6(22),73,1020,110,NA
6155A,8.6(22),2,8.1,1,8,25.8(07),13,0,32/23.1(09),0,62,0,1,2.8(11),0,1376,8.6,0,14,0,16.8,13.9,19.9,1,1973-04,0,2,0,151,4,1026.4(05),1015.4,0,9,17,0,0,1004.1(09),66,1016.2,112,NA
6155A,33.0(20),1,9.5,1,12.7,32.6(28),20.8,1,23/16.1(05),3,67,0,5,9.0(10),1,2053,78.6,0,15,0,18.6,18,23.3,5,1973-05,0,5,0,129,3,1028.4(09),1016.4,0,8,20,0,0,1005.8(18),68,1017.2,146,NA
6155A,3.0(21),0,10.4,0,16.4,31.8(27),21,4,36/11.1(05),0,71,0,1,11.6(04),0,1787,3,0,12,0,23,21.6,26.7,1,1973-06,0,1,0,104,0,1022.0(14),1015.4,0,13,17,0,0,1009.0(21),65,1016.3,178,NA
6155A,0.0(--),7,9.6,0,18.7,39.0(22),22.2,11,18/13.1(10),0,67,0,0,14.6(19),0,2355,0,0,14,0,24.2,24,29.3,0,1973-07,0,1,0,141,0,1021.0(02),1013.5,0,21,10,0,0,1007.5(13),NA,NA,NA,NA
6155A,26.0(21),1,8.7,1,19.9,37.0(25),23,7,18/16.1(02),1,65,0,1,17.2(17),0,1363,26,1,12,0,26.2,24.6,29.4,1,1973-08,1,0,0,93,0,1022.8(08),1015.9,0,13,18,0,0,1008.9(16),74,1016.7,241,NA
6155A,0.0(--),0,8.7,0,NA,NA,NA,NA,32/13.9(21),0,70,0,0,NA,0,1953,0,0,14,NA,NA,NA,NA,0,1973-09,0,0,0,147,1,1020.7(25),1015.5,0,12,17,0,0,1008.3(23),NA,1016.4,NA,NA
6155A,11.7(18),0,6.7,3,13.2,30.8(15),19.2,1,23/18.1(18),1,60,0,4,8.4(02),0,1877,16.6,0,11,0,16,18.4,23.5,2,1973-10,0,6,0,126,7,1028.2(24),1017.7,0,9,15,0,0,1009.3(16),NA,NA,NA,NA
6155A,15.0(03),4,4.4,1,11.7,25.6(30),15.4,0,32/16.1(30),1,43,0,5,6.2(16),0,1045,24.5,1,7,0,16,16,20.2,3,1973-11,0,9,0,93,10,1029.0(29),1020.7,0,4,16,0,0,1011.5(03),NA,NA,NA,NA
6155A,69.8(19),0,6,8,6.1,24.0(01),13,0,23/23.1(23),4,62,0,8,0.2(04),2,1901,176.1,2,15,0,12.6,11.5,16.8,7,1973-12,0,8,0,NA,4,1028.0(11),1016.2,0,9,18,0,0,990.7(20),NA,NA,NA,NA
6155A,69.8(19/dic),17,7.5,36,NA,NA,NA,NA,32/28.9(25/feb),13,61,1,44,NA,6,19592,511.3,6,13,NA,NA,NA,NA,36,1973-13,1,55,0,NA,45,1032.3(04/mar),1017.3,0,119,201,0,0,990.7(20/dic),NA,NA,NA,NA
6155A,9.0(02),1,6.3,3,7.2,20.8(11),12,0,32/18.9(10),0,63,0,3,3.0(30),0,1502,13.6,0,9,0,12.4,12.5,17.9,3,1974-01,0,6,0,NA,1,1035.6(18),1023.9,0,10,20,0,0,1007.8(03),NA,NA,NA,NA
6155A,20.6(02),0,6.7,13,7.2,20.0(07),13,0,32/23.1(19),2,61,0,6,2.0(26),0,2236,45.7,0,20,0,13.8,11.9,16.7,4,1974-02,0,8,0,NA,1,1029.2(04),1016.5,0,6,21,0,0,1005.3(17),64,1017.4,91,NA
6155A,14.4(25),4,6.3,7,8.1,25.6(18),12.8,0,32/21.9(03),1,53,0,5,1.2(05),0,2449,28.7,2,19,0,14.4,13.3,18.5,5,1974-03,0,9,0,NA,11,1023.9(16),1013.1,0,5,15,0,0,998.7(24),61,1014,96,NA
6155A,38.0(09),1,5.1,2,9.1,23.2(01),13.6,0,32/20.0(29),3,39,0,11,5.0(07),1,1722,93,2,13,0,12.4,13.7,18.4,9,1974-04,0,15,0,NA,11,1022.0(19),1011.7,0,1,18,0,0,998.7(13),NA,NA,NA,NA
6155A,3.2(02),1,7.7,2,13.4,33.6(23),18.2,1,32/18.9(03),0,55,0,2,8.6(07),0,2262,3.9,1,13,0,19.2,18.9,24.4,1,1974-05,0,3,0,NA,0,1021.4(22),1014.1,0,11,20,0,0,1004.7(24),62,1015,140,NA
6155A,72.5(14),0,8.4,0,17.3,33.0(29),21.4,4,32/15.0(29),1,58,0,6,15.0(01),1,2062,82.8,2,13,0,20.6,21.9,26.5,5,1974-06,0,6,0,NA,6,1021.0(03),1014.4,0,9,15,0,0,1005.0(13),63,1015.2,170,NA
6155A,0.0(--),1,10.4,0,18.8,36.8(17),23,9,14/13.9(27),0,72,0,0,17.0(10),0,1704,0,0,11,0,26,23.8,28.7,0,1974-07,0,0,0,NA,0,1022.9(28),1016.4,0,19,12,0,0,1006.7(14),64,1017.2,198,NA
6155A,0.0(--),3,9.8,0,19.5,39.8(07),23.4,9,29/15.0(08),0,73,0,0,17.0(25),0,1870,0,0,12,0,26.6,24.6,29.6,0,1974-08,0,0,0,NA,0,1023.9(15),1015,0,17,14,1,0,1006.9(29),63,1015.8,201,NA
6155A,0.0(--),0,8.4,0,17.9,34.4(06),21.4,10,32/15.0(28),0,67,0,0,11.4(30),0,1814,0,0,12,0,23.2,23.4,28.9,0,1974-09,0,1,0,NA,0,1021.9(13),1015.1,0,9,19,0,0,1009.3(02),59,1016,170,NA
6155A,32.0(24),0,7.3,3,12.4,32.0(07),18.4,2,32/20.0(22),3,65,0,4,5.6(31),1,2546,68.5,2,17,0,13,18,23.6,3,1974-10,1,4,0,305,2,NA,NA,0,9,20,0,0,NA,56,NA,116,NA
6155A,8.4(15),4,6.5,4,9.4,26.0(28),17,0,29/25.0(23),0,63,0,2,5.0(01),0,1331,11.4,0,11,0,17.6,14.7,20,2,1974-11,0,3,0,NA,4,1027.5(07),1019.9,0,10,16,2,0,1009.6(15),72,1020.7,121,NA
6155A,0.4(24),7,5.6,1,7,23.6(25),12.6,0,32/16.1(13),0,58,0,1,4.0(09),0,664,0.4,0,8,0,13.6,12.2,17.4,0,1974-12,0,2,0,89,NA,1035.7(26),1026.4,0,NA,NA,2,0,1017.3(13),78,1027.3,113,NA
6155A,72.5(14/jun),22,7.4,35,12.3,39.8(07/ago),23.4,35,29/25.0(23/nov),10,61,0,40,1.2(05/mar),3,22162,348,9,13,0,12.4,17.4,22.6,32,1974-13,1,57,0,NA,NA,NA,NA,0,NA,NA,5,0,NA,NA,NA,NA,NA
6155A,34.5(15),1,5.4,6,7.6,22.6(31),13.4,0,32/21.9(18),1,53,0,7,2.0(07),1,1144,42.6,0,13,0,14.2,12.3,17,3,1975-01,0,9,0,184,6,1031.3(05),1023.8,0,10,15,0,0,1006.5(15),75,1024.6,112,NA
6155A,23.3(08),1,4.4,4,8.5,21.2(20),12.6,0,32/18.1(14),2,41,0,9,3.6(20),0,729,62.5,3,10,0,13.6,12.7,17,8,1975-02,0,11,0,NA,9,1028.7(23),1019.1,0,5,11,1,0,1008.3(09),74,1020,110,NA
6155A,33.0(10),0,6.5,13,8,24.6(23),11,0,32/26.1(05),3,54,1,12,4.2(13),1,1749,91.8,2,16,0,10.4,12.9,17.7,10,1975-03,0,15,0,NA,8,1024.0(02),1013.9,0,5,18,0,0,999.5(29),64,1014.7,97,NA
6155A,20.6(25),1,6.9,2,9.9,30.2(16),17.6,1,32/16.9(16),1,52,0,10,3.0(02),0,1101,42.8,4,13,0,16.4,15.1,20.2,6,1975-04,0,11,0,NA,8,1026.7(11),1014.6,0,6,16,0,0,1006.1(05),66,1015.5,116,NA
6155A,25.6(17),0,8.6,0,12.6,28.6(23),17.6,0,23/15.0(31),2,61,0,6,7.8(07),0,1364,43.4,1,14,0,18.2,17.7,22.7,4,1975-05,0,9,0,NA,6,1022.5(01),1013.1,0,4,21,0,0,1007.5(24),63,1013.9,131,NA
6155A,6.0(15),0,NA,0,15.5,32.4(29),20.4,4,29/13.9(02),0,NA,0,1,10.8(04),0,1530,6,1,12,0,22.4,21.1,26.6,1,1975-06,0,2,0,NA,2,1021.9(18),1015.8,0,16,12,0,0,1007.5(09),57,1016.7,150,NA
6155A,0.0(--),5,11,NA,18.4,38.0(17),21.6,13,NA,0,76,NA,0,14.6(05),0,1531,0,0,NA,0,26,24.2,30.1,0,1975-07,0,0,0,NA,0,1020.8(01),1014.6,0,26,5,0,0,1008.3(17),61,1015.5,188,NA
6155A,0.7(03),0,11,0,20.8,39.4(09),24.4,17,32/11.9(22),0,82,0,1,15.6(25),0,1496,0.7,1,11,0,26.4,25.6,30.3,0,1975-08,0,1,0,180,0,1018.7(19),1014.5,0,17,14,0,0,1001.7(22),64,1015.3,214,NA
6155A,0.0(--),0,9.2,0,16.6,35.2(01),22,8,32/15.0(14),0,74,0,0,11.0(16),0,1635,0,0,11,0,19.8,22.1,27.6,0,1975-09,0,0,0,236,1,1026.3(18),1016.9,0,12,17,0,0,1007.5(15),59,1017.7,161,NA
6155A,9.8(23),2,8.4,2,13.4,29.6(09),18.4,0,34/16.1(16),0,75,0,4,8.4(14),0,1470,13.5,0,10,0,21.2,18.9,24.4,2,1975-10,0,4,0,236,1,1026.9(07),1019.2,0,11,16,0,0,1006.4(11),66,1020.1,146,NA
6155A,16.2(24),6,6.6,9,9.1,29.0(16),15.4,0,32/25.0(17),1,64,0,3,5.8(25),0,1825,21.2,0,16,0,11.4,14.4,19.7,2,1975-11,0,4,0,333,4,1027.9(14),1019.2,1,12,14,0,0,1004.5(17),65,1020.1,106,NA
6155A,55.5(16),1,3.5,3,7.7,19.4(12),12,0,11/26.1(15),3,36,1,14,3.0(14),1,694,100.1,3,8,0,11.8,11.8,15.9,8,1975-12,2,13,0,215,8,1031.3(21),1017.6,0,4,17,0,0,985.3(15),78,1018.5,112,20918
6155A,55.5(16/dic),17,NA,NA,12.3,39.4(09/ago),24.4,43,NA,13,NA,NA,67,2.0(07/ene),3,16268,424.6,15,NA,0,10.4,17.4,22.4,44,1975-13,2,79,0,NA,53,1031.3(05/ene),1016.9,1,128,176,1,0,985.3(15/dic),66,1017.7,137,NA
6155A,33.0(29),0,6.4,4,5.2,20.6(24),9.6,0,23/23.9(30),1,64,0,5,1.6(29),1,765,57.4,1,10,0,11.6,10.6,15.9,5,1976-01,0,5,0,263,2,1034.1(11),1021.7,0,15,14,0,0,1000.3(31),75,1022.5,99,30126
6155A,26.0(04),5,5.3,5,8.9,19.6(02),13.4,0,11/23.1(27),2,49,0,7,5.2(13),0,766,66.9,0,12,0,13.6,12.8,16.7,5,1976-02,NA,NA,NA,266,7,1034.5(24),1018.2,0,1,21,0,0,991.5(05),73,1019,110,32950
6155A,22.0(07),0,7.5,8,8.1,23.6(21),12.6,0,32/21.1(13),1,62,0,6,5.0(18),0,1197,41.4,0,15,0,12.6,13,17.9,4,1976-03,NA,NA,NA,297,3,1031.2(27),1017.8,0,7,21,0,0,1001.6(08),68,1018.7,104,55152
6155A,21.1(15),0,5.4,1,8.9,24.2(14),14.8,0,34/16.1(15),3,41,0,15,5.0(01),0,976,83.7,3,13,0,11.4,13.7,18.5,12,1976-04,NA,NA,NA,255,12,1019.5(19),1012.6,0,2,16,0,0,1000.3(12),71,1013.4,115,48326
6155A,23.4(01),1,8.3,4,13.4,28.6(29),17,0,34/21.9(28),1,58,0,6,10.0(04),0,1163,44.1,4,14,0,16.4,18,22.5,5,1976-05,NA,NA,NA,258,5,1022.5(31),1014.3,0,8,18,0,0,1001.6(08),70,1015.2,150,72401
6155A,0.4(28),0,9.8,3,17.1,34.0(02),22.2,4,29/16.9(03),0,67,0,1,14.2(06),0,1326,0.4,2,13,0,22.4,22,26.9,0,1976-06,0,4,0,225,4,1022.3(01),1016.5,0,14,12,0,0,1009.6(17),61,1017.3,170,NA
6155A,9.8(02),0,11.8,7,20.4,38.2(31),26.2,15,23/18.9(05),0,82,0,2,17.6(01),0,1908,10.8,2,18,0,26.2,25.4,30.4,2,1976-07,0,2,0,273,0,1018.8(01),1014.5,0,17,14,0,0,1008.3(10),59,1015.4,196,82543
6155A,0.0(--),1,9.7,6,21,42.6(09),24,15,20/21.9(22),0,72,0,0,16.4(29),0,1989,0,0,16,0,26.4,25.7,30.4,0,1976-08,0,0,0,254,0,1020.0(04),1015,0,12,19,0,0,1008.9(20),64,1015.8,215,70829
6155A,3.4(28),0,7.7,3,16.7,34.2(03),22.8,5,25/20.0(12),0,62,0,3,13.4(14),0,1459,5.3,0,11,0,21,21.8,26.9,2,1976-09,0,4,0,226,2,1024.4(07),1014.9,0,8,20,0,0,1008.3(11),66,1015.7,174,56971
6155A,33.2(10),0,5.8,12,13.6,28.4(04),18.4,0,27/20.0(10),4,52,0,9,7.4(31),1,1746,90.7,1,15,0,13.8,18.1,22.5,7,1976-10,NA,NA,NA,327,8,1022.8(06),1012.8,0,5,18,0,0,1001.3(29),68,1013.6,142,41086
6155A,5.2(10),0,6.4,5,8.1,23.0(02),15.8,0,29/21.1(03),0,63,0,4,2.4(27),0,1004,8.3,0,13,0,15.6,13.3,18.6,2,1976-11,0,5,0,312,3,1031.2(29),1020.1,0,10,17,0,0,1010.7(21),72,1021,113,31661
6155A,76.6(29),3,3.6,5,8.8,23.4(02),15.4,0,32/23.1(03),8,37,0,13,4.0(27),4,604,280,0,10,0,11.4,12.9,17,12,1976-12,0,14,0,247,12,1027.7(01),1012.9,0,2,17,0,0,998.1(19),82,1013.8,123,19418
6155A,76.6(29/dic),10,7.3,63,12.5,42.6(09/ago),26.2,39,23/23.9(30/ene),20,59,0,71,1.6(29/ene),6,14903,689,13,13,0,11.4,17.3,22,56,1976-13,NA,NA,NA,267,58,1034.5(24/feb),1015.9,0,101,207,0,0,991.5(05/feb),69,1016.8,143,NA
6155A,39.0(20),0,3.8,5,8,21.6(26),13,0,34/23.1(24),6,38,0,14,3.0(07),1,626,139.9,2,10,0,13.4,11.9,15.9,12,1977-01,NA,NA,NA,246,15,1025.1(08),1015.5,0,1,15,0,0,1002.7(11),79,1016.3,113,22714
6155A,7.0(21),1,5.7,8,9.2,23.4(09),13.8,0,20/23.1(23),0,53,0,4,3.8(13),0,951,14,0,14,0,15.2,14.1,18.9,3,1977-02,NA,NA,NA,331,10,1029.5(28),1019.4,0,2,16,0,0,1004.1(23),72,1020.3,117,34729
6155A,5.6(28),2,7.6,4,8.5,24.6(27),15,0,32/18.1(30),0,64,0,3,4.0(24),0,1141,9.3,1,14,0,14.6,14.2,19.9,2,1977-03,NA,NA,NA,310,2,1031.9(01),1021.1,0,5,24,1,0,1006.0(22),63,1021.9,105,57287
6155A,5.4(09),0,8,1,10.4,29.0(29),14.8,0,32/16.1(10),0,61,0,1,5.8(01),0,1353,5.4,0,12,0,15.6,16.5,22.6,1,1977-04,NA,NA,NA,331,6,1029.1(21),1016.5,0,8,16,0,0,1006.7(09),58,1017.3,113,67325
6155A,3.0(15),0,9.6,4,12.6,31.8(12),18.8,1,32/16.9(14),0,68,0,3,9.0(02),0,1707,3.8,0,16,0,20.6,18.3,24,1,1977-05,NA,NA,NA,317,4,1021.6(10),1013.8,0,8,19,0,0,1004.1(18),55,1014.6,122,78170
6155A,7.2(11),0,11.1,0,15.6,33.4(29),20.6,6,29/15.0(01),0,75,0,4,10.8(15),0,2134,13.6,0,16,0,21.4,21.3,26.9,4,1977-06,NA,NA,NA,310,1,1020.1(24),1014.5,0,14,15,0,0,1004.8(12),50,1015.4,134,81777
6155A,13.8(01),0,9.9,1,18.3,37.0(25),20.8,10,23/15.3(06),1,69,0,1,16.0(05),0,1837,13.8,0,13,0,22.4,23.5,28.7,1,1977-07,NA,NA,NA,270,1,1020.1(17),1013.9,0,17,11,0,0,1005.9(28),59,1014.6,173,81576
6155A,0.0(--),0,9.5,NA,18,33.2(26),20.6,10,NA,0,70,NA,0,13.4(30),0,NA,0,0,NA,0,25.6,23.3,28.7,0,1977-08,NA,NA,NA,NA,1,1018.7(01),1013.2,NA,17,12,NA,NA,1004.7(20),55,1014.1,162,75459
6155A,0.0(--),0,7.7,0,17.4,33.2(25),20.2,2,20/14.4(21),0,62,0,0,13.4(02),0,1054,0,0,10,0,24.6,22,26.6,0,1977-09,0,0,0,203,2,1026.9(30),1018.6,0,11,17,0,0,1006.9(17),68,1019.5,183,58244
6155A,38.3(06),1,5.3,2,14.3,26.0(10),18,0,18/18.6(06),3,47,0,7,10.6(06),1,642,69.6,1,9,0,17.6,18.4,22.6,5,1977-10,NA,NA,NA,190,9,1025.6(01),1016.2,0,4,18,0,0,1000.3(06),78,1017,166,38927
6155A,48.4(29),1,6.5,4,11.4,26.6(14),18,0,23/18.9(20),3,63,0,6,5.0(24),1,1208,103.4,2,19,0,12.8,15.7,20,6,1977-11,NA,NA,NA,402,5,1029.1(09),1018.3,0,11,13,0,0,1002.0(29),68,1019.1,121,31696
6155A,25.9(07),7,3.7,NA,10.1,21.6(10),14.8,0,NA,2,38,NA,13,6.6(01),0,NA,61.6,1,NA,0,12,13.7,17.3,8,1977-12,NA,NA,NA,NA,12,NA,NA,NA,2,14,NA,NA,NA,82,NA,128,20797
6155A,48.4(29/nov),12,7.4,NA,12.8,37.0(25/jul),20.8,29,NA,15,59,NA,56,3.0(07/ene),3,NA,434.4,7,NA,0,12,17.7,22.7,43,1977-13,NA,NA,NA,NA,68,NA,NA,NA,100,190,NA,NA,NA,66,NA,136,648701
6155A,3.8(28),0,5,11,8.2,20.6(25),13.8,0,32/21.9(12),0,49,0,4,0.6(14),0,1148,9.2,0,17,0,10.6,12.1,16,3,1978-01,NA,NA,NA,359,9,1029.9(06),1019.6,0,1,21,0,0,1002.8(16),69,1020.5,100,27742
6155A,41.7(23),4,6.5,4,7.8,24.2(17),13.4,0,32/21.1(01),3,60,0,9,2.0(13),1,833,89.3,2,13,0,12.2,13.4,19,8,1978-02,NA,NA,NA,277,4,1023.5(01),1012.9,0,3,21,1,0,993.5(10),70,1013.7,111,35824
6155A,14.2(02),1,8,8,8.3,24.6(23),13.2,0,29/18.9(13),1,67,0,2,5.2(20),0,1266,16.3,2,18,0,16.6,14.2,20,2,1978-03,NA,NA,NA,358,2,1031.9(20),1020.4,0,12,17,0,0,1006.7(03),63,1021.3,103,58939
6155A,9.8(11),0,6.6,1,10.6,26.6(20),15.2,0,32/21.1(02),0,50,0,9,4.4(05),0,1123,33.4,3,17,0,14.8,16,21.5,7,1978-04,NA,NA,NA,318,6,1021.6(18),1012,0,1,23,0,0,1001.6(06),61,1012.8,114,58323
6155A,7.2(04),0,8.9,1,12.5,29.4(17),17,0,29/15.8(23),0,63,0,6,8.0(02),0,1284,19.7,2,16,0,18.4,17.8,23,4,1978-05,NA,NA,NA,293,4,1021.2(11),1014.8,0,8,19,0,0,1007.3(03),59,1015.6,122,73358
6155A,26.2(09),1,9.3,0,15.8,33.0(25),20.4,5,32/15.0(16),2,63,0,5,12.4(01),0,1606,52.7,1,16,0,19.4,20.9,25.9,4,1978-06,NA,NA,NA,322,4,1021.7(01),1015.1,0,14,12,0,0,1008.8(09),58,1015.9,146,71964
6155A,0.0(--),2,10.8,0,18.6,44.2(18),23.2,10,29/11.9(30),0,75,0,0,14.6(10),0,1567,0,0,13,0,23.6,23.7,28.8,0,1978-07,0,0,0,240,0,1023.6(02),1015.8,0,25,6,1,0,1007.2(04),64,1016.6,192,82787
6155A,0.0(--),0,10.1,0,18.9,34.6(06),21.8,13,29/15.0(07),0,75,0,0,16.0(11),0,1392,0,0,13,0,26.4,24.3,29.7,0,1978-08,0,0,0,224,0,1021.2(17),1015.6,0,22,9,0,0,1008.4(06),62,1016.4,197,70674
6155A,0.0(--),1,8.6,0,17.9,34.4(01),22,8,34/13.1(04),0,69,0,0,14.2(24),0,1047,0,1,11,0,24.6,23.2,28.4,0,1978-09,0,0,0,244,0,1024.3(22),1018.6,0,14,16,0,0,1008.8(03),68,1019.4,197,NA
6155A,23.8(12),1,7.8,1,13.3,29.2(01),19.2,0,29/16.1(19),1,70,0,2,8.6(21),0,939,28.4,1,11,0,21.4,18.6,23.8,2,1978-10,NA,NA,NA,241,5,1026.0(25),1018.2,0,11,15,0,0,1007.1(01),71,1019,152,NA
6155A,93.8(10),0,6.2,1,10.6,21.6(08),15.8,0,32/16.9(27),2,60,0,4,7.0(20),2,841,131.1,2,12,0,17.2,15.2,19.7,3,1978-11,NA,NA,NA,248,4,1033.1(17),1024.4,0,2,24,0,0,1011.2(29),75,1025.2,130,31036
6155A,39.6(19),2,4.1,2,8.9,23.4(13),12.4,0,25/20.0(15),4,42,0,11,3.0(19),1,478,110,5,7,0,12.4,13.6,18.4,8,1978-12,NA,NA,NA,205,8,1023.9(10),1015.2,0,2,21,0,0,1001.1(20),81,1016.1,128,21924
6155A,93.8(10/nov),12,7.7,29,12.6,44.2(18/jul),23.2,36,32/21.9(12/ene),13,62,0,52,0.6(14/ene),4,13524,490.1,19,14,0,10.6,17.8,22.9,41,1978-13,NA,NA,NA,277,46,1033.1(17/nov),1016.9,0,115,204,2,0,993.5(10/feb),67,1017.7,141,NA
6155A,121.5(18),0,3.5,3,10,21.4(02),13,0,25/20.0(27),7,35,0,11,6.0(30),2,622,266.1,4,15,0,12.6,13.5,17,11,1979-01,NA,NA,NA,299,13,1024.9(02),1013.4,0,3,15,0,0,997.5(27),76,1014.2,119,21966
6155A,22.4(10),1,5,7,8.3,23.4(06),13.6,0,23/25.0(10),2,46,0,10,2.4(27),0,965,75.6,1,17,0,11.6,13.2,18,10,1979-02,1,9,0,336,9,1027.7(23),1015.2,0,4,15,0,0,991.6(11),68,1016.1,107,31652
6155A,27.2(18),4,7.3,2,7.6,23.4(05),13,0,29/23.1(14),3,61,0,5,1.2(03),0,1062,56.3,1,15,0,14,12.9,18.2,4,1979-03,NA,NA,NA,303,6,1032.5(03),1016.9,0,6,19,1,0,1002.8(14),66,1017.7,103,52072
6155A,16.4(09),0,9.2,2,9.5,29.2(22),15,0,34/18.1(18),1,70,0,5,6.0(12),0,1483,23.6,0,15,0,17.6,15.3,21,4,1979-04,NA,NA,NA,313,2,1024.0(19),1016.4,0,9,19,0,0,1005.9(10),62,1017.3,110,67614
6155A,2.8(28),0,9.6,1,13.1,31.8(17),19,3,29/16.1(19),0,68,0,3,7.4(01),0,1569,7.1,0,13,0,17.8,18.8,24.5,3,1979-05,NA,NA,NA,291,5,1027.1(11),1017,0,13,13,0,0,1007.7(17),58,1017.8,131,76442
6155A,0.0(--),1,10.2,0,17.3,33.6(13),21.4,6,29/13.1(14),0,69,0,0,14.6(03),0,1370,0,1,13,0,23.8,22.4,27.5,0,1979-06,NA,NA,NA,240,2,1021.1(12),1015.6,0,9,19,0,0,1008.4(23),61,1016.4,173,78417
6155A,10.7(02),0,10,0,19.7,36.4(31),23.4,10,20/15.0(11),1,70,0,2,16.6(07),0,1583,12.7,2,12,0,24.4,24.4,29.2,2,1979-07,NA,NA,NA,248,2,1022.1(05),1016.7,0,17,12,0,0,1008.9(30),59,1017.5,186,76023
6155A,0.0(--),0,10.6,0,20.8,38.6(07),26.2,9,32/15.0(08),0,78,0,0,16.4(18),0,1818,0,0,12,0,26.6,25.5,30.2,0,1979-08,0,0,0,246,1,1018.7(17),1013.8,0,23,7,0,0,1006.9(15),61,1014.6,199,72415
6155A,21.0(15),0,7.8,0,18,30.6(21),23.6,2,36/13.9(22),2,63,0,3,11.4(25),0,952,39.9,3,10,0,21.8,22.3,26.7,3,1979-09,NA,NA,NA,227,3,1023.3(28),1017.5,0,5,22,0,0,1007.9(22),69,1018.3,192,53604
6155A,27.6(13),1,5.2,2,13.8,28.0(04),17.4,0,25/18.9(13),5,46,0,15,6.4(28),0,831,120.1,5,10,0,17.2,18.1,22.3,11,1979-10,NA,NA,NA,236,11,1019.7(17),1012.2,0,2,18,0,0,999.7(15),74,1013,157,34397
6155A,8.8(02),4,7.5,4,9.5,25.6(20),15.8,0,32/23.1(15),0,73,0,2,3.6(28),0,1032,9.4,0,12,0,15.8,14.5,19.6,1,1979-11,NA,NA,NA,272,2,1031.7(26),1020.3,0,9,19,3,0,1012.0(14),72,1021.2,118,32192
6155A,0.5(25),5,6.2,6,7.9,22.6(09),14.2,0,34/18.9(31),0,64,0,2,-0.8(22),0,1291,0.8,0,16,1,10,13,18,0,1979-12,NA,NA,NA,361,3,1030.4(04),1022.3,0,5,23,1,0,1004.3(21),65,1023.2,99,24654
6155A,121.5(18/ene),16,7.7,27,13,38.6(07/ago),26.2,30,23/25.0(10/feb),21,62,0,58,-0.8(22/dic),2,14578,611.6,17,13,1,10,17.8,22.7,49,1979-13,NA,NA,NA,281,59,1032.5(03/mar),1016.4,0,105,201,5,0,991.6(11/feb),66,1017.3,141,621448
6155A,56.2(16),1,6,3,6.8,22.0(25),12.8,0,32/16.1(05),1,60,0,5,2.6(18),1,1019,66.3,0,13,0,8.6,11.7,16.5,4,1980-01,NA,NA,NA,327,6,1025.5(03),1016.9,0,7,18,0,0,1000.1(17),70,1017.7,96,26657
6155A,41.5(19),3,6.1,4,8.4,22.8(15),15.4,0,29/18.9(06),3,56,0,9,3.6(13),1,799,83.7,0,14,0,14.6,13.2,18,6,1980-02,NA,NA,NA,313,6,1027.9(03),1019.7,0,5,18,1,0,1004.7(20),72,1020.5,112,33835
6155A,59.2(18),0,6.4,5,8.9,28.0(30),16.2,0,32/18.9(06),3,53,0,5,3.4(10),2,1110,128.1,0,14,0,13.6,14.3,19.6,4,1980-03,NA,NA,NA,296,9,1024.1(12),1015,0,4,18,0,0,996.3(21),65,1015.9,109,47631
6155A,4.0(13),0,7,1,10.5,32.4(01),16,1,32/16.9(15),0,53,0,3,6.4(09),0,1120,8.3,0,14,0,16.6,15.4,20.4,2,1980-04,NA,NA,NA,274,8,1023.6(07),1015,0,6,16,0,0,1004.4(29),67,1015.8,120,59507
6155A,11.6(03),1,9.3,1,13,31.0(31),18.6,1,32/16.9(22),1,66,0,8,8.0(01),0,1707,44.5,1,14,0,18.8,18.6,24.1,8,1980-05,NA,NA,NA,285,6,1019.6(10),1013,0,7,18,0,0,1004.7(03),58,1013.8,129,73294
6155A,20.0(27),6,11.2,0,16.8,37.0(25),24,7,32/13.9(09),1,76,0,3,12.8(14),0,1697,25.4,0,12,0,21,22.1,27.3,3,1980-06,NA,NA,NA,259,2,1024.4(15),1015.1,0,15,13,1,0,1007.7(07),58,1015.9,156,79040
6155A,0.0(--),3,11.4,NA,18.2,39.4(25),22.6,11,NA,0,80,NA,0,14.6(14),0,1750,0,0,NA,0,24.4,23.6,29.1,0,1980-07,0,0,0,NA,0,1023.6(12),1015,0,23,8,0,0,1007.3(08),59,1015.8,176,87270
6155A,0.3(26),3,8.7,0,20.8,41.6(23),27,13,29/13.1(15),0,65,0,1,18.2(18),0,1457,0.3,0,13,0,26,25.7,30.6,0,1980-08,NA,NA,NA,232,3,1020.7(06),1015,0,15,13,0,0,1008.8(19),63,1015.8,207,69699
6155A,1.2(28),0,7.1,0,19.2,38.6(13),22.4,2,23/11.1(13),0,57,0,2,14.4(23),0,844,1.3,0,10,0,24,23.6,27.9,1,1980-09,NA,NA,NA,192,5,1026.7(30),1017.8,0,3,22,0,0,1007.5(20),73,1018.6,217,55277
6155A,14.0(15),0,7.4,3,13.4,31.8(07),19.6,1,25/21.1(16),1,66,0,5,6.6(19),0,1461,29.8,1,13,0,18.8,18.9,24.4,3,1980-10,NA,NA,NA,311,2,1026.7(01),1017.2,0,7,22,0,0,1000.4(16),63,1018.1,135,45813
6155A,52.2(11),4,6,2,10.3,24.6(18),13.2,0,32/20.0(26),3,59,0,9,5.4(30),2,895,127.3,1,11,0,15.4,14.9,19.4,9,1980-11,0,10,0,257,6,1027.7(22),1017.3,0,8,16,0,0,1003.1(08),74,1018.2,126,28656
6155A,0.0(--),1,7.2,13,6.7,20.8(21),15.4,0,32/21.1(27),0,74,0,0,0.0(02),0,1496,0,0,20,1,12.4,11.9,17,0,1980-12,NA,NA,NA,434,3,1035.2(31),1023.4,0,16,12,0,0,1011.3(20),58,1024.3,84,28647
6155A,59.2(18/mar),22,7.8,NA,12.8,41.6(23/ago),27,36,NA,13,64,NA,50,0.0(02/dic),6,15355,515,3,NA,1,8.6,17.8,22.9,40,1980-13,NA,NA,NA,NA,56,1035.2(31/dic),1016.7,0,116,194,2,0,996.3(21/mar),65,1017.5,139,635326
6155A,0.0(--),1,7.1,8,5.2,26.8(21),12.4,0,32/21.1(13),0,71,0,0,-1.8(12),0,1418,0,0,14,1,11.2,11.1,17,0,1981-01,NA,NA,NA,379,4,1035.2(01),1025,0,14,13,0,0,1010.7(11),62,1025.9,84,30330
6155A,32.4(12),0,7.1,1,6,22.6(28),11.8,0,32/20.0(04),1,66,0,5,1.2(03),1,847,43.5,2,10,0,12.2,11.6,17.2,4,1981-02,NA,NA,NA,268,5,1037.6(02),1018.9,0,10,13,0,0,1004.0(13),66,1019.8,93,34642
6155A,3.1(29),2,6.4,1,10,30.4(12),14.8,1,34/16.9(30),0,54,0,7,7.0(03),0,1316,9.7,1,11,0,16.6,15.8,21.6,4,1981-03,NA,NA,NA,277,6,1026.5(10),1015.7,0,2,23,2,0,1004.7(28),65,1016.5,116,52931
6155A,34.2(15),1,5.4,0,10.6,25.0(10),13.4,0,23/13.9(10),5,41,0,13,7.0(03),1,677,105.3,4,9,0,14.6,15.3,20,11,1981-04,NA,NA,NA,223,12,1021.6(08),1013.6,0,0,18,0,0,1003.2(23),73,1014.4,127,52779
6155A,5.5(09),1,10.6,1,13.1,31.8(25),16.2,1,32/16.1(26),0,75,0,2,8.6(11),0,1589,10.1,0,15,0,19.4,18.7,24.2,2,1981-05,NA,NA,NA,278,1,1022.7(23),1014.7,0,10,20,0,0,1004.4(09),57,1015.5,127,82008
6155A,4.7(23),0,NA,0,17.3,32.4(13),21.4,3,29/15.0(04),0,NA,0,4,13.6(06),0,1228,6.3,1,15,0,23.6,22.1,26.8,2,1981-06,NA,NA,NA,233,2,1022.7(12),1015.4,0,10,18,0,0,1006.7(26),63,1016.2,175,80422
6155A,0.0(--),0,11.1,0,18.8,39.6(18),22.8,8,32/15.0(10),0,77,0,0,15.6(06),0,1826,0,0,15,0,25.2,23.9,29,0,1981-07,NA,NA,NA,242,2,1023.1(26),1016.6,0,19,10,0,0,1008.7(23),58,1017.4,178,84083
6155A,13.3(21),0,9.9,0,19,34.6(20),22.6,8,29/15.0(21),1,73,0,2,16.0(17),0,1267,20.1,2,14,0,25.2,23.9,28.7,2,1981-08,NA,NA,NA,206,1,1023.9(26),1015.1,0,18,12,0,0,1008.5(20),66,1015.9,199,72553
6155A,9.8(26),1,NA,0,17.5,35.6(12),24.4,8,23/15.0(26),0,NA,0,1,12.2(30),0,1837,9.8,0,15,0,23.6,23.1,28.7,1,1981-09,0,3,0,247,NA,NA,NA,0,NA,NA,0,0,NA,59,NA,169,59349
6155A,1.4(07),1,7,NA,14.2,29.0(01),18.4,0,NA,0,62,NA,2,8.2(31),0,1077,2.4,0,NA,0,20.4,19.3,24.5,2,1981-10,NA,NA,NA,NA,8,1025.3(31),1017.1,0,11,12,1,0,1008.0(21),70,1017.9,156,44326
6155A,0.0(--),2,5.9,0,11.5,26.8(08),16.2,0,32/13.9(29),0,57,0,0,6.6(28),0,741,0,0,9,0,18.6,16.4,21.3,0,1981-11,0,3,0,170,NA,1030.9(27),1023.7,0,NA,NA,0,0,1014.1(08),NA,NA,NA,29907
6155A,20.2(30),0,5.3,8,9.7,23.8(14),17.2,0,23/21.1(30),4,55,0,10,1.2(20),0,1471,106.9,0,18,0,14,14.4,19.1,10,1981-12,NA,NA,NA,305,4,1028.4(04),1015,0,5,22,0,0,998.3(28),66,1015.8,112,24772
6155A,34.2(15/abr),9,NA,NA,12.7,39.6(18/jul),24.4,29,NA,11,NA,NA,46,-1.8(12/ene),2,15294,314.1,10,NA,1,11.2,18,23.2,38,1981-13,NA,NA,NA,NA,NA,NA,NA,0,NA,NA,3,0,NA,NA,NA,NA,648102
6155A,41.3(11),4,5.8,3,8.2,24.6(09),12.6,0,32/23.1(27),7,58,0,9,2.4(29),2,1038,165.8,2,16,0,12.8,12.7,17.2,8,1982-01,0,9,0,293,8,1031.1(21),1019.6,0,8,15,1,0,999.7(12),75,1020.4,111,28460
6155A,30.0(14),1,5.7,8,8.9,22.6(27),14.4,0,32/20.0(25),1,52,0,6,5.0(03),1,1121,43.8,0,18,0,14.4,13.2,17.4,4,1982-02,NA,NA,NA,295,NA,1029.3(05),1018.5,0,NA,NA,1,0,1002.8(15),70,1019.4,110,32883
6155A,30.2(30),2,7.4,2,8.8,27.4(21),17,0,32/18.1(04),2,62,0,4,4.0(27),1,1055,56.4,4,17,0,16,14.1,19.3,3,1982-03,NA,NA,NA,260,5,1030.9(05),1018.4,0,10,16,1,0,1000.9(31),69,1019.2,115,52080
6155A,15.1(14),2,5.3,1,10.7,26.2(30),14.8,0,11/18.9(26),1,40,0,11,6.8(03),0,727,39.7,0,14,0,15.2,15.2,19.8,7,1982-04,NA,NA,NA,216,13,NA,NA,0,6,11,1,0,NA,74,NA,131,53066
6155A,3.0(28),0,8.4,0,13.2,28.4(18),17.4,0,14/15.0(28),0,59,0,2,8.4(09),0,1009,5.4,0,15,0,18.6,17.9,22.5,2,1982-05,0,3,0,205,5,1024.8(21),1017.2,0,6,20,0,0,1009.5(04),70,1018,152,74448
6155A,0.3(02),0,11.1,3,17.9,35.4(22),22.4,14,32/16.1(12),0,75,0,1,14.0(01),0,2216,0.3,0,17,0,23.2,23.6,29.3,0,1982-06,NA,NA,NA,267,0,1023.2(30),1015.4,0,17,13,0,0,1008.0(23),57,1016.2,172,82117
6155A,1.0(02),2,9.6,0,19.5,41.6(27),25,18,29/15.0(03),0,67,0,3,15.8(18),0,2413,2.3,1,15,0,21.6,25.1,30.7,1,1982-07,0,4,0,263,3,1022.7(01),1013.9,1,17,11,1,0,1007.1(12),55,1014.7,178,75120
6155A,0.1(22),1,8.9,0,19.1,32.6(14),22.8,5,20/13.9(27),0,65,0,1,16.2(01),0,1305,0.1,0,12,0,23.4,23.7,28.3,0,1982-08,NA,NA,NA,178,3,1021.6(12),1015,0,14,14,0,0,1008.5(01),69,1015.8,207,68758
6155A,0.2(15),0,7.4,1,18.5,32.4(23),22.2,3,29/16.1(26),0,60,0,1,14.4(29),0,1320,0.2,1,13,0,24.6,22.8,27.2,0,1982-09,NA,NA,NA,202,1,1022.3(11),1016.7,0,9,20,0,0,1008.9(24),NA,NA,NA,54870
6155A,7.8(20),1,7.5,4,13.2,31.6(12),21.2,3,32/20.0(14),0,67,0,3,6.0(25),0,2103,8.6,1,16,0,19.4,18.7,24.2,1,1982-10,NA,NA,NA,289,3,1028.3(25),1016.1,0,6,22,0,0,1004.1(22),59,1017,126,47582
6155A,147.1(06),2,5.2,6,10.5,23.2(01),17,0,20/23.1(07),3,51,0,7,5.4(30),3,927,219.6,1,15,0,14.6,14.8,19.1,6,1982-11,NA,NA,NA,252,7,1027.7(20),1018.7,0,6,17,0,0,991.6(07),75,1019.6,128,28959
6155A,9.1(21),0,7,12,7,21.2(10),13.8,0,34/20.0(18),0,72,0,4,2.4(23),0,1358,15.7,0,21,0,10.4,11.8,16.6,3,1982-12,NA,NA,NA,368,NA,1036.3(05),1024,0,NA,NA,0,0,1009.1(21),66,1024.9,94,28541
6155A,147.1(06/nov),15,7.4,40,13,41.6(27/jul),25,43,32/23.1(27/ene),14,61,0,52,2.4(29/ene),7,16592,557.9,10,16,0,10.4,17.8,22.6,35,1982-13,NA,NA,NA,257,NA,NA,NA,1,NA,NA,5,0,NA,NA,NA,NA,626884
6155A,0.0(--),2,6.1,4,5.9,25.6(31),11,0,14/20.0(21),0,61,0,0,1.2(05),0,869,0,0,15,0,13.8,11.6,17.2,0,1983-01,0,0,0,276,NA,1040.0(26),1031.2,0,NA,NA,1,0,1020.3(19),71,1032.1,100,30349
6155A,15.6(11),2,4.8,7,6.5,22.4(26),15,0,32/21.1(06),1,44,0,6,-1.6(11),0,720,27.7,0,14,2,8,10.9,15.3,3,1983-02,NA,NA,NA,238,9,NA,NA,0,7,12,1,0,NA,70,NA,94,30373
6155A,4.4(20),4,6.3,7,10,26.2(10),14.4,0,32/23.1(15),0,52,0,5,4.4(19),0,1217,8.7,0,19,0,15.8,15,20,2,1983-03,NA,NA,NA,263,5,1030.1(04),1020.1,0,8,18,2,0,1005.6(29),65,1020.9,111,52746
6155A,4.5(25),0,6.3,10,10.1,30.6(11),13.2,1,32/18.9(01),0,48,0,6,4.4(04),0,1511,7.7,1,20,0,18.4,15.8,21.5,2,1983-04,NA,NA,NA,271,7,1025.3(14),1014.7,0,4,19,0,0,1003.5(18),58,1015.6,106,56125
6155A,1.1(26),0,9.9,7,12.9,29.8(08),18.4,0,32/18.1(10),0,70,0,1,7.6(03),0,1947,1.1,0,22,0,20,18.8,24.7,1,1983-05,NA,NA,NA,285,4,1019.9(23),1014.3,0,9,18,0,0,1008.3(30),53,1015.1,121,76769
6155A,0.5(19),0,10.4,0,17.6,41.0(12),23.8,7,27/13.9(07),0,71,0,1,12.8(03),0,1548,0.5,0,14,0,23.6,22.8,28,0,1983-06,0,2,0,209,3,1023.3(15),1016,0,11,16,0,0,1010.1(19),58,1016.8,165,76779
6155A,0.0(--),0,11.7,2,19.1,40.8(14),27.8,17,32/16.9(31),0,81,0,0,15.0(06),0,2475,0,1,16,0,24.4,24.9,30.7,0,1983-07,NA,NA,NA,267,0,1018.3(02),1013.4,0,27,4,0,0,1004.1(25),53,1014.2,170,81523
6155A,2.0(31),0,9.6,0,20,35.4(01),23.4,11,23/15.0(08),0,71,0,1,16.0(20),0,1813,2,1,16,0,25.6,24.8,29.6,1,1983-08,NA,NA,NA,303,3,1020.0(16),1014.6,0,17,11,0,0,1008.8(07),61,1015.4,193,70417
6155A,0.0(--),2,8.9,2,18.8,36.2(17),22.6,7,34/18.9(17),0,71,0,0,16.4(29),0,1364,0,0,12,0,26.4,24,29.3,0,1983-09,0,0,0,202,0,1028.0(25),1017,0,14,16,1,0,1007.1(10),65,1017.8,192,52057
6155A,0.2(29),1,6.5,1,16.3,34.6(08),19.6,3,14/16.1(24),0,57,0,1,10.2(21),0,1149,0.2,0,13,0,21.2,21.1,26,0,1983-10,NA,NA,NA,191,6,1025.6(26),1020.8,0,10,15,0,0,1011.3(29),71,1021.6,176,40387
6155A,82.9(03),3,4.2,7,13.6,25.6(27),17.6,0,32/26.1(28),9,41,1,14,10.0(30),4,656,292.4,6,9,0,17.2,17.2,20.9,11,1983-11,NA,NA,NA,193,12,1029.6(25),1015.7,0,2,16,0,0,1001.6(16),82,1016.5,159,20507
6155A,38.1(15),0,5.8,9,7.4,21.8(23),12,0,23/33.1(20),3,59,2,7,2.4(14),1,900,70.5,2,16,0,12.4,12.6,17.9,6,1983-12,NA,NA,NA,250,2,1033.9(27),1019.9,0,9,20,0,0,999.6(16),73,1020.8,110,24604
6155A,82.9(03/nov),14,7.5,56,13.2,41.0(12/jun),27.8,46,23/33.1(20/dic),13,61,3,42,-1.6(11/feb),5,16169,410.8,11,16,2,8,18.3,23.4,26,1983-13,NA,NA,NA,246,NA,NA,NA,0,NA,NA,5,0,NA,65,NA,141,612636
6155A,2.3(20),0,6.5,21,8.1,19.8(15),12.4,0,29/30.0(15),0,65,4,1,2.6(11),0,1395,2.3,0,25,0,13.8,12.7,17.3,1,1984-01,0,4,0,413,2,1031.6(13),1023.7,0,9,20,0,0,1004.5(21),63,1024.5,93,29778
6155A,126.6(27),0,7,17,6.3,24.2(09),15.2,0,32/26.9(02),1,64,1,4,0.8(18),1,1304,132.1,1,25,0,12.6,11.9,17.5,3,1984-02,NA,NA,NA,339,5,1030.5(06),1020.6,0,8,16,0,0,1002.7(28),62,1021.5,89,35232
6155A,43.4(19),0,6.5,11,8,23.4(30),12.4,0,14/20.0(05),3,54,0,10,3.0(08),1,1075,109.4,1,21,0,12,12.6,17.3,9,1984-03,NA,NA,NA,259,6,1024.3(29),1014.2,0,3,22,0,0,1002.7(20),68,1015.1,101,NA
6155A,6.9(29),0,6.2,6,12,25.6(11),15.6,0,32/24.7(04),0,47,0,9,7.2(20),0,1013,17,3,17,0,16.4,16.5,21.1,3,1984-04,0,10,0,213,NA,1021.6(18),1013.9,0,NA,NA,0,0,1001.6(29),69,1014.7,133,48946
6155A,19.2(17),0,7.7,15,11.6,26.8(28),17,0,34/21.9(24),2,54,0,14,8.2(03),0,1490,56.6,3,22,0,17,17,22.3,6,1984-05,0,15,0,261,NA,1017.6(23),1010.5,0,NA,NA,0,0,1003.6(15),59,1011.4,117,NA
6155A,2.6(17),0,10.5,8,14.9,32.2(21),20.4,3,34/21.9(06),0,72,0,2,11.6(03),0,1483,4.4,1,20,0,21.8,20.5,26.2,2,1984-06,0,2,0,239,3,1022.8(12),1016.2,0,17,10,0,0,1007.5(17),58,1017,151,73293
6155A,0.0(--),1,10.2,4,19.1,35.6(31),22.8,15,27/18.9(01),0,71,0,0,14.0(06),0,1404,0,0,18,0,25,24.5,30,0,1984-07,0,0,0,191,0,1023.7(28),1016,0,19,12,1,0,1010.9(10),62,1016.8,197,70112
6155A,0.0(--),0,9.6,1,19.9,35.4(08),24,8,32/16.1(22),0,71,0,0,17.2(25),0,1399,0,0,16,0,24.8,24.4,29,0,1984-08,0,0,0,191,2,1021.7(01),1015.2,0,13,16,0,0,1009.5(08),65,1016,205,67811
6155A,0.4(06),0,9,5,17.9,36.2(10),22.4,8,29/21.1(23),0,73,0,1,13.4(27),0,1659,0.4,0,18,0,24.8,23.4,28.9,0,1984-09,NA,NA,NA,218,1,1020.5(26),1014.4,0,12,17,0,0,1006.7(05),62,1015.2,182,NA
6155A,8.0(19),2,8.1,7,13,31.0(01),17.8,1,32/21.9(04),0,72,0,2,7.6(08),0,1230,8.6,0,16,0,20.2,18.3,23.7,1,1984-10,0,2,0,213,3,1028.3(08),1019.6,0,10,18,2,0,1006.1(04),68,1020.4,143,44207
6155A,59.7(06),2,4.5,14,11.7,26.8(24),15.2,0,32/23.1(19),4,44,0,14,8.4(04),3,1080,176.9,0,17,0,15.6,15.9,20.1,9,1984-11,0,14,0,257,12,1026.1(27),1013.2,0,4,14,0,0,997.7(08),72,1014,129,22403
6155A,0.5(08),0,5.5,7,8.3,22.4(04),14.2,0,27/18.9(18),0,57,0,2,0.4(31),0,968,0.6,0,17,0,15.6,13.1,18,0,1984-12,0,6,0,260,6,NA,NA,0,6,19,0,0,NA,70,NA,110,22329
6155A,126.6(27/feb),5,7.6,116,12.6,36.2(10/sep),24,35,29/30.0(15/ene),10,62,5,59,0.4(31/dic),5,15500,508.3,9,19,0,12,17.6,22.6,34,1984-13,NA,NA,NA,255,NA,NA,NA,0,NA,NA,3,0,NA,65,NA,138,NA
6155A,26.5(05),0,5.3,5,5.7,21.6(02),12.2,0,34/18.9(15),2,52,0,14,-2.6(16),0,889,65.4,0,14,1,8.4,10.6,15.5,9,1985-01,0,16,0,247,12,1030.1(30),1015,0,6,13,0,0,995.6(05),71,1015.9,94,25160
6155A,28.7(20),0,3.9,5,8.9,22.8(15),13.6,0,27/23.9(12),1,36,0,10,3.0(03),0,651,46.8,0,12,0,15.4,13.9,18.9,4,1985-02,0,10,0,190,13,1028.8(01),1018.6,0,1,14,0,0,1008.7(10),74,1019.4,118,27463
6155A,6.3(10),0,8,10,7.5,24.0(27),12.8,0,29/21.9(21),0,67,0,2,2.0(15),0,1480,7.3,0,23,0,15.8,13.4,19.2,2,1985-03,0,3,0,327,2,1030.7(02),1017.5,0,9,20,0,0,1003.5(19),58,1018.4,91,55931
6155A,11.0(24),0,7.4,1,10,30.0(18),13.2,1,14/16.9(08),1,56,0,7,6.0(10),0,1101,40.1,1,15,0,15.4,16,21.9,6,1985-04,0,9,0,199,8,1026.1(11),1014.8,0,6,16,0,0,1004.7(21),61,1015.6,114,60414
6155A,6.0(31),1,9.1,4,12.9,29.0(22),18.2,0,27/18.9(05),0,64,0,8,8.4(13),0,1716,14.3,1,18,0,17.2,18.4,23.8,3,1985-05,0,10,0,254,5,1018.7(08),1012.2,0,3,23,0,0,1004.5(22),56,1013,122,69336
6155A,0.0(--),2,10.4,2,17.9,36.0(22),22,8,27/16.1(14),0,71,0,0,14.2(12),0,1762,0,0,18,0,23.6,22.9,27.9,0,1985-06,0,1,0,245,NA,1021.3(25),1014.6,0,NA,NA,0,0,1007.2(13),59,1015.4,168,77692
6155A,0.0(--),1,11.1,0,20,40.8(09),23,13,18/15.0(02),0,77,0,0,17.4(02),0,1789,0,0,15,0,26.8,25.3,30.6,0,1985-07,0,0,0,220,0,1023.5(22),1015.2,0,19,12,0,0,1008.8(31),56,1016,186,NA
6155A,0.0(--),3,11,2,19.2,40.6(05),23,7,27/16.4(06),0,81,0,0,16.8(09),0,1252,0,0,14,0,25.6,24.1,28.9,0,1985-08,0,0,0,176,NA,1022.3(27),1015.8,0,NA,NA,1,0,1008.9(05),69,1016.6,210,NA
6155A,0.2(23),3,8.3,0,19.1,31.6(22),22.4,4,27/15.0(10),0,67,0,1,16.6(25),0,1017,0.2,1,10,0,25.4,23.5,27.9,0,1985-09,0,1,0,140,2,1023.7(30),1017.7,0,8,20,0,0,1012.0(09),72,1018.5,210,NA
6155A,0.7(23),0,8.7,0,14.8,32.6(04),19.6,2,27/13.3(27),0,77,0,2,9.0(29),0,1101,0.8,0,12,0,22.4,20.3,25.8,0,1985-10,0,3,0,180,0,1026.1(12),1018.6,0,11,20,0,0,1010.1(31),69,1019.4,166,42432
6155A,20.4(25),0,5.1,3,11,28.8(07),18.4,0,27/16.9(22),3,50,0,8,4.2(20),0,1037,63.7,1,12,0,13.8,15.8,20.5,7,1985-11,0,11,0,227,7,1022.4(30),1014.8,0,5,18,0,0,1002.3(25),66,1015.7,119,28593
6155A,14.4(05),1,4.6,NA,7.7,20.4(24),14.4,0,NA,1,47,NA,8,4.2(17),0,652,27.8,1,NA,0,14.6,12.7,17.6,6,1985-12,0,9,0,NA,9,1033.6(15),1020.8,0,4,18,0,0,996.4(29),76,1021.6,113,NA
6155A,28.7(20/feb),11,7.7,NA,12.9,40.8(09/jul),23,35,NA,8,62,NA,60,-2.6(16/ene),0,14447,266.4,5,NA,1,8.4,18.1,23.2,37,1985-13,0,73,0,NA,NA,1033.6(15/dic),1016.3,0,NA,NA,1,0,995.6(05/ene),66,1017.1,143,NA
6155A,5.3(07),0,6.8,15,7.5,22.8(11),12.4,0,34/26.9(30),0,68,1,5,2.4(27),0,1141,9.1,0,21,0,13.2,12.6,17.7,3,1986-01,0,7,0,381,NA,1035.4(10),1022,0,NA,NA,0,0,997.1(30),62,1022.9,91,29863
6155A,4.0(19),0,5.6,7,7.8,25.6(24),13,0,21/18.6(14),0,51,0,11,1.8(03),0,796,19.7,0,16,0,13.8,13,18.1,5,1986-02,0,12,0,266,NA,NA,NA,0,NA,NA,0,0,NA,66,NA,101,30274
6155A,23.9(07),3,7.3,3,8.5,26.4(24),13.4,0,32/21.7(25),4,60,0,7,3.2(27),0,933,90.7,2,16,0,13.4,13.7,18.8,6,1986-03,0,8,0,261,NA,1028.1(22),1018.5,0,NA,NA,1,0,993.2(01),68,1019.4,108,52364
6155A,43.7(06),0,7.9,3,8.4,25.6(29),13.4,0,32/15.6(12),2,60,0,7,4.0(09),1,1233,65.4,2,17,0,14.2,13.8,19.1,5,1986-04,0,8,0,261,8,1023.7(19),1013,0,7,15,0,0,1001.8(06),NA,NA,NA,59411
6155A,4.6(29),0,9.2,1,14.8,30.2(14),19,1,32/17.5(15),0,65,0,1,9.0(02),0,1476,4.6,0,15,0,20.4,19.7,24.6,1,1986-05,0,1,0,220,9,1022.9(10),1016.3,0,11,11,0,0,1009.0(03),NA,NA,NA,72533
6155A,10.7(06),0,10.5,1,16.9,35.6(29),20,8,29/16.1(23),1,72,0,2,14.2(04),0,1465,15.9,1,15,0,19.6,21.9,26.8,2,1986-06,0,3,0,237,1,1019.8(08),1014.2,0,13,16,0,0,1003.1(06),61,1015.1,163,NA
6155A,1.6(25),1,10.3,1,19.1,37.2(31),22.6,7,16/17.5(25),0,71,0,2,16.4(01),0,1383,1.7,1,13,0,25.6,24.1,29,1,1986-07,0,2,0,173,1,1020.5(17),1015.4,0,21,9,0,0,1009.9(23),62,1016.2,195,77178
6155A,0.0(--),3,9.7,0,20.9,39.2(23),24,15,32/14.4(04),0,72,0,0,17.6(20),0,1976,0,0,14,0,25.6,26.1,31.4,0,1986-08,0,0,0,244,1,1020.5(06),1013.7,0,23,7,0,0,1006.6(27),58,1014.5,190,70809
6155A,0.8(29),1,8,0,19,34.8(09),22.4,7,32/12.8(25),0,64,0,4,13.6(30),0,1315,1.3,2,12,0,23.8,23.6,28.2,0,1986-09,0,4,0,199,2,1026.0(20),1016.6,0,8,20,0,0,1009.0(16),65,1017.4,191,53507
6155A,62.8(14),1,6.8,1,15.3,28.6(05),19,0,27/16.7(15),5,60,0,10,10.4(30),2,741,175.4,6,9,0,21.6,19.8,24.4,9,1986-10,0,13,0,162,6,1027.1(27),1017.7,0,7,18,0,0,1009.4(01),75,1018.6,176,38863
6155A,33.3(14),0,6.7,1,10.8,26.4(02),15,0,33/16.1(23),2,65,0,5,5.0(30),1,893,70.7,0,14,0,16.6,15.4,20.1,4,1986-11,0,5,0,268,5,1029.9(06),1021.5,0,3,22,0,0,1006.4(14),72,1022.4,131,30814
6155A,3.2(08),0,6.4,9,7.7,20.6(16),12.2,0,32/19.2(26),0,66,0,2,2.8(30),0,1166,5.6,0,16,0,13.2,12.6,17.6,2,1986-12,0,2,0,331,4,1034.0(18),1026.2,0,13,14,0,0,1017.4(22),67,1027,101,NA
6155A,62.8(14/oct),9,7.9,42,13.1,39.2(23/ago),24,38,34/26.9(30/ene),14,65,1,56,1.8(03/feb),4,14518,460.1,14,15,0,13.2,18,23,38,1986-13,0,65,0,250,NA,NA,NA,0,NA,NA,1,0,NA,NA,NA,NA,NA
6155A,49.9(29),0,4.8,9,7.5,20.6(06),14,0,33/29.7(14),5,48,1,12,1.4(18),2,908,159.8,1,14,0,7,11.7,15.9,10,1987-01,0,12,0,289,11,1028.9(05),1017.4,0,8,12,0,0,997.1(29),71,1018.2,101,24992
6155A,13.9(02),4,6.7,5,7.6,21.8(26),12,0,33/22.5(12),2,61,0,9,0.6(20),0,752,51.2,0,12,0,10,12.4,17.2,7,1987-02,0,11,0,257,8,1030.0(27),1017,0,7,13,0,0,990.3(11),72,1017.9,107,NA
6155A,1.5(25),3,7.1,2,10.4,30.6(02),19.4,1,34/17.5(29),0,59,0,2,6.0(19),0,1140,2.5,0,14,0,16,15.6,20.9,2,1987-03,0,3,0,256,8,1029.1(30),1017.6,0,3,20,0,0,1007.8(19),64,1018.4,114,NA
6155A,11.5(03),1,7.1,2,11.5,25.8(13),17.4,0,27/22.8(03),1,54,0,4,6.0(03),0,1090,16.3,0,14,0,16,16.6,21.8,2,1987-04,0,7,0,217,6,1026.6(18),1017.1,0,5,19,0,0,994.0(03),66,1017.9,126,NA
6155A,0.0(--),2,9.1,0,13.9,30.8(27),18,2,26/14.4(16),0,64,0,0,9.0(07),0,1506,0,0,14,0,20,19.2,24.5,0,1987-05,0,1,0,230,4,1021.8(20),1014.7,0,8,19,1,0,1007.0(23),57,1015.5,132,NA
6155A,7.4(24),3,10.6,1,17.8,36.6(07),22.8,5,34/15.3(15),0,73,0,2,14.6(01),0,1429,8.1,1,14,0,23,22.8,27.8,1,1987-06,0,5,0,NA,2,1023.7(17),1016.2,0,14,14,1,0,1008.3(09),55,1017,150,NA
6155A,0.0(--),0,NA,NA,20.9,36.6(30),24.6,17,NA,0,NA,NA,0,17.4(25),0,2011,0,0,13,0,26.2,25.8,30.7,0,1987-07,0,1,0,NA,1,1020.1(27),1013.5,0,15,15,0,0,1003.9(18),57,1014.3,191,NA
6155A,70.3(28),0,NA,NA,21,39.0(17),24.2,21,NA,2,NA,NA,2,17.5(30),1,1943,90.6,1,13,0,24.6,26.3,31.5,2,1987-08,0,2,0,NA,4,1019.4(01),1013,0,14,13,0,0,1006.3(23),57,1013.8,193,NA
6155A,3.5(26),0,NA,NA,19.1,33.4(30),21,8,NA,0,NA,NA,2,17.4(14),0,1257,3.9,1,11,0,26.6,24.1,29.1,1,1987-09,0,2,0,NA,1,1022.6(18),1016.2,0,10,19,0,0,1006.6(25),70,1017.1,211,NA
6155A,32.4(09),0,4.9,NA,14.6,27.4(03),19.6,0,NA,1,43,NA,11,7.0(11),1,856,61.3,1,11,0,19,18.8,23,6,1987-10,0,13,0,NA,14,1021.4(07),1014.4,0,2,15,0,0,1002.9(10),71,1015.2,157,NA
6155A,73.4(07),0,6.1,NA,10.1,23.2(12),18,0,NA,2,60,NA,7,3.6(29),1,918,95.7,1,11,0,14,14.7,19.4,4,1987-11,0,8,0,NA,8,1032.6(19),1017.1,0,6,16,0,0,999.5(23),71,1018,123,NA
6155A,31.5(08),5,3.8,5,10.1,22.2(16),14,0,19/21.1(08),5,39,0,13,4.6(30),1,506,129.1,1,10,0,13.6,13.7,17.3,11,1987-12,0,17,0,185,12,1037.2(29),1018.4,0,3,16,1,1,1002.6(03),84,1019.2,134,NA
6155A,73.4(07/nov),18,NA,NA,13.7,39.0(17/ago),24.6,54,NA,18,NA,NA,64,0.6(20/feb),6,14316,618.5,7,13,0,7,18.5,23.3,46,1987-13,0,82,0,NA,79,1037.2(29/dic),1016.1,0,95,191,3,1,990.3(11/feb),66,1016.9,145,NA
6155A,34.8(14),0,4.9,8,8.3,20.6(31),12.6,0,29/18.1(16),3,49,0,9,3.0(10),1,791,82.4,2,16,0,11.4,12.5,16.6,7,1988-01,0,10,0,305,7,1033.2(08),1019.1,0,5,19,0,0,1004.9(17),74,1020,109,NA
6155A,38.6(16),2,6.7,5,7.7,21.4(24),13.6,0,32/16.9(01),2,61,0,6,2.2(29),1,662,67.7,1,15,0,12.4,12.4,17.2,4,1988-02,0,7,0,333,5,1028.6(08),1018.6,0,0,24,1,0,1008.5(29),70,1019.5,104,NA
6155A,10.7(02),0,8.6,3,9.5,31.4(26),13.4,1,31/18.9(30),1,71,0,3,4.0(01),0,1360,13.4,1,17,0,12.4,15.2,20.8,2,1988-03,1,3,0,339,5,1030.0(23),1019.4,0,12,14,0,0,1005.1(05),59,1020.2,102,NA
6155A,4.7(04),2,8.8,3,11.8,27.6(13),16.4,0,34/20.6(27),0,67,0,7,6.0(06),0,1270,12,1,15,0,12.6,17.1,22.4,3,1988-04,0,9,0,299,6,1021.2(13),1013.2,0,1,23,0,0,1003.4(03),62,1014,121,NA
6155A,15.5(05),0,9.2,0,14.9,31.6(30),20,3,20/14.4(01),2,64,0,5,11.4(07),0,1518,28.5,1,16,0,17.6,20,25.1,2,1988-05,0,5,0,308,6,1019.5(20),1012.3,0,4,21,0,0,1003.9(12),59,1013.1,138,NA
6155A,4.6(29),0,9.5,1,17,34.4(04),20,4,18/16.9(03),0,65,0,4,13.0(11),0,1582,5.2,2,15,0,22.6,22,27,1,1988-06,0,6,0,287,3,1017.5(01),1012.3,0,4,23,0,0,1006.3(08),60,1013.1,162,NA
6155A,0.3(05),2,11,0,20.1,36.8(20),23.6,9,32/15.0(20),0,76,0,1,15.4(06),0,1731,0.3,0,13,0,24.6,24.8,29.4,0,1988-07,0,1,0,246,1,1019.9(07),1015.1,0,22,8,0,0,1005.5(04),64,1015.9,205,NA
6155A,0.0(--),2,10.6,NA,20.8,42.0(03),24.6,9,NA,0,79,NA,0,18.5(10),0,1278,0,0,11,0,28,25.6,30.4,0,1988-08,0,0,0,NA,0,1018.2(01),1013.1,0,22,9,1,0,1007.1(20),71,1013.9,240,NA
6155A,9.6(30),0,9.7,1,17.6,34.8(01),23,6,29/20.6(30),0,78,0,2,13.2(24),0,1234,9.9,0,9,0,24.2,22.7,27.8,1,1988-09,0,2,0,250,1,1026.0(26),1017,0,18,11,0,0,1008.6(13),70,1017.8,198,NA
6155A,35.2(18),5,6.3,NA,14.7,30.8(08),19,1,NA,5,56,NA,8,11.0(26),1,674,108.6,4,7,0,18.5,19.1,23.5,6,1988-10,0,10,0,NA,7,1022.4(20),1014.9,0,3,21,0,1,1005.2(14),78,1015.7,169,NA
6155A,24.4(10),2,3.9,NA,12.4,23.2(04),18,0,NA,3,39,NA,16,7.0(30),0,467,113,1,8,0,14.8,16,19.7,13,1988-11,1,15,0,NA,15,1029.0(29),1016.6,0,5,10,0,0,1007.8(03),80,1017.4,147,NA
6155A,0.7(01),1,6.7,0,7.5,20.0(05),13.4,0,31/12.5(03),0,69,0,1,1.8(10),0,1000,0.7,0,10,0,15.4,12.4,17.3,0,1988-12,0,2,0,NA,1,1033.4(31),1024.9,0,9,21,0,0,1004.7(01),71,1025.7,104,NA
6155A,38.6(16/feb),16,8,NA,13.5,42.0(03/ago),24.6,33,NA,16,65,NA,62,1.8(10/dic),3,13567,441.7,13,13,0,11.4,18.3,23.1,39,1988-13,2,70,0,NA,57,1033.4(31/dic),1016.4,0,105,204,2,1,1003.4(03/abr),68,1017.2,150,NA
6155A,23.4(10),0,4.4,0,7.3,17.8(06),13.2,0,02/14.4(06),3,44,0,7,3.0(05),0,631,64.6,1,8,0,14.8,11.8,16.2,5,1989-01,0,8,0,271,8,1038.2(05),1027.5,0,2,21,0,0,1009.8(07),76,1028.4,108,NA
6155A,21.7(05),0,5.7,3,7.5,22.0(25),15.4,0,30/20.0(26),2,52,0,11,2.4(17),0,785,69.8,3,11,0,13.8,12.6,17.7,7,1989-02,2,11,0,NA,7,1036.6(12),1023.1,0,7,14,0,0,999.0(24),72,1024,109,NA
6155A,6.4(27),1,7.3,2,9.3,24.8(16),14,0,32/16.4(01),0,61,0,4,4.0(29),0,1037,8.4,0,12,0,16.4,14.6,19.8,2,1989-03,0,5,0,313,5,1024.9(22),1017.1,0,6,20,1,0,1006.2(18),70,1018,118,NA
6155A,22.0(24),1,8.9,9,10,27.0(29),14.4,0,28/19.2(04),1,67,0,7,4.4(04),0,1397,35.3,3,16,0,15.6,15.4,20.7,4,1989-04,0,8,0,375,4,1023.5(27),1012.7,0,4,22,0,0,999.1(03),62,1013.6,113,NA
6155A,10.7(27),0,9.2,0,13,29.6(12),17,0,32/13.9(12),1,65,0,10,7.6(01),0,1128,23.3,0,11,0,19.4,18.2,23.4,4,1989-05,0,11,0,253,7,1024.3(15),1015.4,0,7,17,0,0,1008.6(23),67,1016.2,147,NA
6155A,0.1(29),0,11.2,0,17.4,39.4(26),23.4,4,18/11.9(16),0,77,0,1,13.6(01),0,1705,0.1,1,12,0,22.6,23,28.7,0,1989-06,0,1,0,216,2,1021.0(20),1014.6,0,15,13,0,0,1010.7(26),54,1015.4,158,NA
6155A,0.0(--),1,11.4,0,21.3,41.8(02),26,22,31/11.1(02),0,79,0,0,18.6(05),0,1818,0,0,11,0,26.6,26.4,31.4,0,1989-07,0,0,0,211,0,1020.3(26),1015.2,0,18,13,0,0,1009.2(04),60,1016,205,NA
6155A,0.0(--),1,9.3,3,22.1,38.2(14),26.6,27,18/20.6(02),0,69,0,0,18.4(07),0,1950,0,1,12,0,28,27.2,32.3,0,1989-08,0,2,0,239,3,1019.5(22),1012.6,0,11,17,0,0,1005.5(05),60,1013.4,212,NA
6155A,38.9(06),2,7.7,1,18.4,30.8(18),21.8,5,28/18.1(18),2,62,0,6,14.0(12),1,864,81.4,4,9,0,24.2,22.8,27.3,5,1989-09,0,7,0,181,4,1020.5(30),1014.2,0,7,19,0,0,1007.7(07),77,1015,216,NA
6155A,38.3(13),0,5.8,0,16,32.6(08),20.2,1,32/13.3(08),2,51,0,7,11.6(31),1,720,68.3,2,9,0,19.8,20.1,24.1,4,1989-10,0,8,0,179,7,1027.4(30),1018.1,0,8,16,0,0,1007.1(08),76,1018.9,181,NA
6155A,140.2(14),0,4,7,12.6,25.4(02),19.6,0,11/21.7(13),9,38,0,13,9.0(08),6,686,497.4,4,9,0,16,16.3,20,11,1989-11,1,13,0,182,15,1023.5(04),1012.7,0,3,12,0,0,1003.1(26),79,1013.6,147,NA
6155A,62.2(25),2,3.6,6,11.1,22.0(15),15.8,0,27/24.4(18),7,38,0,14,6.4(24),4,470,244.3,4,10,0,13.6,14.8,18.5,13,1989-12,0,15,0,149,13,1027.3(22),1014.1,0,2,16,1,0,998.2(26),81,1014.9,138,NA
6155A,140.2(14/nov),8,7.4,31,13.8,41.8(02/jul),26.6,59,27/24.4(18/dic),27,59,0,80,2.4(17/feb),12,13191,1092.9,23,11,0,13.6,18.6,23.3,55,1989-13,3,89,0,NA,75,1038.2(05/ene),1016.4,0,90,200,2,0,998.2(26/dic),70,1017.3,154,NA
6155A,36.6(02),0,6,2,7.1,18.8(25),12.4,0,30/17.5(24),1,60,0,11,2.8(23),1,588,69,4,13,0,13.6,11.9,16.6,9,1990-01,0,12,0,183,3,1036.2(21),1024.3,0,7,21,0,0,1006.3(28),74,1025.2,105,NA
6155A,0.2(05),5,7.4,2,10.2,25.0(27),16,0,33/17.5(12),0,68,0,1,4.6(18),0,881,0.2,0,12,0,16.6,14.8,19.4,0,1990-02,0,1,0,322,6,1034.7(23),1024,0,6,16,3,0,1013.8(16),72,1024.8,123,NA
6155A,11.2(31),1,4.9,5,12.1,25.4(13),15,0,13/24.4(04),1,41,0,7,6.8(22),0,899,24,1,14,0,15.2,15.7,19.3,5,1990-03,0,9,0,290,11,1033.0(20),1023.4,0,4,16,0,0,1012.2(30),70,1024.2,126,NA
6155A,22.5(08),1,8,2,10.8,26.6(15),14.6,0,34/16.9(10),4,61,0,10,6.2(07),0,1083,88.1,3,13,0,17.6,15.6,20.5,8,1990-04,0,12,0,275,6,1025.2(18),1014.1,0,9,15,0,0,1001.2(06),66,1014.9,122,NA
6155A,3.1(10),0,9.5,0,14.5,30.6(20),18.2,1,14/13.9(23),0,67,0,3,10.2(06),0,1238,4.4,0,11,0,19.8,19.3,24.2,2,1990-05,0,3,0,232,2,1024.2(28),1015.1,0,6,23,0,0,1008.2(10),67,1015.9,157,NA
6155A,0.2(04),2,11.1,1,18.2,35.0(27),22.4,12,32/15.8(04),0,75,0,1,15.0(07),0,1806,0.2,0,12,0,24.4,23.5,28.9,0,1990-06,0,1,0,280,0,1018.9(25),1014,0,13,17,0,0,1008.1(04),61,1014.8,178,NA
6155A,4.8(27),2,11.1,0,20.5,38.4(03),24.6,18,18/13.9(28),0,77,0,1,17.6(14),0,1481,4.8,0,11,0,27,25.7,30.8,1,1990-07,0,1,0,210,1,1021.4(07),1015.5,0,21,9,0,0,1009.6(03),57,1016.3,189,NA
6155A,0.4(19),0,10.5,0,21,38.4(15),24.6,12,28/14.4(06),0,77,0,1,18.6(02),0,1198,0.4,3,9,0,28.2,25.7,30.4,0,1990-08,0,1,0,204,1,1021.2(04),1016.2,0,18,12,0,0,1009.9(07),69,1017,231,NA
6155A,4.3(16),0,6.2,0,21.1,35.2(07),24.2,10,14/12.8(18),0,50,0,7,16.6(26),0,1070,11,4,8,0,24.2,25.3,29.6,4,1990-09,0,8,0,200,8,1023.5(27),1015,0,4,18,0,0,1008.5(07),67,1015.8,215,NA
6155A,18.1(21),0,6.8,4,14.8,30.6(07),18.4,1,32/16.9(29),4,60,0,9,12.0(25),0,1138,60.3,2,12,0,18.4,19.5,24.2,8,1990-10,0,12,0,259,4,1020.3(05),1014.3,0,2,25,0,0,1006.9(21),67,1015.2,153,NA
6155A,22.0(08),3,6.8,1,9.5,23.8(15),16.4,0,32/16.1(25),2,67,0,3,1.6(30),0,733,50.7,0,11,0,15.2,14.5,19.5,3,1990-11,0,7,0,267,3,1028.7(17),1016.5,0,10,17,0,1,1002.2(25),69,1017.3,118,NA
6155A,11.9(08),3,4.1,4,8.3,21.4(28),13,0,33/18.1(12),1,42,0,6,2.4(01),0,NA,21.3,0,15,0,12.2,12.1,16,4,1990-12,0,10,0,347,11,1027.3(30),1018.6,1,5,15,0,0,1002.7(08),68,1019.4,99,NA
6155A,36.6(02/ene),17,7.7,21,14,38.4(03/jul),24.6,54,13/24.4(04/mar),13,62,0,60,1.6(30/nov),1,NA,334.4,17,12,0,12.2,18.6,23.3,44,1990-13,0,77,0,256,56,1036.2(21/ene),1017.6,1,105,204,3,1,1001.2(06/abr),67,1018.4,151,NA
6155A,10.0(20),0,6.1,1,6.6,21.4(09),11.2,0,32/18.1(04),1,61,0,5,1.0(14),0,791,19.9,0,12,0,12.4,11.6,16.6,4,1991-01,2,3,0,296,2,1031.7(02),1023.7,0,6,23,0,0,1014.7(14),67,1024.5,93,NA
6155A,46.2(17),1,6,1,5.9,21.2(22),10,0,25/15.6(28),2,55,0,9,2.2(15),1,702,83.9,1,12,0,11.6,11.2,16.4,7,1991-02,0,10,0,284,7,1029.9(23),1017.2,0,6,14,0,0,995.5(19),65,1018.1,88,NA
6155A,57.2(06),2,6.1,4,9.7,24.4(14),12.4,0,22/21.1(07),2,51,0,13,5.8(08),1,933,93.5,0,13,0,14.8,14.5,19.3,6,1991-03,0,14,0,267,7,1027.8(19),1011.8,0,1,23,1,0,981.6(07),65,1012.6,110,NA
6155A,11.8(16),0,7.7,2,9.5,25.2(28),13.6,0,32/17.2(26),1,58,0,9,6.2(14),0,1118,27.5,1,13,0,15.4,14.6,19.8,8,1991-04,0,10,0,275,6,1024.1(10),1016.6,0,3,21,0,0,1007.9(17),62,1017.5,106,NA
6155A,0.2(11),0,10.7,1,12.3,31.2(16),17.4,1,29/16.7(01),0,76,0,2,7.8(04),0,1481,0.4,1,14,0,19.4,17.8,23.2,0,1991-05,0,2,0,253,1,1030.3(22),1016.3,0,13,17,0,0,1006.0(08),55,1017.1,117,NA
6155A,0.6(01),1,10.1,0,17.8,35.6(27),21.4,8,32/15.0(07),0,69,0,2,14.8(20),0,1322,0.9,2,13,0,23,22.6,27.4,0,1991-06,0,3,0,243,1,1022.4(30),1015.6,0,13,16,0,0,1008.5(16),63,1016.4,175,NA
6155A,0.0(--),1,11.1,0,20.3,40.6(14),23.2,19,29/12.8(06),0,77,0,0,16.8(08),0,1604,0,0,13,0,25.8,25.4,30.6,0,1991-07,0,0,0,251,1,1022.4(01),1014.6,0,19,11,0,0,1007.4(28),56,1015.4,185,NA
6155A,0.0(--),0,10.3,0,20.6,40.0(08),24,19,16/11.9(17),0,76,0,0,16.4(01),0,1703,0,2,12,0,26.6,25.7,30.8,0,1991-08,0,2,0,232,0,1019.1(02),1014.8,0,14,17,0,0,1009.2(08),57,1015.6,190,NA
6155A,16.2(28),0,8.8,0,19.6,35.8(08),24.2,9,18/14.4(24),1,70,0,4,12.4(28),0,1013,27.9,1,11,0,22.6,24.3,29,3,1991-09,0,7,0,226,3,1021.1(17),1015.2,0,9,18,0,0,1002.2(29),68,1016.2,212,NA
6155A,40.4(09),1,7.1,0,13.2,27.2(08),17,0,14/10.0(05),4,63,0,9,8.8(21),2,682,120.8,2,10,0,17.8,17.5,21.8,6,1991-10,0,9,0,246,5,1024.1(02),1015.4,0,8,18,1,0,1003.8(10),76,1016.2,151,NA
6155A,42.0(28),2,6.9,3,9.3,24.4(04),16,0,32/17.2(19),2,67,0,6,3.6(23),1,979,65.8,1,12,0,14.4,14.3,19.4,3,1991-11,0,7,0,309,2,1030.6(07),1019.2,0,7,21,0,0,1012.2(30),71,1020.1,119,NA
6155A,12.9(08),1,3.9,NA,9.3,23.0(23),14.4,0,NA,1,40,NA,9,2.6(28),0,719,29.6,0,9,0,12.6,13.1,16.9,5,1991-12,0,10,0,NA,11,1036.3(26),1024.6,0,7,13,0,0,1013.1(01),74,1025.4,112,NA
6155A,57.2(06/mar),9,7.9,NA,12.8,40.6(14/jul),24.2,56,NA,14,64,NA,68,1.0(14/ene),5,13047,470.2,11,12,0,11.6,17.7,22.6,42,1991-13,2,77,0,NA,46,1036.3(26/dic),1017.1,0,106,212,2,0,981.6(07/mar),65,1017.9,138,NA
6155A,15.7(30),0,5.3,0,6.7,19.4(26),13.6,0,11/13.9(29),1,53,0,4,-0.2(25),0,798,23.7,2,12,1,12.4,11.2,15.7,2,1992-01,0,7,0,296,5,1033.9(02),1023.6,0,9,17,0,0,1012.2(21),66,1024.4,91,NA
6155A,20.6(19),0,5.9,2,7,22.2(12),12,0,17/17.8(23),1,54,0,7,0.6(05),0,625,34.1,0,10,0,13.2,11.8,16.7,5,1992-02,0,7,0,234,8,1029.4(03),1023.7,0,8,13,0,0,1007.9(19),70,1024.6,100,NA
6155A,12.4(30),3,6.6,5,8.8,30.0(23),12.2,1,27/18.9(24),1,54,0,4,4.2(29),0,1007,20.2,1,13,0,15.6,13.9,19,3,1992-03,0,7,0,257,7,1033.0(10),1019.4,0,6,18,0,0,998.4(31),65,1020.3,106,NA
6155A,10.3(02),0,9,1,10.7,30.2(25),18,1,32/16.9(08),1,68,0,5,7.4(05),0,1361,23.7,0,12,0,15.6,16.5,22.3,4,1992-04,0,5,0,251,1,1027.8(17),1015.1,0,12,14,0,0,1001.2(04),59,1015.9,113,NA
6155A,0.3(08),0,9.4,1,14.2,30.4(11),20.4,1,32/15.6(02),0,66,0,2,10.0(05),0,1769,0.4,1,13,0,19.8,19.9,25.5,0,1992-05,0,4,0,256,1,1026.6(15),1015.3,0,4,26,0,0,1006.2(02),57,1016.1,140,NA
6155A,24.4(14),0,9.2,0,16.2,33.4(19),22,2,31/13.3(17),3,63,0,6,13.6(07),0,1919,65.5,2,15,0,17.4,21.3,26.5,5,1992-06,0,6,0,314,5,1019.0(04),1013.2,0,9,16,0,0,1006.9(14),56,1014.1,148,NA
6155A,1.8(30),1,10.9,0,20.2,36.4(21),23.6,8,18/14.4(20),0,76,0,1,17.6(09),0,1259,1.8,0,12,0,25.2,24.5,28.9,1,1992-07,0,1,0,208,0,1021.2(27),1015.5,0,21,10,0,0,1009.1(01),64,1016.3,203,NA
6155A,0.0(--),0,10,2,21.3,38.2(27),24.8,24,28/16.9(28),0,74,0,0,16.8(11),0,1967,0,0,13,0,26.4,26.5,31.7,0,1992-08,0,0,0,277,0,1021.2(12),1015.5,0,16,15,0,0,1008.5(28),55,1016.3,188,NA
6155A,13.0(26),0,7.9,0,18.3,29.0(05),22.6,0,27/13.3(01),1,64,0,2,11.4(27),0,754,13.3,0,10,0,21.8,22.3,26.3,1,1992-09,0,2,0,182,7,1024.6(02),1017.4,0,12,11,0,0,1008.3(26),72,1018.3,195,NA
6155A,37.2(16),1,7,4,12.8,32.0(03),17.4,1,31/24.4(04),4,62,0,9,10.0(13),2,1357,111.8,3,14,0,17,17.7,22.6,6,1992-10,0,9,0,295,5,1025.1(24),1013,0,8,18,0,0,998.6(16),66,1013.9,136,NA
6155A,9.4(15),2,7.7,7,10.4,25.6(14),16.6,0,29/18.9(18),0,75,0,4,5.6(27),0,1159,12.1,0,14,0,15.8,15.5,20.7,2,1992-11,0,4,0,331,1,1031.1(25),1023.1,0,11,18,0,1,1010.6(15),67,1023.9,118,NA
6155A,22.2(15),0,4.2,6,9.3,22.4(02),12.6,0,28/24.7(09),1,43,0,2,4.2(14),0,916,22.3,1,12,0,13.4,13.4,17.5,1,1992-12,0,5,0,272,5,1023.7(27),1018.3,0,5,21,0,0,1009.8(05),68,1019.2,105,NA
6155A,37.2(16/oct),7,7.8,28,13,38.2(27/ago),24.8,38,28/24.7(09/dic),13,63,0,46,-0.2(25/ene),2,14891,328.9,10,13,1,12.4,17.9,22.8,30,1992-13,0,57,0,264,45,1033.9(02/ene),1017.8,0,121,197,0,1,998.4(31/mar),64,1018.6,137,NA
6155A,26.2(30),1,6.5,2,5.4,20.6(28),11,0,29/16.4(03),2,65,0,3,0.4(08),0,761,51.3,2,11,0,11.2,10.7,16.1,3,1993-01,0,3,0,262,4,1035.9(06),1027,0,12,15,0,0,1009.4(31),71,1027.9,95,NA
6155A,31.6(11),0,5.6,2,7.9,18.6(26),12.4,0,34/17.8(27),1,51,0,7,3.0(28),1,746,44.2,1,10,0,13.4,11.9,16,5,1993-02,0,10,0,222,7,1029.2(15),1021,0,5,16,0,0,1004.1(27),70,1021.8,102,NA
6155A,32.6(13),1,6.8,2,8.8,25.4(22),14.8,0,29/17.5(01),2,57,0,6,-1.2(02),1,733,64.1,1,11,1,11.2,13.6,18.5,5,1993-03,0,8,0,214,8,1030.3(17),1017.8,0,5,18,0,0,1000.9(01),71,1018.7,115,NA
6155A,8.8(24),0,8.5,4,9.8,31.0(09),17.4,1,22/17.5(24),0,65,0,8,6.8(18),0,1189,25.6,0,14,0,14.4,15.3,20.9,5,1993-04,0,10,0,266,2,1023.7(17),1013.9,0,5,23,0,0,1003.0(24),62,1014.7,111,NA
6155A,19.0(04),2,8.4,NA,13.1,29.2(30),17.2,0,NA,1,59,NA,10,9.4(03),0,1533,43.7,3,12,0,20,18.2,23.2,7,1993-05,0,13,0,245,5,1019.9(21),1012.6,0,2,24,0,0,1005.5(05),62,1013.5,135,NA
6155A,0.0(--),1,11.3,0,16.9,35.0(30),23.6,6,20/15.0(23),0,77,0,0,13.5(12),0,2341,0,0,15,0,24.2,22.5,28.1,0,1993-06,0,2,0,260,1,1021.5(16),1015.4,0,13,16,0,0,1008.1(05),53,1016.2,153,NA
6155A,0.0(--),2,10.7,1,19.9,36.2(30),23,5,32/15.6(10),0,74,0,0,17.0(15),0,1136,0,0,11,0,26.2,24.3,28.7,0,1993-07,0,0,0,200,0,1022.6(27),1015.9,0,18,13,0,0,1009.2(20),66,1016.7,209,NA
6155A,0.0(--),0,8.5,0,21.5,39.2(08),25.4,12,29/15.0(25),0,63,0,0,14.6(26),0,1818,0,1,10,0,26.2,25.9,30.3,0,1993-08,0,1,0,193,2,1020.5(19),1014.9,0,8,21,0,0,1006.9(23),63,1015.7,220,NA
6155A,1.2(17),2,10.1,1,17.8,34.2(12),24,13,34/16.1(13),0,81,0,1,11.4(29),0,2466,1.2,0,16,0,21,23.4,29,1,1993-09,0,2,0,356,1,1019.8(20),1013.4,0,11,18,1,0,1008.5(08),52,1014.2,149,NA
6155A,25.6(26),2,5.3,1,13,27.2(01),17.6,0,32/18.1(02),6,47,0,13,8.8(25),0,1126,126.5,1,11,0,16.4,17.2,21.5,9,1993-10,0,15,0,210,10,1022.3(18),1013.7,0,3,18,1,0,999.9(13),73,1014.5,142,NA
6155A,24.3(03),1,3.5,0,11.1,21.4(13),16,0,30/14.4(29),3,34,0,13,6.0(22),0,715,73.9,3,11,0,16.2,14.8,18.5,6,1993-11,0,18,0,229,12,1025.9(26),1016,0,3,15,0,0,998.9(03),75,1016.9,129,NA
6155A,0.8(22),0,7.1,6,7.4,20.4(06),12.2,0,32/18.9(21),0,73,0,2,3.4(19),0,1612,1,0,16,0,15.4,12.6,17.8,0,1993-12,0,3,0,388,1,1032.7(19),1023.1,0,10,20,0,0,1009.0(14),65,1024,97,NA
6155A,32.6(13/mar),12,7.7,NA,12.7,39.2(08/ago),25.4,37,NA,15,62,NA,63,-1.2(02/mar),2,16176,431.5,12,12,1,11.2,17.5,22.4,41,1993-13,0,85,0,254,53,1035.9(06/ene),1017.1,0,95,217,2,0,998.9(03/nov),65,1017.9,138,NA
6155A,24.8(06),0,6.5,6,7,22.4(02),13.8,0,33/19.7(06),1,65,0,4,2.0(21),0,1817,31.4,0,16,0,11.4,11.8,16.6,3,1994-01,0,7,0,407,1,1034.3(27),1021.9,0,8,21,0,0,994.3(06),63,1022.7,91,NA
6155A,97.3(15),1,6.7,4,7.2,23.0(12),12,0,33/16.9(04),2,62,0,7,2.6(10),1,1334,131.9,3,15,0,11.8,12.5,17.7,6,1994-02,1,6,0,341,NA,1031.9(09),1017.5,0,NA,NA,0,0,1002.6(28),61,1018.4,90,NA
6155A,6.2(22),2,8.2,1,9.7,26.4(31),14.2,0,30/20.0(25),0,69,0,3,6.0(16),0,875,6.7,2,11,0,17,14.7,19.6,1,1994-03,0,4,0,154,2,1029.6(03),1020.6,0,9,20,0,0,1007.5(01),70,1021.5,119,NA
6155A,18.8(15),0,9,5,10.4,28.6(09),15.8,0,32/20.6(10),1,69,0,6,5.2(17),0,2032,33.4,0,17,0,14.6,15.8,21.2,3,1994-04,0,6,0,295,2,1027.9(03),1016.3,0,9,19,0,0,1002.9(19),56,1017.1,102,NA
6155A,4.3(13),2,9.4,2,14.2,31.0(26),19.4,2,25/15.6(06),0,66,0,7,9.0(14),0,1590,11.6,0,14,0,19.2,19.5,24.8,4,1994-05,0,8,0,243,NA,1023.8(01),1013.3,0,NA,NA,1,0,1004.1(13),56,1014.2,134,NA
6155A,0.2(15),0,11.3,1,17.7,34.6(19),22.6,6,33/15.6(25),0,77,0,1,13.0(15),0,2325,0.2,0,13,0,22.4,22.6,27.4,0,1994-06,0,2,0,260,1,1022.6(09),1016.8,0,17,12,0,0,1010.6(17),54,1017.6,154,NA
6155A,0.0(--),1,10,0,21.4,44.0(05),24.8,14,32/14.4(31),0,69,0,0,18.4(12),0,1770,0,0,12,0,25.4,26.3,31.1,0,1994-07,0,0,0,217,2,1020.5(14),1013.7,0,14,15,1,0,1009.8(23),60,1014.5,207,NA
6155A,3.1(14),1,10,0,22,40.0(23),26.6,17,29/13.3(24),0,74,0,2,18.6(26),0,2675,3.3,2,11,0,26.8,26.7,31.5,1,1994-08,0,3,0,239,1,1017.9(05),1013.1,0,17,13,0,0,1008.2(30),60,1013.9,204,NA
6155A,5.5(29),0,9.4,1,17.6,37.0(04),24,6,32/16.4(14),0,75,0,1,10.2(24),0,2099,5.5,1,14,0,21.4,22.5,27.5,1,1994-09,0,3,0,269,1,1020.7(05),1013.9,0,12,17,0,0,1001.5(21),55,1014.7,147,NA
6155A,13.4(06),6,5.9,0,15.8,28.2(17),19.2,0,32/14.4(21),1,52,0,8,12.8(26),0,718,23.2,1,9,0,20.4,19.5,23.1,5,1994-10,0,10,0,194,8,1024.5(13),1014.5,1,0,22,0,0,1002.6(19),76,1015.3,171,NA
6155A,35.7(03),1,5.6,1,12.2,25.4(01),17,0,31/17.5(17),2,55,0,3,7.6(27),1,702,51.7,1,11,0,18,16.7,21.2,3,1994-11,0,4,0,232,3,1028.9(24),1020.3,0,9,18,0,0,1004.9(04),75,1021.2,143,NA
6155A,0.0(--),1,7.1,3,9.1,23.2(31),14.8,0,30/18.1(09),0,73,0,0,1.4(26),0,1606,0,0,15,0,13.8,14.1,19.1,0,1994-12,0,3,0,379,1,1031.9(11),1024.9,0,6,24,1,0,1016.7(02),62,1025.8,105,NA
6155A,97.3(15/feb),15,8.3,24,13.7,44.0(05/jul),26.6,45,32/20.6(10/abr),7,67,0,42,1.4(26/dic),2,19543,298.9,10,13,0,11.4,18.6,23.4,27,1994-13,1,56,0,269,NA,1034.3(27/ene),1017.2,1,NA,NA,3,0,994.3(06/ene),62,1018.1,139,NA
6155A,4.1(01),0,7.1,9,8,23.0(01),13.4,0,24/18.6(18),0,71,0,4,1.2(03),0,2032,10.9,0,17,0,14.2,13.4,18.7,4,1995-01,0,4,0,434,1,1032.3(08),1025.1,0,11,19,0,0,1012.9(01),56,1026,90,NA
6155A,3.6(10),1,8,5,9.8,28.4(25),15.8,0,34/19.4(26),0,74,0,4,2.8(28),0,1556,6.9,0,16,0,16.4,15.2,20.6,3,1995-02,0,5,0,377,1,1032.5(04),1021.9,0,6,21,1,0,1002.9(10),62,1022.7,108,NA
6155A,23.0(11),2,7.4,5,10.5,29.0(28),15.2,0,32/19.2(03),1,61,0,3,5.4(08),0,1437,32.8,0,16,0,14,15.2,19.8,2,1995-03,0,4,0,307,5,1028.6(23),1017.3,1,6,20,0,0,998.4(11),65,1018.1,111,NA
6155A,1.9(27),0,8.8,0,10.7,28.2(19),16,0,32/15.0(21),0,67,0,2,6.6(23),0,1579,2,0,14,0,16.8,16,21.4,1,1995-04,0,6,0,254,4,1028.2(01),1015,0,7,19,0,0,1004.5(20),53,1015.8,100,NA
6155A,0.3(07),3,9.7,1,15.5,35.0(18),20.6,5,32/16.4(12),0,68,0,1,11.8(15),0,1785,0.3,0,15,0,21.2,20.4,25.3,0,1995-05,0,3,0,265,3,1021.5(03),1014.9,0,6,22,0,0,1006.7(11),55,1015.8,135,NA
6155A,7.5(25),0,9.5,0,18.2,33.0(14),21.2,8,21/13.9(06),0,65,0,3,14.2(02),0,1436,12.2,1,14,0,22.2,22.7,27.3,2,1995-06,0,6,0,266,2,1019.4(20),1013,0,9,19,0,0,1004.9(24),63,1013.9,178,NA
6155A,0.3(08),0,10.5,1,20.9,37.0(14),23.6,22,21/16.4(08),0,73,0,1,18.0(30),0,2294,0.3,1,14,0,25.8,26.1,31.4,0,1995-07,0,1,0,271,0,1019.7(19),1013,0,17,14,0,0,1007.9(30),58,1013.8,204,NA
6155A,0.0(--),0,9.9,0,22.1,39.8(17),25.8,17,29/13.3(04),0,73,0,0,19.0(28),0,2007,0,0,13,0,27.6,26.8,31.6,0,1995-08,0,1,0,233,2,1020.9(12),1012.8,0,18,11,0,0,1007.0(09),59,1013.6,211,NA
6155A,0.0(--),4,8.9,0,16.8,34.0(15),23.2,9,33/13.9(08),0,71,0,0,11.6(28),0,2105,0,0,14,0,22.2,22.2,27.6,0,1995-09,0,1,0,247,0,1025.5(26),1014.9,0,11,19,1,0,1007.7(04),56,1015.7,150,NA
6155A,0.3(02),1,7.5,0,16.1,28.0(05),19.8,0,23/11.4(05),0,66,0,3,13.2(16),0,877,0.6,1,9,0,22.4,20.2,24.3,0,1995-10,0,6,0,160,4,1028.6(18),1018.9,0,2,25,0,0,1011.9(05),71,1019.8,171,NA
6155A,59.2(29),0,4.9,3,12.9,30.4(04),18.4,1,34/17.2(21),2,48,0,7,6.6(28),1,1167,87.2,4,13,0,16,17.4,21.8,6,1995-11,0,7,0,253,6,1026.2(22),1016.5,0,4,20,0,0,1001.4(11),68,1017.4,138,NA
6155A,63.6(14),0,3.7,7,10.6,22.2(25),15,0,12/21.7(15),7,38,0,16,7.0(09),2,819,219.6,5,11,0,14.6,14.4,18.3,14,1995-12,0,16,0,236,10,1028.2(02),1014.1,0,0,21,0,0,995.1(15),78,1015,131,NA
6155A,63.6(14/dic),11,8,31,14.3,39.8(17/ago),25.8,62,12/21.7(15/dic),10,65,0,44,1.2(03/ene),3,19094,372.8,12,14,0,14,19.2,24,32,1995-13,0,60,0,275,38,1032.5(04/feb),1016.5,1,97,230,2,0,995.1(15/dic),62,1017.3,144,NA
6155A,66.3(21),1,2.4,9,10.1,21.0(03),14.4,0,31/21.7(28),10,25,0,23,5.4(26),2,759,325.7,7,11,0,13,13.5,16.8,20,1996-01,NA,NA,NA,229,19,1021.0(03),1009.3,0,1,11,0,0,997.8(21),76,1010.2,120,NA
6155A,30.4(14),0,6.8,7,7.4,20.4(06),12.2,0,32/19.2(27),2,62,0,4,0.6(23),1,1501,60.4,4,18,0,12.6,11.9,16.5,4,1996-02,1,5,0,354,6,1027.1(17),1016.7,0,5,18,0,0,1004.2(01),59,1017.5,86,NA
6155A,28.2(12),1,6.5,2,9.8,26.2(28),14,0,14/15.6(05),3,54,0,8,4.6(18),0,1014,82.1,3,12,0,13.4,14.1,18.4,4,1996-03,0,10,0,233,10,1022.6(01),1012.6,0,4,17,0,0,998.2(13),68,1013.5,111,NA
6155A,43.9(28),0,8.2,2,11.3,28.4(13),15.2,0,32/18.1(17),2,62,0,4,8.4(23),1,1082,61,2,13,0,16,16.4,21.4,3,1996-04,0,5,0,235,4,1024.5(08),1014,0,4,22,0,0,1005.2(28),63,1014.8,120,NA
6155A,30.3(03),4,8.5,1,13,27.6(28),15.6,0,23/17.5(06),4,60,0,9,9.6(12),1,1130,92.7,1,13,0,17,17.9,22.8,6,1996-05,0,11,0,215,5,1025.9(22),1013.7,0,7,19,1,0,1004.3(06),64,1014.6,139,NA
6155A,0.0(--),1,11.1,0,17.5,31.4(20),22,3,20/15.0(15),0,76,0,0,15.0(01),0,1576,0,0,12,0,23.6,22,26.6,0,1996-06,0,0,0,201,0,1022.7(11),1016.9,0,15,15,0,0,1006.4(20),62,1017.7,175,NA
6155A,0.3(14),0,11.2,0,20.2,37.0(05),24.4,11,32/13.9(07),0,78,0,2,17.8(11),0,1798,0.5,0,12,0,25.4,24.8,29.4,0,1996-07,0,2,0,225,0,1022.3(09),1015.2,0,21,10,0,0,1007.2(06),59,1016,191,NA
6155A,15.3(14),3,11.2,1,20.7,39.4(11),25.4,15,32/17.5(24),1,83,0,2,17.4(29),0,2238,16.4,1,14,0,25.8,25.7,30.8,2,1996-08,0,3,0,273,1,1019.1(03),1013.1,0,25,5,0,0,1007.9(11),57,1013.9,190,NA
6155A,26.6(11),0,8.3,2,17.4,33.4(08),21.8,3,32/18.6(22),1,67,0,4,12.6(28),0,1711,29.6,0,14,0,21.4,22.1,26.7,3,1996-09,0,4,0,249,2,1025.0(29),1013.3,0,6,22,0,0,1005.0(11),60,1014.1,160,NA
6155A,46.9(13),2,8.7,0,13.7,28.0(01),19.6,0,04/13.3(06),1,77,0,2,10.0(08),1,1312,47,0,12,0,19.6,18.5,23.3,1,1996-10,0,2,0,229,2,1027.8(31),1018.2,0,14,15,0,0,999.4(14),66,1019,141,NA
6155A,30.3(13),1,6.6,7,10.7,23.6(05),16,0,23/18.6(11),3,65,0,5,6.4(19),1,1390,85,2,16,0,13.2,15.2,19.7,5,1996-11,0,7,0,319,4,1029.8(02),1018.8,0,6,20,0,0,996.2(12),69,1019.6,125,NA
6155A,58.6(20),2,3.5,1,9.6,24.0(01),13.4,0,23/18.9(29),13,36,0,19,2.8(07),5,500,354.6,4,10,0,13,13,16.5,17,1996-12,0,20,0,190,13,1024.7(27),1010.3,0,3,15,1,0,996.2(21),78,1011.1,120,NA
6155A,66.3(21/ene),15,7.8,32,13.5,39.4(11/ago),25.4,32,31/21.7(28/ene),40,62,0,82,0.6(23/feb),12,16011,1155,24,13,0,12.6,17.9,22.4,65,1996-13,NA,NA,NA,246,66,1029.8(02/nov),1014.3,0,111,189,2,0,996.2(12/nov),65,1015.2,140,NA
6155A,67.9(05),1,3.5,2,8.5,19.2(08),13.2,0,29/16.9(01),9,35,0,17,5.0(05),5,569,307.6,3,11,0,11.8,12.2,15.8,11,1997-01,1,19,0,219,9,1031.5(30),1016,0,2,20,1,0,999.3(02),77,1016.9,113,NA
6155A,15.2(03),3,8.3,3,9.4,25.0(26),15.2,0,33/20.6(14),1,76,0,1,6.4(11),0,764,15.2,0,14,0,16.2,14.5,19.6,1,1997-02,0,2,0,280,2,1033.5(28),1026.9,0,12,14,1,0,1018.9(15),72,1027.7,120,NA
6155A,0.0(--),1,9.1,0,9.9,29.2(20),14.8,0,32/14.4(25),0,75,0,0,7.0(05),0,598,0,0,11,0,17.6,15,20.1,0,1997-03,0,0,0,198,0,1033.1(03),1021.7,0,15,16,1,0,1004.7(25),70,1022.6,124,NA
6155A,11.1(25),0,7.9,1,12.7,29.4(27),17.2,0,31/17.2(17),1,60,0,8,8.2(13),0,1119,30,1,12,0,18.2,17.4,22.2,5,1997-04,0,9,0,206,NA,1025.2(10),1014.5,0,NA,NA,0,0,997.2(20),68,1015.3,141,NA
6155A,16.8(24),1,8.9,3,15,31.2(04),19.8,1,33/16.7(07),2,63,0,5,11.8(17),0,1766,49,3,14,0,20,20,25,5,1997-05,0,6,0,262,2,1023.9(02),1013.7,0,0,27,0,0,1007.5(25),59,1014.5,142,NA
6155A,5.3(04),1,11,1,18.1,36.4(14),24,11,32/15.6(28),0,75,0,4,14.0(01),0,2616,14.5,1,15,0,20.8,23.6,29.1,4,1997-06,0,4,0,293,NA,1017.2(09),1011.4,0,NA,NA,1,0,1001.6(26),53,1012.2,159,NA
6155A,0.0(--),0,11.8,0,18.8,34.4(10),22.4,12,28/15.0(24),0,82,0,0,14.6(01),0,2079,0,0,13,0,24.4,24,29.1,0,1997-07,0,1,0,235,NA,1022.7(05),1015.2,0,NA,NA,0,0,1009.4(01),57,1016,178,NA
6155A,4.7(24),0,10.3,0,20.3,35.4(06),24,15,30/13.9(28),0,76,0,3,17.0(31),0,1817,5.2,1,13,0,25.6,25.1,30,1,1997-08,0,4,0,229,NA,1022.0(13),1014.6,0,NA,NA,0,0,1007.5(07),59,1015.4,195,NA
6155A,83.0(27),0,8,1,19,32.8(01),22.6,6,20/17.5(29),2,63,0,10,15.0(28),1,1017,130.6,6,10,0,22.6,23.3,27.6,6,1997-09,0,11,0,196,NA,1021.6(08),1015.9,0,NA,NA,0,0,1008.3(29),71,1016.7,207,NA
6155A,8.3(04),0,7.6,0,17.2,32.8(12),24.4,2,31/13.9(29),0,67,0,7,10.4(31),0,1062,16.7,3,10,0,20.4,21.3,25.5,3,1997-10,0,11,0,257,4,1022.2(30),1014.8,0,4,23,0,0,1008.2(05),72,1015.6,186,NA
6155A,57.2(02),0,5.7,NA,12,25.0(04),17.4,0,NA,2,56,NA,14,6.0(24),2,817,138.9,1,14,0,14.6,16.3,20.6,10,1997-11,0,17,0,NA,5,1024.4(29),1014,0,5,20,0,0,994.6(06),77,1014.9,145,NA
6155A,70.6(17),1,4.7,7,9.7,21.4(09),14.6,0,32/17.5(04),6,48,0,14,4.2(06),1,1282,186.5,4,16,0,13,13.7,17.8,14,1997-12,0,14,0,378,9,1033.1(24),1017.5,0,3,19,1,0,996.7(05),79,1018.4,127,NA
6155A,83.0(27/sep),8,8.1,NA,14.2,36.4(14/jun),24.4,47,NA,23,65,NA,83,4.2(06/dic),9,15506,894.2,23,13,0,11.8,18.9,23.5,60,1997-13,1,98,0,NA,NA,1033.5(28/feb),1016.4,0,NA,NA,5,0,994.6(06/nov),68,1017.2,153,NA
6155A,24.8(31),0,5.4,5,8.3,20.8(03),14,0,34/18.1(03),3,54,0,9,4.0(30),0,975,75.3,2,16,0,10.8,12.9,17.5,7,1998-01,0,9,0,382,6,1030.4(15),1019.8,0,3,22,0,0,1002.2(28),77,1020.6,118,NA
6155A,92.2(03),2,4.1,1,9.6,20.0(04),14,0,32/15.6(22),4,37,0,9,4.4(24),2,374,160.8,1,9,0,13.6,13.2,16.9,6,1998-02,0,9,0,229,14,1035.5(23),1024.1,0,3,11,2,0,1001.1(03),79,1025,126,NA
6155A,7.0(28),1,8.5,1,9.3,29.6(08),16,0,34/20.3(11),0,71,0,2,4.8(14),0,1008,8.7,0,12,0,16.4,15,20.8,2,1998-03,0,3,0,271,2,1029.8(19),1022.3,0,7,22,1,0,1008.6(29),63,1023.2,112,NA
6155A,4.0(22),0,9.4,3,11.8,27.4(26),15.2,0,28/16.4(11),0,71,0,3,7.0(14),0,2337,6.4,1,17,0,19.2,17.3,22.8,2,1998-04,0,8,0,335,0,1023.0(24),1014,0,3,27,0,0,1004.6(15),50,1014.9,102,NA
6155A,14.4(03),0,8.3,0,13.6,28.2(26),16.4,0,29/14.4(01),1,58,0,12,8.0(02),0,1214,47,2,13,0,19.4,18.6,23.6,9,1998-05,0,13,0,222,4,1021.4(08),1013.8,0,3,24,0,0,1006.7(01),63,1014.6,141,NA
6155A,16.9(04),2,11.1,0,17.6,36.4(10),22,5,32/13.3(06),1,76,0,3,13.0(01),0,1430,20.6,1,12,0,23.4,22.5,27.3,2,1998-06,0,3,0,209,1,1025.2(17),1016.1,0,13,16,0,0,1007.9(05),64,1016.9,185,NA
6155A,0.0(--),0,11.8,0,20.1,38.4(27),24.6,15,29/14.4(02),0,82,0,0,16.4(04),0,1779,0,0,13,0,26,25.4,30.8,0,1998-07,0,0,0,210,0,1021.4(04),1014,0,28,3,0,0,1008.1(14),59,1014.8,204,NA
6155A,0.0(--),0,10.1,0,20.5,38.4(27),23.4,19,29/12.5(28),0,75,0,0,18.0(01),0,1733,0,0,11,0,26.4,25.7,30.8,0,1998-08,0,2,0,176,0,1022.8(04),1014.7,0,17,14,0,0,1007.0(31),62,1015.5,217,NA
6155A,7.4(26),0,7.6,4,19.4,37.0(04),24.2,10,32/18.1(07),0,61,0,6,15.0(28),0,1958,18.4,1,13,0,24,24.4,29.4,5,1998-09,0,7,0,226,3,1019.0(21),1013.6,0,8,19,0,0,1008.6(13),66,1014.4,201,NA
6155A,0.0(--),2,9.2,2,12.5,30.0(18),19,1,30/19.2(19),0,82,0,0,9.2(21),0,1773,0,0,13,0,20.2,18.2,23.9,0,1998-10,0,1,0,217,0,1029.2(23),1019.9,1,12,19,1,0,1007.3(04),63,1020.8,134,NA
6155A,11.3(06),0,6.8,3,12,27.4(11),18.6,0,32/19.2(29),1,66,0,3,4.4(23),0,1956,12,0,13,0,16.8,16.8,21.6,1,1998-11,0,4,0,296,3,1028.8(09),1019.2,0,7,20,0,0,1007.9(04),63,1020.1,123,NA
6155A,35.8(31),0,6.3,6,6.3,24.6(12),12.8,0,19/23.6(30),3,65,0,6,1.4(01),1,1292,91.3,3,12,0,11.4,11.8,17.3,6,1998-12,1,6,0,330,3,1035.9(14),1022,0,12,16,0,0,1001.7(31),68,1022.8,98,NA
6155A,92.2(03/feb),7,8.2,25,13.4,38.4(27/jul),24.6,50,19/23.6(30/dic),13,67,0,53,1.4(01/dic),3,17829,440.5,11,13,0,10.8,18.5,23.6,40,1998-13,1,65,0,259,36,1035.9(14/dic),1017.8,1,116,213,4,0,1001.1(03/feb),65,1018.6,147,NA
6155A,23.9(21),0,6.3,3,6.6,24.2(29),14.2,0,31/16.4(18),2,63,0,5,1.0(20),0,1453,47.3,1,14,0,10.8,11.8,16.9,5,1999-01,0,7,0,380,6,1032.0(25),1019.9,0,13,12,0,0,1003.0(01),66,1020.8,93,NA
6155A,12.2(26),1,8.3,2,7.4,25.0(22),14,0,32/16.1(06),1,76,0,6,1.6(03),0,1482,34.7,2,15,0,13.6,12.7,18,4,1999-02,0,6,0,374,1,1035.0(03),1020.9,0,13,14,1,0,1008.6(27),61,1021.7,91,NA
6155A,41.4(24),2,7.5,3,9.3,23.4(29),15,0,32/17.5(04),1,63,0,7,4.0(08),1,989,61.3,3,12,0,16,14.1,18.9,6,1999-03,0,7,0,278,5,1026.7(01),1014.6,0,6,20,1,0,1007.9(09),68,1015.4,111,NA
6155A,8.7(28),0,9.7,2,11,27.4(13),17,0,35/18.9(17),0,74,0,3,7.4(11),0,1751,15.8,1,14,0,18.8,17,22.9,3,1999-04,0,3,0,292,0,1026.4(06),1016.9,0,11,19,0,0,1004.2(28),57,1017.7,113,NA
6155A,2.8(01),4,9.1,6,15.3,35.0(14),23.8,4,29/19.2(14),0,65,0,2,10.0(02),0,2020,3.3,0,16,0,17.8,20.4,25.5,1,1999-05,0,4,0,360,4,1022.2(19),1014.9,0,5,22,2,0,1006.7(16),61,1015.8,148,NA
6155A,1.4(12),0,11.4,0,18.2,36.5(27),24,5,30/15.0(27),0,78,0,3,15.2(10),0,1952,2,1,15,0,22.4,23.1,27.9,1,1999-06,0,3,0,347,1,1021.5(09),1016.4,0,14,15,0,0,1009.8(06),56,1017.2,163,NA
6155A,0.0(--),1,11.3,0,20.6,39.8(03),24.8,14,33/13.3(04),0,79,0,0,18.0(31),0,1596,0,0,15,0,27.2,25.5,30.4,0,1999-07,0,0,0,335,0,1021.1(07),1013.3,0,21,10,0,0,1007.0(04),58,1014.1,192,NA
6155A,0.0(--),5,10.5,0,21.2,39.2(17),25.4,17,13/14.4(12),0,77,0,0,16.4(11),0,2227,0,0,15,0,23.6,26.5,31.7,0,1999-08,0,0,0,363,0,1019.2(11),1011.9,0,16,15,3,0,1004.7(08),63,1012.7,216,NA
6155A,15.6(19),0,9.2,2,18.7,38.6(03),25.2,8,24/21.1(19),1,74,0,2,14.2(20),0,1878,19.6,1,15,0,22.6,23.7,28.6,2,1999-09,0,5,0,353,1,1019.9(09),1013.3,0,9,20,0,0,1000.2(19),67,1014.1,201,NA
6155A,31.6(20),5,5.7,5,16.1,33.0(03),19.2,1,20/24.2(20),3,50,0,12,11.8(19),1,876,69.9,0,11,0,20,20.1,24.1,6,1999-10,0,16,0,287,9,1024.4(31),1015.6,0,1,21,0,0,997.4(20),77,1016.5,182,NA
6155A,16.9(11),0,6.6,8,9.5,27.0(06),17,0,11/20.6(30),1,64,0,5,2.0(23),0,778,21.1,3,17,0,13.8,14.2,19,3,1999-11,0,6,0,427,1,1029.2(25),1019.2,0,5,24,0,0,1004.7(20),72,1020,122,NA
6155A,7.7(29),0,5.5,11,9.7,22.8(13),15.4,0,32/21.1(15),0,57,0,5,4.6(23),0,1064,12.2,0,17,0,12.4,13.7,17.6,3,1999-12,0,7,0,475,5,1029.6(18),1023.1,0,6,20,0,0,1009.0(15),74,1024,122,NA
6155A,41.4(24/mar),18,8.4,42,13.6,39.8(03/jul),25.4,49,20/24.2(20/oct),9,68,0,50,1.0(20/ene),2,18066,287.2,12,15,0,10.8,18.6,23.5,34,1999-13,0,64,0,356,33,1035.0(03/feb),1016.7,0,120,212,7,0,997.4(20/oct),65,1017.5,146,NA
6155A,23.0(15),1,6,2,6.4,19.6(31),13.2,0,28/17.5(19),1,60,0,9,2.4(25),0,567,46.9,4,13,0,9.6,11,15.6,7,2000-01,0,9,0,362,2,1033.6(30),1023,0,7,22,0,0,1008.5(14),80,1023.9,109,NA
6155A,0.0(--),2,8.7,7,8.5,25.4(16),13.6,0,28/20.6(09),0,80,0,0,4.6(06),0,976,0,0,16,0,18,14.3,20.2,0,2000-02,0,0,0,417,0,1034.2(05),1026.8,0,13,16,1,0,1019.6(20),73,1027.7,124,NA
6155A,12.4(22),2,7.6,3,9.3,26.0(01),14.8,0,33/17.5(28),1,63,0,3,6.0(04),0,1058,13.7,1,15,0,16,14.7,20.1,2,2000-03,0,4,0,362,2,1031.6(08),1019.7,0,8,21,0,0,1007.5(28),71,1020.5,123,NA
6155A,22.2(15),0,7.7,7,10.9,26.4(20),16.2,0,29/20.6(27),7,58,0,13,6.4(06),0,1640,113.4,2,17,0,14,15.7,20.5,10,2000-04,0,15,0,388,6,1025.4(23),1011.8,0,6,18,0,0,992.2(02),66,1012.7,122,NA
6155A,12.0(06),0,9.2,0,15,32.8(28),21,4,07/15.0(16),1,65,0,12,11.0(02),0,1053,44.3,2,14,0,19.4,19.6,24.2,8,2000-05,0,13,0,326,3,1019.5(13),1014.6,0,9,19,0,0,1007.5(03),66,1015.4,156,NA
6155A,1.2(03),0,11.6,4,18.7,36.8(28),22.2,6,30/16.4(09),0,80,0,1,14.6(08),0,1370,1.2,1,15,0,24.4,23.3,27.8,1,2000-06,0,2,0,339,1,1027.9(12),1017.4,0,15,14,0,0,1011.7(30),63,1018.2,190,NA
6155A,0.0(--),1,11.6,2,20.3,37.0(25),23.4,15,32/17.5(10),0,80,0,0,16.8(14),0,2406,0,0,16,0,26.4,25.5,30.6,0,2000-07,0,1,0,348,0,1020.6(31),1013.4,0,21,10,0,0,1006.6(10),61,1014.2,205,NA
6155A,0.0(--),1,10.4,2,20.7,41.0(03),23.8,12,32/16.1(12),0,76,0,0,18.0(15),0,2115,0,0,14,0,26.4,25.8,30.9,0,2000-08,0,1,0,331,1,1020.0(06),1015.3,0,22,8,1,0,1007.7(31),58,1016.1,194,NA
6155A,4.2(28),2,9.2,0,18,38.6(02),22.6,5,33/15.0(30),0,74,0,1,13.0(21),0,1434,4.2,1,13,0,24.4,22.9,27.9,1,2000-09,0,5,0,309,0,1020.4(25),1014.8,0,14,16,0,0,1007.0(18),67,1015.6,193,NA
6155A,18.8(11),3,7.4,4,13.6,31.6(02),19,1,30/16.9(31),2,66,0,7,9.4(20),0,1342,51.4,1,14,0,18.4,18.6,23.6,5,2000-10,0,9,0,344,3,1027.4(18),1016.6,0,4,24,0,0,1002.2(12),72,1017.4,152,NA
6155A,6.8(06),1,5.5,3,10.3,24.6(27),15.8,0,21/18.1(23),0,54,0,9,6.6(08),0,1468,32.7,1,13,0,14.2,15.1,19.8,9,2000-11,0,11,0,359,4,1024.6(26),1016.9,0,3,23,0,0,1006.9(06),72,1017.7,126,NA
6155A,77.9(23),3,4.3,7,8.3,23.4(14),11.6,0,25/22.8(25),2,44,0,12,3.4(19),2,849,147.6,2,11,0,13.2,12.9,17.5,11,2000-12,0,13,0,325,8,1033.2(12),1016.9,0,1,22,1,0,995.3(26),78,1017.8,119,NA
6155A,77.9(23/dic),16,8.3,41,13.3,41.0(03/ago),23.8,43,25/22.8(25/dic),14,67,0,67,2.4(25/ene),2,16278,455.4,15,14,0,9.6,18.3,23.2,54,2000-13,0,83,0,351,30,1034.2(05/feb),1017.3,0,123,213,3,0,992.2(02/abr),69,1018.1,151,NA
6155A,26.0(11),3,5.8,5,8.6,21.0(23),12.8,0,31/26.4(28),1,58,1,10,3.2(09),0,860,52,2,14,0,14,12.9,17.2,8,2001-01,0,14,0,385,5,1028.0(20),1019,0,5,21,2,0,1005.9(12),73,1019.9,112,NA
6155A,4.4(14),0,7.4,4,8.3,24.0(13),11.4,0,11/19.7(19),0,68,0,5,5.0(13),0,755,12.5,2,15,0,14.6,13.4,18.6,4,2001-02,0,13,0,377,0,1036.6(11),1021.1,0,6,22,0,0,1006.1(24),71,1021.9,112,NA
6155A,17.6(02),2,7.1,7,11.6,27.4(22),17,0,24/28.9(02),2,59,1,7,7.0(01),0,911,48,0,14,0,15.6,16.6,21.6,5,2001-03,0,7,0,362,5,1022.2(13),1014.7,0,4,22,0,0,999.7(02),71,1015.6,137,NA
6155A,0.0(--),0,10.3,5,12.7,30.0(23),17.8,1,33/19.7(07),0,78,0,0,8.8(02),0,1363,0,0,16,0,19.6,18.3,23.8,0,2001-04,0,1,0,411,1,1024.7(08),1016.6,0,9,20,0,0,1006.5(20),68,1017.4,147,NA
6155A,10.6(03),0,NA,1,14.7,28.4(26),18.4,0,19/16.9(02),1,NA,0,6,9.6(04),0,NA,25.9,2,14,0,15.6,19.6,24.4,4,2001-05,0,6,0,330,5,1023.2(28),1014.7,0,10,16,0,0,1007.5(03),67,1015.6,159,NA
6155A,0.0(--),1,NA,3,19.5,40.0(26),26,13,29/19.7(16),0,NA,0,0,16.0(22),0,1540,0,0,15,0,25,24.8,30.1,0,2001-06,0,0,0,374,0,1022.6(04),1015.7,0,21,9,0,0,1009.3(09),57,1016.5,184,NA
6155A,0.0(--),3,NA,2,20.9,38.4(14),24.4,15,33/19.2(19),0,NA,0,0,17.4(20),0,582,0,1,14,0,26.4,25.7,30.6,0,2001-07,0,2,0,374,1,1021.8(01),1014,0,20,10,0,0,1003.5(04),58,1014.9,192,NA
6155A,3.4(25),2,NA,0,22.8,38.0(02),25.8,20,28/15.0(03),0,NA,0,1,19.4(18),0,NA,3.4,1,14,0,26.4,27.3,31.7,1,2001-08,0,2,0,344,0,1022.0(11),1014.7,0,14,17,1,0,1009.0(19),60,1015.5,220,NA
6155A,37.0(22),0,NA,0,20,35.6(17),23,6,29/14.4(18),4,NA,0,7,15.6(26),1,1123,101.2,3,12,0,23.8,24.2,28.5,7,2001-09,0,8,0,304,3,1020.0(26),1013.9,0,8,19,0,0,1005.5(22),69,1014.7,211,NA
6155A,24.7(19),2,NA,2,16.5,28.6(05),19.8,0,08/22.8(11),2,NA,0,6,13.0(31),0,697,61.1,1,11,0,18.2,20.7,24.8,6,2001-10,0,8,0,305,5,1027.4(24),1017.9,0,6,20,1,0,1008.2(19),74,1018.8,178,NA
6155A,53.5(04),2,5,7,10.7,23.4(01),18,0,34/20.0(14),1,49,0,6,3.4(16),1,853,66.4,1,15,0,11,14.6,18.4,4,2001-11,0,8,0,403,5,1027.6(29),1019,0,5,20,0,0,1004.2(09),72,1019.9,125,NA
6155A,14.5(23),0,3,8,9.5,23.4(30),14.6,0,11/22.8(17),1,31,0,14,3.2(29),0,552,52.1,0,16,0,11.2,13,16.5,9,2001-12,0,15,0,434,13,1029.4(05),1019.7,0,4,14,0,0,1004.3(23),76,1020.5,117,NA
6155A,53.5(04/nov),15,NA,44,14.7,40.0(26/jun),26,55,24/28.9(02/mar),12,NA,2,62,3.2(09/ene),2,NA,422.6,13,14,0,11,19.3,23.9,48,2001-13,0,84,0,367,43,1036.6(11/feb),1016.8,0,112,210,4,0,999.7(02/mar),68,1017.6,158,NA
6155A,15.0(03),0,5.9,8,9.4,20.6(23),14.8,0,11/20.0(06),1,58,0,4,4.2(21),0,672,24.4,0,15,0,15,13.4,17.4,4,2002-01,0,6,0,438,6,1034.6(11),1026,0,7,18,0,0,1017.2(23),73,1026.8,115,NA
6155A,0.2(19),0,7.4,5,8.7,25.8(27),12.6,0,34/20.0(06),0,68,0,2,4.0(02),0,860,0.3,0,15,0,14.8,14.1,19.4,0,2002-02,0,4,0,428,4,1032.7(04),1022.8,0,10,14,0,0,1012.3(14),64,1023.6,103,NA
6155A,24.2(03),0,6.8,5,10.4,26.8(23),15,0,13/22.2(03),5,57,0,11,7.0(05),0,740,113.2,1,13,0,14,14.8,19.1,8,2002-03,0,14,0,329,9,1027.8(21),1016.5,0,6,16,0,0,1005.8(13),70,1017.4,119,NA
6155A,35.1(07),0,8.6,5,11.4,33.0(25),18.6,2,33/22.2(03),3,65,0,12,8.2(11),1,789,72.9,4,14,0,16.4,16.5,21.5,5,2002-04,1,12,0,341,4,1030.0(22),1013.3,0,11,15,0,0,987.1(11),70,1014.1,132,NA
6155A,5.2(07),0,10.5,8,14.6,33.6(25),20.4,2,34/21.1(03),0,74,0,3,9.8(08),0,1372,6.5,0,17,0,17.2,19.7,24.9,2,2002-05,0,6,0,401,4,1023.0(14),1014.9,0,11,16,0,0,1001.4(07),55,1015.8,130,NA
6155A,0.6(13),2,10.8,4,19.1,38.8(28),22,8,32/18.1(08),0,74,0,3,16.4(11),0,1420,1.3,1,15,0,25.6,24.1,29,0,2002-06,0,5,0,376,1,1020.4(22),1015.6,0,15,14,0,0,1007.1(05),58,1016.4,175,NA
6155A,0.0(--),0,12,0,21.1,37.4(10),24.8,15,28/14.4(22),0,83,0,0,16.6(16),0,1478,0,0,15,0,26.2,25.8,30.5,0,2002-07,0,0,0,338,0,1018.8(24),1014.3,0,22,9,0,0,1008.3(31),59,1015.1,198,NA
6155A,1.7(05),0,10.7,1,20.9,38.6(06),24.2,16,32/16.4(10),0,79,0,1,17.4(30),0,1258,1.7,1,14,0,27,25.7,30.4,1,2002-08,0,2,0,332,0,1019.2(31),1013.7,0,17,14,0,0,1009.0(01),63,1014.5,207,NA
6155A,8.9(16),2,8.1,0,18.9,32.8(05),21,6,30/15.0(04),0,65,0,3,17.0(07),0,1122,9.2,1,13,0,23.2,23.4,27.8,1,2002-09,0,5,0,303,4,1021.0(29),1014.9,0,4,22,0,0,1008.6(13),68,1015.8,193,NA
6155A,14.2(20),1,7.4,4,15.8,27.8(12),21.2,0,30/20.6(12),1,66,0,6,11.4(18),0,1056,21.2,0,13,0,22,20.3,24.7,4,2002-10,0,7,0,357,5,1026.6(27),1017.2,0,2,24,0,0,1004.3(09),71,1018,168,NA
6155A,69.4(14),1,5.7,14,13.2,28.4(04),20.2,0,17/19.2(24),3,55,0,11,9.2(16),2,1282,163.1,2,16,0,15.2,17.4,21.7,11,2002-11,2,11,0,449,5,1030.4(30),1015.8,0,3,22,0,0,993.0(15),67,1016.6,130,NA
6155A,27.4(13),3,5.4,9,10.4,22.8(25),13.8,0,32/19.2(04),3,55,0,11,4.4(08),0,NA,86.8,0,14,0,12.8,14.4,18.3,10,2002-12,0,12,0,410,7,1027.6(01),1019.2,0,4,20,1,0,1008.3(27),73,1020.1,120,NA
6155A,69.4(14/nov),9,8.3,63,14.5,38.8(28/jun),24.8,49,13/22.2(03/mar),16,67,0,67,4.0(02/feb),3,NA,500.6,10,15,0,12.8,19.1,23.7,46,2002-13,3,84,0,375,49,1034.6(11/ene),1017,0,112,204,1,0,987.1(11/abr),66,1017.9,149,NA
6155A,3.7(07),0,6.7,14,7.4,22.0(03),12.6,0,32/23.6(31),0,67,0,7,2.6(13),0,1099,8.3,0,17,0,12.2,12.3,17.2,4,2003-01,0,10,0,484,0,1033.2(14),1021.6,0,9,22,0,0,1005.0(09),61,1022.5,89,NA
6155A,41.1(07),0,5.6,6,8.3,21.4(03),13.6,0,31/20.0(04),2,52,0,9,1.6(02),1,670,84.1,3,15,0,13.8,12.6,16.9,8,2003-02,0,12,0,418,10,1029.6(28),1018.8,0,6,12,0,0,1005.1(05),68,1019.6,103,NA
6155A,40.0(27),0,5.8,5,11.2,24.6(02),15,0,12/22.8(17),2,48,0,8,7.6(01),1,763,71,0,14,0,14.6,15.2,19.1,5,2003-03,0,10,0,374,11,1029.5(01),1019.9,0,1,19,0,0,1009.3(22),72,1020.7,126,NA
6155A,43.1(22),0,8.2,3,11.8,26.0(02),16.2,0,29/18.6(03),3,62,0,8,6.2(07),1,772,80,2,13,0,16.4,16.4,21,4,2003-04,0,11,0,336,6,1023.2(01),1014,0,5,19,0,0,1002.2(19),68,1014.9,130,NA
6155A,2.2(07),0,10.9,3,15.2,33.6(24),20,1,33/18.1(06),0,77,0,2,11.0(09),0,991,2.7,0,13,0,20.2,19.8,24.4,1,2003-05,0,4,0,331,1,1027.4(22),1016.7,0,10,20,0,0,1005.5(24),66,1017.5,157,NA
6155A,0.0(--),0,11.4,0,20,37.2(27),25.4,16,28/13.3(02),0,78,0,0,16.6(04),0,1491,0,0,14,0,24.2,25.2,30.4,0,2003-06,0,1,0,356,0,1020.7(14),1013.7,0,20,10,0,0,1006.9(22),58,1014.5,192,NA
6155A,0.0(--),0,11.7,1,21.1,40.5(27),25.2,22,33/16.1(01),0,81,0,0,17.8(05),0,1722,0,0,15,0,27,26.8,32.5,0,2003-07,0,0,0,363,1,1020.8(29),1014.4,0,26,4,0,0,1006.3(14),54,1015.2,194,NA
6155A,0.0(--),0,11.1,1,22.2,36.6(25),25.4,28,29/19.2(15),0,82,0,0,17.8(18),0,1681,0,1,14,0,28.2,27.2,32.3,0,2003-08,0,1,0,341,0,1020.8(13),1014.6,0,21,10,0,0,1006.9(28),57,1015.4,212,NA
6155A,4.4(30),0,9.5,2,19.7,35.2(01),24.2,9,31/18.6(09),0,76,0,2,16.0(28),0,1032,4.8,0,13,0,25.8,24,28.4,1,2003-09,0,3,0,316,3,1023.9(20),1017,0,9,18,0,0,1006.2(30),64,1017.8,189,NA
6155A,64.3(06),0,4.3,4,16,26.0(15),19.4,0,24/21.1(31),6,38,0,19,10.8(31),3,522,220.3,6,11,0,17.8,19.4,22.9,15,2003-10,0,21,0,303,9,1022.8(09),1012.9,0,1,21,0,0,995.8(31),77,1013.7,173,NA
6155A,36.3(22),0,5.5,7,11.9,22.6(20),14.8,0,31/19.2(27),3,53,0,9,7.4(26),1,478,77.8,3,13,0,16.6,15.8,19.7,7,2003-11,0,10,0,390,7,1027.2(04),1015.7,0,3,20,0,0,998.1(22),73,1016.5,132,NA
6155A,84.9(04),1,5.4,7,8.5,22.4(15),13.6,0,11/21.7(05),6,55,0,8,3.7(25),3,467,227.2,4,14,0,12.6,12.9,17.3,7,2003-12,1,8,0,402,5,1028.3(23),1019,0,6,20,0,0,1003.7(04),72,1019.8,110,NA
6155A,84.9(04/dic),1,8,53,14.4,40.5(27/jul),25.4,76,32/23.6(31/ene),22,64,0,72,1.6(02/feb),10,11688,776.2,19,14,0,12.2,19,23.5,52,2003-13,1,91,0,368,53,1033.2(14/ene),1016.5,0,117,195,0,0,995.8(31/oct),66,1017.3,151,NA
6155A,1.3(29),3,7.2,15,9.9,22.8(13),15,0,34/23.3(19),0,73,0,4,2.0(20),0,721,2.6,0,18,0,15.4,14.6,19.3,2,2004-01,0,5,0,521,3,1026.8(31),1018.9,0,13,15,0,0,1009.7(28),67,1019.8,113,NA
6155A,51.5(24),2,4.7,4,9.5,22.4(16),14,0,33/19.2(28),3,43,0,8,4.9(28),1,337,98.8,3,14,0,13.6,13.3,17,7,2004-02,0,10,0,351,11,1038.6(04),1019.2,0,3,15,0,0,992.6(21),76,1020,118,NA
6155A,102.1(27),0,6.4,6,10.1,25.0(05),14.6,0,34/19.2(10),4,53,0,8,2.4(03),3,558,269.7,2,13,0,14,14.5,18.9,5,2004-03,0,10,0,349,8,1033.4(03),1019,0,4,19,0,0,997.9(28),72,1019.9,122,NA
6155A,47.4(09),0,9.6,5,10.4,28.4(07),15,0,33/22.8(19),2,72,0,5,7.2(04),1,771,65.7,1,14,0,16.8,15.7,21.1,4,2004-04,0,7,0,361,4,1027.6(03),1013.7,0,10,16,0,0,1002.7(29),62,1014.5,116,NA
6155A,23.2(02),0,9,6,13.3,27.0(31),18.2,0,28/24.2(03),1,63,0,7,9.0(01),0,517,42,0,13,0,15.4,17.7,22,6,2004-05,1,8,0,326,6,1023.4(19),1014.3,0,4,21,0,0,991.3(02),67,1015.1,144,NA
6155A,0.0(--),1,12,1,19.1,33.1(18),22,8,32/18.1(20),0,82,0,0,16.0(16),0,943,0,0,14,0,23.8,23.7,28.4,0,2004-06,0,0,0,322,0,1021.5(10),1016.4,0,18,12,0,0,1009.1(06),60,1017.2,183,NA
6155A,0.1(05),0,11.1,2,21.3,37.0(29),25,12,34/18.6(08),0,77,0,1,16.2(10),0,1223,0.1,0,14,0,25.6,25.5,29.6,0,2004-07,0,1,0,320,0,1020.2(24),1014.7,0,20,11,0,0,1010.2(29),64,1015.5,215,NA
6155A,0.0(--),3,10.6,1,22.2,38.2(16),25.6,22,28/16.4(24),0,78,0,0,19.4(16),0,1656,0,0,14,0,26,27,31.9,0,2004-08,0,1,0,357,0,1019.8(14),1013.7,0,19,12,1,0,1006.2(08),58,1014.5,207,NA
6155A,0.3(03),3,8.5,1,19.1,33.6(24),23.2,12,29/15.6(25),0,69,0,1,14.6(30),0,896,0.3,1,13,0,24.6,24,29,0,2004-09,0,4,0,311,3,1022.2(22),1016.4,0,12,15,1,0,1009.5(01),65,1017.3,194,NA
6155A,17.0(27),2,6.7,2,14.9,28.6(07),18.2,0,34/19.2(25),1,59,0,7,6.0(25),0,786,22.4,0,13,0,19,19.8,24.8,2,2004-10,0,10,0,338,6,1023.0(02),1014.4,0,7,18,0,0,1003.9(27),68,1015.2,159,NA
6155A,62.1(30),2,5.9,5,10.8,23.4(02),16.2,0,34/18.1(11),1,58,0,5,4.0(16),1,709,73.3,0,12,0,15.8,15.3,19.8,3,2004-11,0,6,0,331,5,1029.5(17),1018.5,0,7,18,0,0,1003.1(30),70,1019.4,122,NA
6155A,32.2(03),0,6.2,10,8.9,22.0(18),15,0,32/22.8(25),4,63,0,8,4.0(25),1,860,109,1,19,0,12,13.1,17.2,7,2004-12,0,8,0,482,2,1031.2(31),1018.3,0,7,22,0,0,985.0(01),66,1019.2,100,NA
6155A,102.1(27/mar),16,8.2,58,14.1,38.2(16/ago),25.6,54,28/24.2(03/may),16,66,0,54,2.0(20/ene),7,9977,683.9,8,14,0,12,18.7,23.3,36,2004-13,1,70,0,364,48,1038.6(04/feb),1016.5,0,124,194,2,0,985.0(01/dic),66,1017.3,149,NA
6155A,2.0(30),1,7.2,5,5.6,23.0(22),11.4,0,30/17.5(19),0,71,0,1,-0.2(27),0,700,2,0,15,1,9.4,11.1,16.5,1,2005-01,0,1,0,408,0,1036.7(06),1025.4,0,16,15,0,0,1010.2(27),61,1026.2,85,NA
6155A,37.0(28),0,7.5,4,5.5,24.4(13),9.6,0,32/19.2(21),4,69,0,8,1.6(01),1,692,110.3,3,15,0,10.6,10.9,16.2,6,2005-02,1,8,0,396,3,1039.1(11),1017.1,0,14,11,0,0,994.3(28),63,1018,84,NA
6155A,25.2(01),0,5.7,1,10,25.6(30),15,0,30/16.1(29),3,47,0,10,3.6(10),0,440,60.1,0,13,0,9.4,14.1,18.2,6,2005-03,0,14,0,341,11,1029.2(17),1017.3,0,2,18,0,0,997.9(01),72,1018.2,119,NA
6155A,20.5(02),1,9.6,6,12.3,30.0(21),17,1,32/19.7(15),1,73,0,3,8.4(14),0,1228,21.9,0,16,0,16.4,17.4,22.4,2,2005-04,0,3,0,415,4,1026.8(05),1015.6,0,9,17,0,0,1006.6(08),57,1016.4,115,NA
6155A,6.0(29),0,9.8,2,15.7,32.6(08),19.6,4,28/15.6(02),0,69,0,4,12.0(01),0,1034,6.8,3,15,0,22,20.9,26,1,2005-05,0,9,0,352,4,1021.6(24),1015.5,0,10,17,0,0,1008.2(11),53,1016.3,135,NA
6155A,0.0(--),0,11.6,1,19.1,37.2(30),24,13,28/15.6(29),0,79,0,0,16.4(16),0,1367,0,1,14,0,24,24.3,29.6,0,2005-06,0,1,0,337,0,1022.0(07),1015.4,0,14,16,0,0,1006.7(12),53,1016.2,165,NA
6155A,0.0(--),0,11.4,1,22,40.4(17),26.2,17,32/16.1(18),0,79,0,0,17.6(13),0,1901,0,0,16,0,27.6,27,32,0,2005-07,0,0,0,384,0,1024.2(20),1014,0,23,8,0,0,1006.7(24),51,1014.8,183,NA
6155A,0.2(19),1,9.8,0,21.1,38.0(26),25.2,16,33/13.9(10),0,72,0,1,17.0(24),0,1194,0.2,0,13,0,26.2,25.8,30.4,0,2005-08,0,1,0,309,1,1021.2(04),1014.6,0,18,12,0,0,1006.7(08),61,1015.4,201,NA
6155A,0.5(06),0,9.1,3,18.5,37.4(05),22.6,8,33/15.6(05),0,73,0,2,12.8(21),0,1450,0.7,1,14,0,24,23.4,28.3,0,2005-09,0,3,0,343,1,1023.1(29),1016.3,0,10,19,0,0,1006.5(07),57,1017.1,164,NA
6155A,18.1(10),1,6.8,1,16,27.4(21),20,0,34/15.6(13),2,60,0,8,11.2(15),0,494,45.8,1,11,0,21.2,20,23.9,6,2005-10,0,9,0,301,6,1022.3(25),1017,0,4,21,1,0,1012.2(22),71,1017.9,167,NA
6155A,19.8(14),0,6.2,6,10.2,24.0(02),15.4,0,32/20.6(09),2,60,0,8,5.5(28),0,678,44.8,2,13,0,15,14.8,19.4,5,2005-11,0,8,0,376,5,1027.9(09),1016.4,0,6,19,0,0,1003.7(13),66,1017.3,114,NA
6155A,1.9(25),0,4,8,8.8,21.6(04),14.6,0,33/23.3(31),0,42,0,4,4.0(12),0,642,3.6,0,16,0,14,13.1,17.4,1,2005-12,0,8,0,420,5,1026.6(11),1019.2,0,4,22,0,0,1009.8(27),70,1020,108,NA
6155A,37.0(28/feb),4,8.2,38,13.7,40.4(17/jul),26.2,59,33/23.3(31/dic),12,66,0,49,-0.2(27/ene),1,11820,296.2,11,14,1,9.4,18.6,23.4,28,2005-13,1,65,0,365,40,1039.1(11/feb),1017,0,130,195,1,0,994.3(28/feb),61,1017.8,137,NA
6155A,74.5(27),0,4.7,7,7.4,19.2(03),12.2,0,10/20.6(30),2,48,0,12,2.2(29),1,755,128.3,3,15,0,11.4,11.5,15.6,11,2006-01,0,13,0,438,7,1029.8(11),1018.4,0,6,18,0,0,1001.5(27),70,1019.3,96,NA
6155A,21.1(25),0,6.5,6,7.7,19.0(10),11.8,0,33/20.6(16),1,60,0,8,3.4(25),0,604,37.4,1,13,0,12.6,12.2,16.6,5,2006-02,0,11,0,354,4,1025.4(07),1016.3,0,3,21,0,0,1002.5(26),68,1017.2,100,NA
6155A,60.8(18),1,7.4,9,10.3,26.6(29),15,0,29/24.2(05),2,62,0,7,5.2(02),1,1085,98.3,1,16,0,14,15.3,20.3,5,2006-03,0,9,0,417,4,1029.0(06),1016.6,0,4,23,0,0,1002.3(18),65,1017.5,114,NA
6155A,12.6(14),0,8.4,1,13.8,27.8(01),17.8,0,34/16.4(17),1,64,0,3,10.4(09),0,772,26.3,2,13,0,18.8,18.3,22.8,3,2006-04,0,4,0,339,6,1019.9(03),1013.5,0,3,21,0,0,1004.6(23),67,1014.3,141,NA
6155A,9.0(02),0,8,5,16.3,33.0(18),20,4,33/18.6(23),0,56,0,2,12.4(07),0,944,10.6,1,15,0,20.4,20.7,25.2,2,2006-05,0,7,0,371,4,1025.1(24),1015.4,0,3,24,0,0,1005.7(03),64,1016.2,160,NA
6155A,1.2(01),0,10.7,0,18.3,34.6(24),22.1,10,12/15.0(01),0,73,0,3,12.8(05),0,1026,2,4,14,0,22.5,23.3,28.3,1,2006-06,1,4,0,331,0,1023.4(01),1015.2,0,12,18,0,0,1009.8(13),55,1016,165,NA
6155A,0.0(--),2,11,0,21,41.6(22),23.4,22,28/15.0(04),0,76,0,0,16.6(02),0,1498,0,1,13,0,24.8,26.3,31.6,0,2006-07,0,2,0,329,0,1021.9(10),1015.5,0,21,10,0,0,1008.2(28),53,1016.3,190,NA
6155A,1.9(17),2,10.9,2,20.8,42.0(01),24.2,17,21/17.5(17),0,80,0,1,16.0(18),0,1254,1.9,0,13,0,25,25.8,30.9,1,2006-08,0,1,0,310,1,1021.5(20),1013.1,0,20,10,1,0,1004.7(03),56,1013.9,187,NA
6155A,3.0(11),0,9,2,19,31.8(08),22,8,33/16.1(14),0,72,0,4,16.0(18),0,1195,6.6,2,13,0,25,23.7,28.5,2,2006-09,0,6,0,341,0,1023.5(04),1014.8,0,6,24,0,0,1007.2(21),60,1015.6,178,NA
6155A,14.6(25),3,5.7,3,16.6,31.6(03),20,3,14/16.4(27),2,50,0,7,12.4(08),0,612,35.2,0,10,0,21.4,20.8,25,5,2006-10,0,7,0,279,7,1025.1(28),1015.3,0,6,18,0,0,1004.5(25),69,1016.1,168,NA
6155A,91.8(07),0,5.2,2,13,30.0(01),18.6,1,33/18.6(22),4,51,0,9,7.0(19),2,394,168,1,12,0,17.2,17,20.9,5,2006-11,0,10,0,332,9,1029.0(30),1019.8,0,6,15,0,0,1008.6(25),72,1020.7,142,NA
6155A,31.5(23),0,6.5,5,8.2,21.2(04),13.8,0,31/19.2(08),1,67,0,6,3.0(25),1,526,42.2,1,14,0,10.8,12.7,17.1,4,2006-12,0,6,0,392,2,1039.2(31),1025.3,0,6,23,0,0,1014.4(08),68,1026.2,104,NA
6155A,91.8(07/nov),8,7.8,42,14.4,42.0(01/ago),24.2,65,29/24.2(05/mar),13,63,0,62,2.2(29/ene),5,10665,556.8,17,13,0,10.8,19,23.6,44,2006-13,1,80,0,353,44,1039.2(31/dic),1016.6,0,96,225,1,0,1001.5(27/ene),64,1017.4,145,NA
6155A,7.0(29),0,6.7,4,6.1,22.0(04),11.2,0,10/26.9(28),0,68,1,6,1.0(27),0,477,14.8,0,13,0,11.8,11.8,17.5,4,2007-01,0,7,0,373,2,1038.5(01),1024.8,0,13,16,0,0,1005.9(26),69,1025.6,99,NA
6155A,4.8(04),0,6.2,8,10.2,25.2(28),13.8,0,31/18.1(09),0,57,0,8,5.0(01),0,599,22.3,0,13,0,14.2,14.7,19.3,7,2007-02,0,9,0,381,5,1026.7(27),1019.3,0,2,21,0,0,1009.5(08),67,1020.1,115,NA
6155A,3.5(26),1,8.6,10,9.3,24.6(02),15.8,0,34/30.0(07),0,72,1,2,4.6(12),0,1004,3.9,0,18,0,16.2,14.9,20.4,1,2007-03,0,4,0,441,0,1029.9(10),1019,0,11,20,0,0,1008.6(24),54,1019.8,95,NA
6155A,45.8(09),0,6.4,2,11.6,26.0(29),15.4,0,32/16.4(04),2,48,0,11,6.4(03),1,553,98.7,2,13,0,15.2,16,20.3,7,2007-04,0,13,0,310,10,1020.7(24),1014.5,0,3,17,0,0,1008.1(01),68,1015.3,126,NA
6155A,24.7(21),0,10.2,4,15.2,33.0(11),19.5,5,33/16.9(05),2,72,0,7,12.0(02),0,1611,44.5,5,15,0,16.4,20.6,26,5,2007-05,1,8,0,378,1,1025.5(08),1014.6,0,9,21,0,0,1005.8(20),49,1015.4,122,NA
6155A,0.0(--),0,12.4,0,18.8,36.6(25),23,13,32/15.0(25),0,85,0,0,14.6(02),0,1756,0,0,16,0,24,24,29.2,0,2007-06,0,0,0,378,0,1020.3(02),1013.7,0,14,16,0,0,1007.4(18),51,1014.5,155,NA
6155A,0.0(--),1,12.5,0,20.6,38.2(04),22.8,15,30/15.0(02),0,87,0,0,18.0(01),0,1741,0,0,15,0,25.8,25.8,31.1,0,2007-07,0,0,0,336,0,1020.3(10),1014.5,0,27,4,0,0,1007.3(23),52,1015.3,177,NA
6155A,12.1(22),0,9.7,0,21.7,37.5(29),24.4,20,29/13.9(16),1,72,0,1,18.4(15),0,1331,12.1,0,13,0,26.8,26.7,31.8,1,2007-08,0,2,0,298,1,1020.2(04),1012,0,14,16,0,0,1002.3(21),55,1012.8,192,NA
6155A,12.2(12),0,7.9,1,19.2,32.0(27),22.8,3,28/19.2(21),2,63,0,7,16.4(24),0,949,32.4,6,11,0,25.8,23.6,28,5,2007-09,0,7,0,266,5,1021.8(25),1016,0,9,16,0,0,1007.9(27),66,1016.8,190,NA
6155A,17.9(24),0,7.9,0,16,29.4(22),20,0,24/15.0(25),1,70,0,6,13.0(26),0,956,32.3,4,13,0,20.4,20.4,24.8,4,2007-10,0,7,0,333,3,1022.7(09),1016.5,0,4,24,0,0,1008.1(24),67,1017.3,159,NA
6155A,9.6(20),0,6.5,1,10.8,25.0(14),17.9,0,22/19.7(20),0,64,0,5,5.8(27),0,498,21.5,0,12,0,13,15.5,20.3,4,2007-11,0,5,0,321,4,1026.8(07),1017.2,0,5,21,0,0,1007.3(22),70,1018,128,NA
6155A,46.1(22),0,5.5,9,9,22.0(07),15,0,29/19.7(07),4,56,0,9,4.0(16),1,686,110.2,3,15,0,13,13.5,18,6,2007-12,0,11,0,434,6,1030.7(28),1022.5,0,7,18,0,0,1011.3(21),69,1023.3,110,NA
6155A,46.1(22/dic),2,8.4,39,14,38.2(04/jul),24.4,56,34/30.0(07/mar),12,68,2,62,1.0(27/ene),2,12161,392.7,20,14,0,11.8,19,23.9,44,2007-13,1,73,0,354,37,1038.5(01/ene),1017.1,0,118,210,0,0,1002.3(21/ago),61,1017.9,139,NA
6155A,14.8(14),2,6.7,9,8.5,21.2(06),13.6,0,23/18.1(03),1,67,0,6,3.6(13),0,509,28.6,0,14,0,12.8,13.1,17.7,4,2008-01,0,6,0,373,4,1034.2(27),1023.6,0,10,17,1,0,1001.8(03),70,1024.4,109,NA
6155A,9.0(19),3,5.3,3,11.2,23.0(28),14,0,12/18.1(13),0,49,0,6,6.8(01),0,571,27.8,1,16,0,15.4,14.7,18.3,5,2008-02,0,7,0,406,9,1031.5(06),1022.6,0,3,17,1,0,1015.1(14),70,1023.5,119,NA
6155A,16.3(20),1,8.9,9,10.8,27.0(28),15,0,28/23.6(22),1,74,0,3,5.6(07),0,1831,22.1,1,18,0,16,16.2,21.5,3,2008-03,0,3,0,454,3,1026.8(01),1015.9,0,9,19,0,0,999.7(22),54,1016.7,102,NA
6155A,20.0(08),0,8.8,6,11.5,26.0(06),15.8,0,24/23.6(07),2,67,0,8,7.4(03),0,1525,46.5,2,15,0,17,16.9,22.3,7,2008-04,0,9,0,355,4,1027.0(25),1014.1,0,7,19,0,0,1000.3(18),57,1014.9,115,NA
6155A,3.0(27),0,9,2,15.2,31.9(22),20.6,2,23/16.9(18),0,64,0,6,11.6(26),0,1954,7.7,1,15,0,20.4,20.2,25.1,3,2008-05,0,11,0,358,3,1020.4(03),1011.6,0,0,28,0,0,1005.3(27),53,1012.4,130,NA
6155A,0.0(--),1,12.6,0,18.2,35.5(24),22.6,9,08/15.0(06),0,86,0,0,15.4(05),0,1662,0,0,14,0,22.5,23.1,28,0,2008-06,0,0,0,322,0,1020.0(20),1015,0,21,9,0,0,1006.5(16),58,1015.8,171,NA
6155A,0.0(--),0,12,0,22.4,40.0(26),26.4,15,32/13.9(03),0,83,0,0,20.0(01),0,2079,0,0,16,0,27,27,31.7,0,2008-07,0,0,0,362,0,1023.4(15),1014.1,0,19,12,0,0,1007.1(12),57,1014.9,204,NA
6155A,0.0(--),0,11.2,1,22.7,40.0(12),27.6,18,29/16.9(15),0,83,0,0,19.4(16),0,1693,0,0,15,0,28.6,27.5,32.2,0,2008-08,0,0,0,343,0,1018.8(02),1013.3,0,18,13,0,0,1005.0(11),58,1014.1,210,NA
6155A,18.2(23),0,7.2,2,19.8,34.6(04),23.2,10,14/20.0(29),3,58,0,7,16.4(30),0,1137,59.2,3,12,0,22,23.7,27.6,6,2008-09,0,11,0,304,5,1019.6(14),1014,0,5,20,0,0,1008.1(04),65,1014.8,189,NA
6155A,109.4(31),0,5.9,4,15.8,28.7(03),21.6,0,08/24.2(11),2,53,0,12,7.0(30),1,634,138.5,2,13,0,16,19.8,23.8,7,2008-10,0,13,0,331,4,1022.6(25),1015.8,0,4,23,0,0,997.7(31),69,1016.6,159,NA
6155A,30.3(01),0,6.8,3,9.1,22.6(22),13.6,0,32/20.6(24),4,66,0,9,4.6(28),1,722,82.4,1,14,0,9.8,13.8,18.5,6,2008-11,0,10,0,385,4,1029.2(09),1016.8,0,8,18,0,0,1001.0(01),66,1017.6,106,NA
6155A,9.3(28),1,5.1,7,8.1,20.4(06),14.4,0,31/19.2(14),0,53,0,8,3.4(11),0,625,25.1,0,15,0,11.6,12,15.9,6,2008-12,0,12,0,419,5,1031.6(20),1018.4,0,9,17,0,0,1002.5(14),66,1019.2,96,NA
6155A,109.4(31/oct),8,8.3,46,14.4,40.0(26/jul),27.6,54,08/24.2(11/oct),13,67,0,65,3.4(11/dic),2,14942,437.9,11,15,0,9.8,19,23.6,47,2008-13,0,82,0,368,41,1034.2(27/ene),1016.3,0,113,212,2,0,997.7(31/oct),62,1017.1,143,NA
6155A,14.8(04),0,5.7,6,7.2,22.2(23),13,0,31/20.6(21),1,57,0,10,0.8(10),0,783,46.7,0,15,0,9,11.5,15.8,8,2009-01,0,11,0,407,7,1027.9(12),1017.1,0,6,18,0,0,1005.4(25),63,1018,90,NA
6155A,63.6(01),0,6.7,4,8.5,22.2(23),14,0,10/18.1(01),3,62,0,7,4.8(08),1,538,104.4,3,13,0,13.2,12.6,16.7,5,2009-02,0,8,0,346,4,1029.6(22),1015.6,0,7,17,0,0,986.6(01),68,1016.5,101,NA
6155A,48.5(02),0,7.5,6,9.9,23.4(28),14,0,29/23.3(05),1,62,0,6,6.4(23),1,894,59.5,0,16,0,14.4,14.4,19,4,2009-03,0,9,0,379,7,1024.8(12),1015.7,0,6,18,0,0,996.9(28),67,1016.5,114,NA
6155A,9.6(17),2,9.4,4,10.8,26.8(21),15.2,0,31/16.9(30),0,71,0,7,6.5(01),0,1278,20.6,0,16,0,16,16.3,21.8,3,2009-04,0,8,0,388,2,1023.4(19),1014.8,0,4,24,1,0,1007.4(14),56,1015.7,105,NA
6155A,1.5(09),0,11.2,0,15.1,31.6(26),19.2,1,30/15.0(14),0,80,0,2,11.0(07),0,1380,2.9,2,14,0,19.4,20.2,25.3,2,2009-05,0,3,0,337,0,1024.6(06),1015.8,0,12,19,0,0,1007.9(22),56,1016.6,138,NA
6155A,0.2(14),1,11.1,0,19.6,36.2(24),23.2,11,28/14.4(05),0,76,0,1,16.5(07),0,1357,0.2,0,14,0,24.4,24.4,29.3,0,2009-06,0,2,0,337,0,1019.8(10),1014.4,0,12,18,0,0,1008.4(04),59,1015.2,183,NA
6155A,0.0(--),1,11.9,1,22,41.8(24),27.8,17,02/16.4(18),0,83,0,0,18.6(10),0,2206,0,0,16,0,26.2,27.1,32.3,0,2009-07,0,0,0,359,0,1021.6(18),1015.1,0,19,12,0,0,1003.8(29),54,1015.9,188,NA
6155A,0.0(--),0,11.3,1,21.9,38.0(07),26.4,26,17/18.6(29),0,84,0,0,18.8(09),0,1474,0,0,13,0,27.8,26.6,31.3,0,2009-08,0,0,0,299,0,1019.5(21),1014.4,0,19,12,0,0,1007.0(24),60,1015.2,213,NA
6155A,6.3(26),0,8.2,0,19.5,35.4(03),24.8,4,21/14.4(17),0,66,0,4,14.2(18),0,1233,8.6,3,12,0,24.6,23.8,28.1,2,2009-09,0,8,0,291,2,1021.2(21),1015.6,0,6,22,0,0,1006.9(16),62,1016.4,182,NA
6155A,23.9(20),0,8.6,2,16.4,33.0(03),21,4,33/19.7(22),1,76,0,2,13.4(18),0,1045,27.5,0,12,0,21.8,21.4,26.3,2,2009-10,0,3,0,297,1,1024.0(31),1016.1,0,7,23,0,0,1002.3(20),66,1016.9,166,NA
6155A,10.7(29),0,6.8,10,12.9,28.8(07),17.8,0,31/20.0(07),1,66,0,5,8.0(24),0,1283,13.1,0,17,0,15.8,17.7,22.4,2,2009-11,0,5,0,451,2,1029.9(23),1018.6,0,7,21,0,0,1006.3(29),60,1019.5,119,NA
6155A,79.3(21),0,3.8,9,10.2,23.0(08),16.6,0,22/21.7(23),8,39,0,12,5.0(15),4,938,314.3,5,NA,0,11.6,14.3,18.3,11,2009-12,0,14,0,426,7,1027.4(10),1012.2,0,4,20,0,0,994.6(24),66,1013.1,111,NA
6155A,79.3(21/dic),4,8.5,43,14.5,41.8(24/jul),27.8,63,29/23.3(05/mar),15,69,0,56,0.8(10/ene),6,14409,597.8,13,NA,0,9,19.2,23.9,39,2009-13,0,71,0,360,32,1029.9(23/nov),1015.5,0,109,224,1,0,986.6(01/feb),61,1016.3,143,NA
6155A,60.4(07),1,5,7,8.6,20.7(02),12.2,0,31/20.6(08),5,50,0,10,2.0(09),2,833,194.3,3,16,0,6.8,12.5,16.4,9,2010-01,0,13,0,412,4,1025.9(16),1015,0,4,23,0,0,991.8(07),64,1015.8,96,NA
6155A,95.3(15),1,4.7,8,9.7,22.6(23),13.4,0,11/21.7(16),6,44,0,18,4.6(14),2,585,234.4,2,14,0,10.2,13.6,17.4,16,2010-02,0,18,0,355,10,1024.6(05),1009,0,0,18,1,0,987.9(16),70,1009.8,112,NA
6155A,18.6(02),0,5.6,6,10.3,22.4(29),15,0,11/22.8(06),4,46,0,13,4.8(14),0,680,89.2,1,14,0,14.6,14.3,18.3,11,2010-03,0,13,0,346,12,1028.0(18),1017.1,0,0,19,0,0,999.3(08),66,1017.9,111,NA
6155A,26.7(18),1,7.9,3,13,25.4(23),17.4,0,10/19.7(15),5,60,0,6,8.0(03),0,790,111,2,15,0,16.8,17.1,21.3,5,2010-04,0,9,0,356,5,1024.6(04),1015.4,0,3,22,0,0,1004.0(12),65,1016.3,130,NA
6155A,9.2(10),0,11.1,3,14.4,31.6(31),20.4,3,32/20.0(14),0,79,0,3,10.6(13),0,1638,18.3,1,16,0,21,19.6,24.7,3,2010-05,0,7,0,361,2,1025.5(18),1014.4,0,16,13,0,0,1004.3(03),49,1015.2,117,NA
6155A,3.4(09),0,11.6,1,18.4,33.4(06),21.4,7,24/19.7(09),0,79,0,1,15.6(11),0,1330,3.4,0,NA,0,22.8,23.1,27.9,1,2010-06,0,1,0,315,2,1019.5(29),1013.2,0,12,16,0,0,1003.0(09),55,1014,160,NA
6155A,0.2(02),1,11.2,0,22.2,38.8(14),25,18,10/15.0(03),0,78,0,1,19.8(01),0,1444,0.2,1,13,0,28,26.7,31.1,0,2010-07,0,3,0,294,1,1020.6(18),1014.5,0,21,9,0,0,1006.6(21),58,1015.3,207,NA
6155A,23.9(18),0,10.2,0,23.3,39.8(24),27,25,30/12.8(24),1,75,0,1,20.8(27),0,1274,23.9,2,13,0,29,27.6,31.8,1,2010-08,0,3,0,301,0,1023.4(21),1014.4,0,16,15,0,0,1009.1(05),63,1015.2,229,NA
6155A,7.9(16),0,9.4,0,19.9,32.6(07),22.6,7,11/15.0(20),0,75,0,3,15.6(30),0,1190,14.4,2,14,0,24.4,24.2,28.5,3,2010-09,0,6,0,320,2,1023.4(13),1014.7,0,8,20,0,0,1006.6(26),62,1015.5,188,NA
6155A,28.5(09),0,7.9,2,14.8,27.8(15),18.6,0,32/20.0(31),2,70,0,5,9.4(21),0,971,45.4,2,14,0,21,19.5,24.2,3,2010-10,0,6,0,348,2,1026.3(27),1013,0,6,23,0,0,997.5(11),65,1013.8,146,NA
6155A,72.0(27),0,6.2,11,11.1,25.0(02),15.2,0,10/20.6(27),3,60,0,10,8.4(29),2,971,142.8,0,15,0,12.8,15.4,19.8,6,2010-11,0,11,0,401,5,1027.9(04),1013.2,0,7,18,0,0,994.3(27),64,1014,113,NA
6155A,132.7(18),0,4.1,8,9.9,23.4(09),16.2,0,28/19.2(23),8,42,0,12,3.6(04),3,691,329.7,4,12,0,12.4,13.4,17,11,2010-12,0,15,0,324,11,1025.9(10),1013.3,0,1,19,0,0,994.1(22),73,1014.2,116,NA
6155A,132.7(18/dic),4,7.9,49,14.6,39.8(24/ago),27,60,11/22.8(06/mar),34,63,0,83,2.0(09/ene),9,12397,1207,20,NA,0,6.8,18.9,23.2,69,2010-13,0,105,0,344,56,1028.0(18/mar),1013.9,0,94,215,1,0,987.9(16/feb),63,1014.8,144,NA
6155A,17.3(26),3,4.9,4,9,20.6(06),12.3,0,11/20.6(24),1,49,0,8,5.4(30),0,626,34.4,0,NA,0,12.4,13,16.9,6,2011-01,0,9,0,381,5,1029.5(17),1018.2,0,4,22,0,0,997.1(27),71,1019,108,NA
6155A,14.8(15),0,8.4,6,8.1,26.8(26),13.6,0,30/19.7(17),1,77,0,3,3.6(05),0,878,21.9,1,16,0,15,13.2,18.3,3,2011-02,0,4,0,405,1,1034.2(04),1020.9,0,10,17,0,0,1002.6(16),64,1021.7,100,NA
6155A,29.3(11),0,6.5,4,10.3,25.8(30),15.4,0,15/18.1(10),6,54,0,10,3.2(03),0,840,122.6,2,15,0,13.4,14.5,18.6,8,2011-03,0,13,0,379,7,1026.2(31),1016.6,0,4,20,0,0,999.1(14),66,1017.4,112,NA
6155A,15.9(29),0,7,2,13.8,32.0(09),18.8,2,10/20.6(06),2,54,0,10,10.4(01),0,845,54.3,1,12,0,16.8,18.1,22.3,8,2011-04,0,11,0,286,9,1025.5(01),1014.2,0,9,12,1,0,1001.4(30),66,1015,138,NA
6155A,7.8(18),1,8.5,0,16.1,30.2(31),20,2,28/14.4(12),0,60,0,7,10.8(01),0,946,19.9,2,12,0,20,20.2,24.4,3,2011-05,0,10,0,275,7,1024.6(16),1016.2,0,5,19,1,0,997.3(01),65,1017,160,NA
6155A,0.3(07),4,10.6,0,19.3,37.2(18),23.4,4,31/13.9(07),0,72,0,1,15.8(05),0,1221,0.3,1,13,0,23,23.4,27.4,0,2011-06,0,3,0,310,1,1022.2(25),1015.9,0,11,18,0,0,1007.1(06),64,1016.7,190,NA
6155A,0.0(--),0,11.9,1,21.9,38.6(07),25,16,33/15.6(19),0,82,0,0,19.4(09),0,1931,0,0,15,0,27.4,26.7,31.6,0,2011-07,0,0,0,339,0,1019.4(15),1012.6,0,22,9,0,0,1007.3(17),56,1013.4,196,NA
6155A,1.0(18),0,10.8,1,23.7,39.4(06),29,20,31/15.6(26),0,80,0,1,19.8(13),0,1810,1,0,14,0,28.5,27.8,31.8,1,2011-08,0,1,0,334,0,1026.3(25),1013.6,0,18,13,0,0,1000.1(01),59,1014.4,217,NA
6155A,0.8(23),0,9.4,0,20,36.8(11),23.1,9,33/14.4(18),0,76,0,1,16.0(25),0,1683,0.8,0,12,0,23.4,24.5,29.1,0,2011-09,0,2,0,299,1,1023.9(06),1016.7,0,14,15,0,0,1009.3(01),58,1017.5,180,NA
6155A,21.4(24),0,8.1,0,16.3,29.5(13),22.2,0,29/13.9(28),4,72,0,4,11.6(26),0,991,60.6,2,12,0,19.6,20.6,24.9,4,2011-10,0,5,0,275,1,1025.8(10),1018,0,11,19,0,0,1001.4(24),67,1018.9,165,NA
6155A,36.0(02),0,6.1,1,11.5,23.2(13),17.4,0,29/15.6(22),4,60,0,8,6.2(29),2,740,137.9,4,NA,0,16.6,15.7,19.9,6,2011-11,0,8,0,277,7,1027.8(26),1016.3,0,6,17,0,0,992.2(04),67,1017.2,122,NA
6155A,0.5(02),2,7.1,7,9,22.5(21),14,0,30/19.2(16),0,73,0,1,4.0(20),0,1120,0.5,0,15,0,15.4,13.6,18.3,0,2011-12,0,2,0,398,1,1033.1(28),1025.5,0,14,16,1,0,1017.2(02),59,1026.3,95,NA
6155A,36.0(02/nov),10,8.3,26,14.9,39.4(06/ago),29,53,11/20.6(24/ene),18,67,0,54,3.2(03/mar),2,13631,454.2,13,NA,0,12.4,19.3,23.6,39,2011-13,0,68,0,330,40,1034.2(04/feb),1017.1,0,128,197,3,0,992.2(04/nov),64,1017.9,149,NA
6155A,16.5(27),2,7,5,7.5,25.8(06),13.4,0,29/16.4(05),1,70,0,2,4.4(05),0,1042,20,1,12,0,11.8,12.6,17.6,2,2012-01,1,3,0,327,1,1037.5(19),1024.6,0,13,17,2,0,1008.5(16),65,1025.4,95,NA
6155A,5.4(16),0,8.9,5,5.8,23.5(26),11.8,0,33/17.5(03),0,82,0,3,0.0(09),0,1555,7.7,2,17,1,10.5,11.1,16.4,2,2012-02,0,4,0,401,1,1033.4(05),1022.4,0,14,14,0,0,1009.0(02),48,1023.3,66,NA
6155A,10.2(19),2,8.5,2,9.2,23.4(04),14.4,0,28/19.2(20),1,71,0,4,4.6(11),0,1023,18.4,1,14,0,16.4,14.3,19.4,3,2012-03,0,6,0,317,2,1031.9(10),1022.8,0,8,20,2,0,1009.4(31),60,1023.6,102,NA
6155A,17.7(29),0,8.6,6,12.4,27.6(22),17.6,0,30/18.6(18),2,65,0,7,7.0(06),0,1893,43.2,0,16,0,15.4,17.3,22.3,5,2012-04,0,10,0,355,4,1020.2(17),1011.3,0,4,22,0,0,1002.3(12),51,1012.1,101,NA
6155A,3.1(05),0,11,1,15,31.5(26),19.6,3,29/15.6(27),0,77,0,3,8.5(01),0,1505,5.6,0,13,0,18.5,20,25,2,2012-05,0,3,0,277,0,1026.6(13),1015.7,0,9,22,0,0,1005.9(18),55,1016.5,134,NA
6155A,0.0(--),2,11.1,2,20.8,37.4(07),24.4,16,29/16.4(12),0,76,0,0,16.6(13),0,2220,0,0,15,0,22,25.5,30.2,0,2012-06,0,0,0,331,0,1021.6(23),1014.2,0,14,16,0,0,1005.3(07),55,1015,181,NA
6155A,0.0(--),0,11.9,0,21.8,40.2(14),26.3,14,32/14.4(14),0,83,0,0,18.3(02),0,2028,0,1,15,0,27.4,26.5,31.1,0,2012-07,0,0,0,316,0,1025.2(17),NA,0,22,9,0,0,1008.2(05),56,NA,196,NA
6155A,0.0(--),2,10.1,2,23.1,41.4(12),27.2,22,28/15.6(25),0,75,0,0,19.2(07),0,1962,0,0,13,0,27,27.8,32.6,0,2012-08,0,0,0,302,0,1020.7(31),NA,0,16,15,0,0,1008.1(05),58,NA,215,NA
6155A,48.0(27),0,8.3,1,19.8,34.2(13),22.4,4,08/16.1(13),1,66,0,4,16.9(16),1,912,61.1,1,12,0,20.8,23.8,27.8,4,2012-09,0,5,0,255,4,1026.2(08),NA,0,9,17,0,0,1006.9(26),68,NA,197,NA
6155A,78.7(25),5,6.7,1,15.2,29.6(11),22,0,29/16.9(15),3,59,0,6,11.0(21),1,847,131.5,0,10,0,16.2,19.2,23.2,5,2012-10,0,7,0,243,5,1021.5(02),NA,0,4,22,1,0,997.1(30),69,NA,155,NA
6155A,42.2(08),0,4.4,5,12.5,25.2(04),17.8,0,35/19.2(11),7,43,0,16,5.4(30),3,663,196,3,NA,0,11.8,15.7,18.9,12,2012-11,0,16,0,291,11,1022.3(23),NA,0,4,15,0,0,1003.1(01),76,NA,139,NA
6155A,7.5(07),5,5.9,7,9.2,22.5(22),13.7,0,29/19.2(30),0,61,0,4,2.4(29),0,734,12.3,1,12,0,13.6,13.7,18.2,3,2012-12,0,4,0,320,3,1032.0(28),NA,0,7,21,1,0,1004.5(01),71,NA,113,NA
6155A,78.7(25/oct),18,8.5,37,14.4,41.4(12/ago),27.2,59,28/19.2(20/mar),15,69,0,49,0.0(09/feb),5,16384,495.8,10,NA,1,10.5,19,23.6,38,2012-13,1,58,0,311,31,1037.5(19/ene),NA,0,124,210,6,0,997.1(30/oct),61,NA,141,NA
6155A,19.2(19),0,6.6,12,10,24.4(30),14.2,0,21/27.8(19),1,66,1,6,4.8(30),0,1379,27.3,0,18,0,14.4,14.2,18.4,3,2013-01,0,9,0,448,3,1037.6(04),NA,0,6,22,0,0,991.9(19),61,NA,100,NA
6155A,59.8(19),0,7.4,8,7.7,24.4(01),11.7,0,30/20.6(02),4,69,0,5,2.8(26),1,1055,103.6,0,16,0,13.6,12.7,17.6,5,2013-02,0,6,0,405,3,1030.7(04),NA,0,11,14,0,0,1003.9(23),61,NA,92,NA
6155A,33.7(05),0,5.8,5,10.9,24.6(29),15.9,0,24/19.2(07),5,48,0,18,5.3(02),1,639,113.1,1,13,0,14.4,15.1,19.3,13,2013-03,0,18,0,280,12,1023.9(14),NA,0,2,17,0,0,993.9(04),65,NA,112,NA
6155A,6.8(29),1,8.3,2,12.9,27.0(11),16.4,0,30/16.4(28),0,63,0,8,8.4(08),0,1119,23.2,0,13,0,16.5,17.1,21.3,5,2013-04,0,9,0,289,3,1023.1(15),NA,0,3,24,1,0,1002.1(04),62,NA,122,NA
6155A,9.3(20),0,9.2,2,14.5,33.6(09),18.9,5,28/16.4(18),0,65,0,4,7.8(01),0,1739,10.1,0,14,0,19,19.6,24.7,1,2013-05,0,6,0,280,4,1021.9(04),NA,0,6,21,0,0,1002.3(15),53,NA,121,NA
6155A,0.0(--),0,12.2,1,17.1,31.6(14),20.5,6,24/16.1(18),0,84,0,0,13.3(04),0,1644,0,0,13,0,23.7,22.1,27,0,2013-06,0,0,0,297,0,NA,NA,0,18,12,0,0,NA,51,NA,145,NA
6155A,0.0(--),0,11.9,0,20.4,35.3(10),22.5,21,27/12.8(29),0,83,0,0,18.3(14),0,1654,0,0,14,0,26.7,25.5,30.5,0,2013-07,0,0,0,260,0,1021.7(29),1015.8,0,24,7,0,0,1007.9(26),52,1016.6,180,NA
6155A,4.3(30),0,10.7,2,22.1,37.6(07),24.5,25,13/15.6(30),0,79,0,2,19.7(12),0,1337,7.5,1,13,0,29,26.6,31,2,2013-08,0,2,0,254,0,1021.4(09),1014.7,0,16,15,0,0,1007.3(26),NA,1015.5,220,NA
6155A,18.9(27),0,8.5,0,19.8,35.4(17),23.8,5,28/15.0(19),1,68,0,4,16.6(25),0,992,25.6,1,12,0,24.4,24.3,28.8,2,2013-09,0,4,0,245,3,1022.2(22),1015.8,0,6,21,0,0,1009.6(30),66,1016.5,203,NA
6155A,10.6(22),1,7.7,1,17,33.0(01),22.5,2,29/17.5(29),1,68,0,3,10.3(31),0,1074,14.7,1,12,0,22,21.9,26.6,2,2013-10,0,4,0,246,2,1024.0(31),1016.2,0,4,25,0,0,1006.6(02),NA,1017,171,NA
6155A,3.1(17),0,6.5,5,11.2,28.5(03),19.4,0,30/18.9(05),0,63,0,2,3.8(26),0,1873,3.4,0,18,0,15.5,16.2,21.1,1,2013-11,0,3,0,434,0,1026.3(10),1017.7,0,7,23,0,0,1009.1(22),52,1018.5,95,NA
6155A,17.9(25),0,5.4,7,8.8,20.4(13),13.5,0,20/20.6(25),1,55,0,5,3.2(30),0,875,26,0,14,0,15.7,13.5,18.1,3,2013-12,0,5,0,364,3,1032.9(15),1024,0,6,22,0,0,1003.5(25),66,1024.9,104,NA
6155A,59.8(19/feb),2,8.4,45,14.4,37.6(07/ago),24.5,64,21/27.8(19/ene),13,68,1,57,2.8(26/feb),2,15380,354.5,4,14,0,13.6,19.1,23.7,37,2013-13,0,66,0,317,33,NA,NA,0,109,223,1,0,NA,NA,NA,139,NA
6155A,17.7(17),0,5.2,6,9.4,23.8(26),13.2,0,29/20.6(27),1,52,0,9,4.7(09),0,1101,40.2,0,15,0,13.2,13.8,18.1,5,2014-01,0,10,0,365,5,1028.1(24),1016.7,0,2,24,0,0,989.8(19),65,1017.6,102,NA
6155A,8.4(09),1,5.3,7,9.4,23.1(13),13.7,0,22/21.7(09),0,49,0,8,4.5(03),0,1136,18.4,0,16,0,13.9,14,18.5,3,2014-02,0,11,0,378,5,1030.5(27),1018.4,0,3,20,0,0,1002.9(09),NA,1019,99,NA
6155A,17.1(29),0,8.1,9,10.3,24.6(24),16.3,0,29/24.2(26),1,67,0,2,7.0(08),0,1289,24.8,0,18,0,15.9,15.3,20.2,2,2014-03,0,3,0,382,2,1027.0(15),1018,0,5,24,0,0,999.1(29),57,1018.8,101,NA
6155A,16.0(21),1,8.7,3,13.8,30.1(27),19.1,1,29/16.1(05),2,66,0,4,10.4(01),0,1600,38.1,0,14,0,17.4,18.9,24,4,2014-04,0,5,0,309,4,1023.6(25),1014.9,0,10,16,0,0,1001.3(02),NA,1015.7,124,NA
6155A,9.7(31),0,10.2,1,16,33.4(30),21.7,3,17/16.1(21),0,72,0,3,12.4(06),0,1620,12.7,0,15,0,22.6,20.7,25.3,2,2014-05,0,3,0,321,1,1024.8(14),1015,0,11,19,0,0,1006.1(08),54,1015.8,137,NA
6155A,3.7(01),0,10.4,1,19.5,35.7(28),23.3,16,28/15.3(07),0,71,0,3,15.3(02),0,2212,4.5,1,15,0,25.2,24.7,29.9,1,2014-06,0,3,0,337,1,1021.5(11),1014.5,0,13,16,0,0,1007.1(15),48,1015.3,152,NA
6155A,0.0(--),1,11.6,1,20.9,37.2(24),24.2,19,27/15.3(20),0,81,0,0,18.4(01),0,1897,0,0,15,0,26.1,26.2,31.3,0,2014-07,0,0,0,321,0,1018.0(21),1013.7,0,17,14,0,0,1006.6(24),NA,1014.5,176,NA
6155A,0.0(--),1,11,3,22.1,40.0(11),27.6,24,19/21.7(10),0,82,0,0,18.0(07),0,1940,0,0,14,0,26,27.2,32.3,0,2014-08,0,0,0,304,0,1018.7(24),1013.2,0,21,10,1,0,1008.7(02),NA,1014,191,NA
6155A,25.2(27),0,7.6,3,20.9,38.4(03),26.9,16,26/20.6(06),2,61,0,4,17.4(26),0,1889,43.2,0,14,0,23,26,31,2,2014-09,0,4,0,304,2,1021.5(29),1013.6,0,9,19,0,0,1007.7(03),NA,1014.4,170,NA
6155A,19.5(10),0,7.6,1,16.9,36.3(22),21.9,3,25/21.1(10),4,68,0,5,12.9(25),0,910,67.3,3,10,0,21.3,21.8,26.7,4,2014-10,0,5,0,229,1,1023.9(21),1016.4,0,6,24,0,0,1007.3(14),NA,1017.4,169,NA
6155A,41.5(27),NA,4.8,5,12.7,25.0(03),16.9,0,08/19.7(22),4,47,0,12,7.3(18),1,915,117.3,NA,13,0,15.6,16.8,20.9,10,2014-11,NA,NA,NA,300,8,1023.6(01),1010.9,0,4,18,0,0,984.4(28),NA,1011.7,131,NA
6155A,5.5(14),0,5.8,3,8.2,21.0(01),14.9,0,28/16.9(16),0,59,0,3,1.5(31),0,1040,6.6,0,14,0,14.2,13,17.7,2,2014-12,0,3,0,367,4,1034.0(30),1022.7,0,8,19,0,0,1002.0(01),NA,1023.6,99,NA
6155A,41.5(27/nov),NA,8,43,15,40.0(11/ago),27.6,82,29/24.2(26/mar),14,65,0,53,1.5(31/dic),1,17549,373.1,NA,14,0,13.2,19.9,24.7,35,2014-13,NA,NA,NA,326,33,1034.0(30/dic),1015.7,0,109,223,1,0,984.4(28/nov),NA,1016.5,138,NA
6155A,32.8(18),0,6.4,6,7.1,23.6(11),14.4,0,32/20.6(31),1,64,0,6,3.6(03),1,1135,50.4,0,15,0,10.9,12.3,17.5,4,2015-01,0,6,0,346,3,1042.7(09),1024,0,11,17,0,0,1002.1(31),66,1024.8,96,NA
6155A,19.2(17),0,6.6,11,8.2,23.8(26),12.4,0,27/20.0(26),1,61,0,4,1.2(06),0,1357,30.4,0,18,0,12.3,12.6,16.9,4,2015-02,0,4,0,423,2,1030.6(25),1018.8,0,3,23,0,0,1003.2(04),59,1019.6,88,NA
6155A,19.6(17),1,7,4,10.7,31.0(29),19.7,2,33/17.5(25),3,59,0,8,3.4(08),0,1195,73.6,0,16,0,13.9,15.5,20.3,8,2015-03,0,8,0,348,6,1031.7(06),1018.4,0,10,15,0,0,1000.4(24),NA,1019.3,114,NA
6155A,13.0(08),1,6.3,2,13.7,29.1(29),17.6,0,11/18.6(08),1,48,0,6,11.1(02),0,963,14.8,2,13,0,17.5,17.8,21.8,1,2015-04,0,7,0,273,6,1025.9(02),1017.8,0,1,23,0,0,1008.9(05),67,1018.6,137,NA
6155A,3.5(24),1,9.7,1,16.2,34.9(14),19.3,3,29/16.9(15),0,68,0,1,12.7(07),0,1454,3.5,0,14,0,22.9,21.5,26.7,1,2015-05,0,2,0,278,3,1024.4(13),1016.2,0,11,17,0,0,1005.3(19),NA,1016.9,151,NA
6155A,0.0(--),0,10.1,0,18.5,34.9(23),22.8,9,30/13.9(23),0,69,0,0,15.5(15),0,1873,0,0,13,0,25.9,23.7,28.8,0,2015-06,0,0,0,269,1,1022.0(25),1016.4,0,15,14,0,0,1010.1(11),47,1017.2,147,NA
6155A,0.0(--),1,11,0,23.3,41.2(24),25.7,29,99/12.5(11),0,77,0,0,21.4(01),0,1607,0,0,14,0,28.8,28.3,33.3,0,2015-07,0,0,0,283,0,1019.4(04),1013.7,0,23,8,1,0,1005.2(30),57,1014.5,225,NA
6155A,0.1(09),0,8.5,0,23.8,37.6(13),28.2,28,34/15.0(13),0,63,0,2,19.9(17),0,2037,0.2,0,14,0,28.6,28.1,32.4,0,2015-08,0,3,0,293,3,1019.9(20),1013.9,0,7,21,0,0,1007.3(17),55,1014.7,215,NA
6155A,52.9(07),0,8.5,0,19.7,36.0(22),22.7,9,30/12.8(14),1,69,0,5,15.5(27),1,1576,56.6,1,13,0,23.2,24.4,29,3,2015-09,0,5,0,284,4,1022.5(20),1014.7,0,3,23,0,0,1006.6(16),58,1015.5,175,NA
6155A,20.7(26),0,5,0,16.7,30.1(02),21.3,1,08/12.5(26),2,45,0,9,11.9(30),0,747,47,1,10,0,20.8,20.7,24.7,4,2015-10,0,9,0,222,10,1022.1(01),1014.8,0,1,20,0,0,1007.3(19),74,1015.6,180,NA
6155A,26.2(01),2,7.2,6,12.2,25.2(16),15.8,0,29/18.1(25),2,70,0,3,5.5(24),0,NA,45,0,12,0,17.6,17.1,22,3,2015-11,0,3,0,301,1,1034.8(30),1023.3,0,11,18,0,0,1008.8(01),69,1024.1,136,NA
6155A,0.6(29),1,4.8,0,10,24.1(31),13,0,30/15.0(30),0,49,0,2,6.4(19),0,NA,0.8,0,8,0,18.3,15,19.9,0,2015-12,0,2,0,224,3,1034.7(22),1028.5,0,1,27,1,0,1021.0(13),74,1029.4,126,NA
6155A,52.9(07/sep),7,7.6,30,15,41.2(24/jul),28.2,81,32/20.6(31/ene),11,62,0,46,1.2(06/feb),2,NA,322.3,4,13,0,10.9,19.8,24.4,28,2015-13,0,49,0,295,42,1042.7(09/ene),1018.4,0,97,226,2,0,1000.4(24/mar),NA,1019.2,149,NA
6155A,37.8(29),0,5.2,3,9.2,24.1(04),13.5,0,29/17.5(05),1,52,0,6,5.3(14),1,NA,48,2,12,0,16,14.4,19.6,5,2016-01,0,9,0,296,4,1034.6(30),1023.1,0,2,25,0,0,1006.5(05),67,1024,112,NA
6155A,9.7(18),1,6.2,6,9.9,23.9(22),15.9,0,29/22.2(14),0,57,0,9,2.9(17),0,NA,23,0,14,0,12.2,14.6,19.1,5,2016-02,0,9,0,348,4,1033.8(04),1020.4,0,4,21,0,0,1002.4(27),61,1021.3,103,NA
6155A,3.4(07),0,8.3,7,9.9,26.6(25),14.2,0,34/16.1(10),0,69,0,5,4.9(12),0,NA,10.6,1,17,0,15.8,15.3,20.6,5,2016-03,0,5,0,387,1,1026.1(01),1016.1,0,9,21,0,0,1005.7(07),52,1017,89,NA
6155A,13.4(19),0,7.4,4,12.8,27.1(28),17.7,0,22/17.5(04),1,56,0,5,7.8(02),0,NA,22,0,14,0,16.7,17.8,22.6,4,2016-04,0,5,0,279,4,1021.9(21),1013.3,0,5,21,0,0,1004.1(04),59,1014.1,125,NA
6155A,31.3(06),0,8.6,4,15.5,31.3(19),18.5,4,08/18.6(10),5,60,0,10,10.9(03),1,NA,102.1,0,14,0,17.4,19.8,24.1,8,2016-05,0,10,0,297,6,1022.4(01),1014.4,0,9,16,0,0,1001.5(08),60,1015.2,141,NA
6155A,0.3(28),0,12.2,0,19,39.7(13),25.9,9,99/15.0(14),0,83,0,1,14.6(01),0,NA,0.3,0,15,0,25.1,24,29.1,0,2016-06,0,1,0,322,1,1025.1(19),1014.9,0,20,9,0,0,1005.8(15),53,1015.7,166,NA
6155A,0.7(06),0,11.4,1,22.2,39.0(22),24.4,20,17/18.1(12),0,80,0,1,20.0(17),0,NA,0.7,0,13,0,27.6,26.6,31,0,2016-07,0,4,0,283,0,1020.6(19),1015.4,0,23,8,0,0,1009.3(12),59,1016.2,213,NA
6155A,0.0(--),0,11.2,1,23.2,41.7(04),28.3,11,09/17.5(05),0,83,0,0,19.8(09),0,NA,0,0,13,0,27.3,27.4,31.6,0,2016-08,0,0,0,285,2,1022.7(07),1016.7,0,14,15,0,0,1007.1(18),63,1017.5,229,NA
6155A,2.0(13),0,10.8,1,19.8,35.0(05),24,8,11/16.9(29),0,87,0,1,15.4(18),0,NA,2,0,13,0,25.4,24.4,28.9,1,2016-09,0,2,0,264,2,1023.8(28),1017,0,17,11,0,0,1011.8(13),61,1017.8,190,NA
6155A,27.0(12),0,8.1,0,17.1,29.6(11),20.9,0,26/13.3(24),2,72,0,4,12.7(15),0,NA,40.7,0,11,0,20.2,21.2,25.2,3,2016-10,0,4,0,226,4,1029.0(28),1015.5,0,6,21,0,0,1001.6(13),75,1016.3,187,NA
6155A,74.7(25),0,6.2,4,11.3,24.5(03),18.7,0,20/19.7(21),4,61,0,9,6.8(24),2,NA,163,0,13,0,14.5,15.6,19.9,7,2016-11,0,10,0,313,9,1026.3(08),1015.8,0,8,13,0,0,1001.5(22),69,1016.6,125,NA
6155A,52.7(03),1,4.9,2,10.2,20.4(06),14.7,0,11/16.4(04),5,51,0,9,5.2(27),2,NA,157.9,0,11,0,14.5,13.9,17.6,9,2016-12,0,9,0,274,9,1036.6(24),1024.5,0,5,17,0,0,1006.8(04),79,1025.3,127,NA
6155A,74.7(25/nov),2,8.4,33,15,41.7(04/ago),28.3,52,29/22.2(14/feb),18,68,0,60,2.9(17/feb),6,NA,570.3,3,13,0,12.2,19.6,24.1,47,2016-13,0,68,0,298,46,1036.6(24/dic),1017.3,0,122,198,0,0,1001.5(08/may),63,1018.1,151,NA
6155A,9.4(26),0,6.8,3,7.5,21.6(11),11.3,0,29/16.1(11),0,68,0,4,2.9(18),0,NA,12.1,0,16,0,9.6,12.4,17.2,3,2017-01,0,4,0,407,1,1029.5(07),1020.9,0,13,17,0,0,1010.8(19),60,1021.7,89,NA
6155A,24.6(10),0,6.9,6,10.2,22.3(07),14.6,0,22/18.9(13),4,64,0,11,5.2(09),0,NA,100,2,15,0,11.1,14.4,18.5,7,2017-02,0,11,0,352,7,1030.2(16),1018.7,0,1,20,0,0,997.2(12),69,1019.5,115,NA
6155A,27.3(14),1,8.7,8,10.1,27.9(07),15.9,0,25/18.6(26),1,73,0,6,4.7(25),0,NA,35.6,1,16,0,14,15.3,20.5,4,2017-03,0,6,0,360,2,1027.6(09),1018.7,0,8,21,0,0,1007.6(03),62,1019.5,109,NA
6155A,29.0(27),0,9.8,4,12.9,32.3(15),19.7,2,11/18.1(28),2,75,0,4,7.7(05),0,NA,58,1,16,0,15.4,17.6,22.3,3,2017-04,0,4,0,353,4,1023.9(10),1017.1,0,10,16,0,0,1006.3(26),64,1017.9,130,NA
6155A,29.0(12),0,10.9,0,15.7,31.3(18),20.2,2,20/13.3(10),1,78,0,2,11.0(03),0,NA,31,1,14,0,20.8,20.5,25.4,2,2017-05,0,2,0,284,3,1026.1(15),1015.3,0,6,22,0,0,1003.0(11),57,1016.1,145,NA
6155A,0.0(--),0,11.7,1,20.7,37.4(26),25,14,31/15.3(30),0,80,0,0,18.3(10),0,NA,0,0,14,0,25.9,25.3,30,0,2017-06,0,0,0,294,1,1020.4(23),1014.5,0,20,9,0,0,1007.9(26),55,1015.3,185,NA
6155A,0.0(--),1,11.2,0,21.4,35.6(21),26.2,17,29/12.5(20),0,78,0,0,17.8(02),0,NA,0,0,13,0,25.8,25.7,30,0,2017-07,0,0,0,272,1,1022.0(02),1014.1,0,22,8,0,0,1006.7(31),60,1014.9,208,NA
6155A,3.6(28),0,9.9,0,22.1,40.3(08),24.8,17,99/13.3(08),0,73,0,2,18.2(29),0,NA,4.3,0,13,0,28.4,26.4,30.7,1,2017-08,0,2,0,262,3,1020.4(10),1014.8,0,12,16,0,0,1009.0(08),62,1015.6,221,NA
6155A,1.5(27),0,9.9,0,19.3,38.0(04),24.3,10,29/13.9(09),0,80,0,1,14.7(21),0,NA,1.5,0,13,0,24.2,24.5,29.6,1,2017-09,0,1,0,273,1,1022.9(28),1016.4,0,15,14,0,0,1006.4(09),60,1017.2,182,NA
6155A,23.4(17),2,8,1,16.1,30.5(06),19.3,1,29/16.1(18),2,71,0,2,11.6(28),0,NA,46.2,1,10,0,21.3,20.8,25.5,2,2017-10,0,2,0,228,1,1026.8(26),1020.6,0,11,19,0,0,1010.0(19),73,1021.4,181,NA
6155A,18.1(29),0,6.7,0,10.7,25.6(12),17.7,0,28/13.3(10),2,66,0,4,5.5(22),0,NA,42.8,2,12,0,16.4,15.9,21.1,4,2017-11,0,4,0,290,2,1028.4(27),1018.7,0,12,16,0,0,1004.1(29),70,1019.6,130,NA
6155A,11.4(11),0,6,5,8,21.7(15),15.4,0,24/22.2(11),1,62,0,3,2.5(04),0,NA,12.5,0,15,0,14.4,13,17.9,1,2017-12,0,3,0,374,2,1038.0(21),1024.6,0,8,21,0,0,997.6(11),65,1025.4,101,NA
6155A,29.0(27/abr),4,8.9,28,14.6,40.3(08/ago),26.2,63,24/22.2(11/dic),13,72,0,39,2.5(04/dic),0,NA,344,8,14,0,9.6,19.3,24.1,28,2017-13,0,39,0,312,28,1038.0(21/dic),1017.9,0,138,199,0,0,997.2(12/feb),63,1018.7,150,NA
6155A,19.8(08),1,5.5,11,8.6,22.6(21),14.3,0,10/26.4(28),2,55,1,9,3.3(16),0,NA,42.8,2,15,0,9.4,12.9,17.2,6,2018-01,0,10,0,412,2,1034.4(01),1022.2,0,9,20,0,0,996.7(06),66,1023.1,100,NA
6155A,58.4(28),0,6.3,5,7.3,22.2(17),13.7,0,22/18.9(28),1,59,0,5,1.4(05),1,NA,65.8,0,16,0,13,12.4,17.4,4,2018-02,0,5,0,379,4,1024.4(15),1013.8,0,8,16,0,0,997.5(28),60,1014.7,89,NA
6155A,46.0(02),0,4.7,8,10.3,24.8(28),13.8,0,20/23.6(02),7,39,0,19,7.0(21),2,NA,193.4,1,15,0,15.3,14.8,19.2,14,2018-03,0,19,0,332,8,1025.6(26),1011.6,0,4,19,0,0,990.8(01),65,1012.4,111,NA
6155A,15.7(13),0,7.2,3,11.7,27.0(27),16,0,21/16.9(10),1,55,0,9,7.4(01),0,NA,39.9,2,13,0,13,16.4,21.1,6,2018-04,0,9,0,305,6,1024.0(17),1013.4,0,3,21,0,0,999.2(10),63,1014.2,122,NA
6155A,9.9(01),0,10.1,0,14.4,28.7(09),19.5,0,32/13.9(09),0,71,0,5,9.6(02),0,NA,15,2,15,0,19.8,19.4,24.3,4,2018-05,0,6,0,317,1,1019.7(13),1013.8,0,11,19,0,0,1008.7(04),57,1014.6,137,NA
6155A,0.0(--),0,11.7,0,18.8,34.1(28),22.3,8,29/14.4(02),0,80,0,0,12.9(03),0,NA,0,0,16,0,23.6,23.9,28.9,0,2018-06,0,0,0,347,0,1020.1(19),1014.1,0,11,19,0,0,1006.5(28),52,1014.9,161,NA
6155A,0.0(--),0,12.5,0,21.1,39.9(29),26.4,23,28/14.4(30),0,87,0,0,18.3(17),0,NA,0,0,17,0,27,27,32.8,0,2018-07,0,0,0,362,0,1019.7(06),1013.8,0,29,2,0,0,1009.3(20),50,1014.6,179,NA
6155A,0.0(--),0,11.1,0,22.8,36.5(14),25.6,27,99/11.4(14),0,82,0,0,20.8(22),0,NA,0,1,14,0,29.3,27.2,31.5,0,2018-08,0,0,0,275,0,1020.0(10),1014.6,0,19,12,0,0,1008.9(07),62,1015.4,229,NA
6155A,5.4(08),1,7.7,2,21.5,34.2(24),24,8,13/16.9(27),0,62,0,5,18.4(23),0,NA,8.1,0,12,0,24.5,25.5,29.4,2,2018-09,0,5,0,269,3,1025.2(26),1016.9,0,10,17,0,0,1009.1(03),NA,1017.2,NA,NA
6155A,52.0(30),0,5.6,2,15.7,33.8(07),21.6,2,30/16.4(14),7,50,0,13,7.7(31),2,NA,162,3,13,0,14.2,19.9,24,11,2018-10,0,13,0,298,7,1025.3(23),1013.5,0,7,17,0,0,1000.8(30),NA,1013.7,NA,NA
6155A,30.3(18),0,3.5,5,11.3,22.1(07),15.3,0,23/17.5(05),3,34,0,12,5.2(29),1,NA,76.8,0,13,0,15.6,15.3,19.2,10,2018-11,0,12,0,305,6,1024.4(28),1015.5,0,2,21,1,0,1000.5(19),76,1016.4,133,NA
6155A,1.9(13),1,6.1,3,8.5,23.0(04),12.6,0,30/19.7(13),0,63,0,2,3.5(24),0,NA,2,0,12,0,15.2,13.8,19,1,2018-12,0,2,0,331,1,1033.3(21),1025.2,0,4,26,0,0,1011.7(13),72,1026,114,NA
6155A,58.4(28/feb),3,7.7,39,14.3,39.9(29/jul),26.4,68,10/26.4(28/ene),21,61,1,79,1.4(05/feb),6,NA,605.8,11,14,0,9.4,19,23.7,58,2018-13,0,81,0,328,38,1034.4(01/ene),1015.7,0,117,209,1,0,990.8(01/mar),NA,1016.4,NA,NA
6155A,2.8(19),1,6.1,5,7.5,23.5(25),14.2,0,30/17.5(29),0,61,0,3,1.9(13),0,NA,3.8,0,17,0,14.5,12.9,18.2,1,2019-01,0,3,0,405,4,1033.6(05),1020.3,0,11,16,0,0,1006.7(31),61,1021.1,92,NA
6155A,5.6(01),0,7.5,3,8.1,24.9(07),13.3,0,31/19.7(01),0,69,0,1,2.6(05),0,NA,5.6,0,16,0,15.5,13.1,18.1,1,2019-02,0,1,0,363,0,1033.3(25),1024.4,0,8,20,0,0,999.7(01),66,1025.2,105,NA
6155A,10.9(30),0,8.6,2,10.7,27.8(17),15,0,11/18.1(27),1,72,0,5,6.6(09),0,NA,20.4,0,17,0,17.9,15.9,21,3,2019-03,0,6,0,382,4,1032.0(09),1021.4,0,12,15,0,0,1008.9(31),61,1022.3,113,NA
6155A,10.6(05),0,NA,2,11.7,27.2(15),15.8,0,25/16.1(21),1,NA,0,11,9.4(02),0,NA,37.2,1,14,0,18,16.7,21.6,8,2019-04,0,11,0,318,2,1025.2(27),1013.2,0,6,22,0,0,999.5(23),NA,1014,117,NA
6155A,0.0(--),0,11.9,2,16.5,32.7(24),21.1,3,29/19.7(17),0,84,0,0,12.9(02),0,NA,0,0,17,0,21.5,21.1,25.8,0,2019-05,0,0,0,363,1,1024.0(30),1014.2,0,12,18,0,0,1007.1(24),56,1015,146,NA
6155A,0.0(--),0,12.1,2,18.6,34.5(19),22.5,12,03/18.9(12),0,83,0,0,14.7(04),0,NA,0,0,16,0,24.3,23.8,28.9,0,2019-06,0,0,0,348,0,1021.2(01),1014,0,16,14,0,0,1006.8(11),52,1014.9,158,NA
6155A,0.0(--),0,11.2,0,22,39.1(15),25.3,23,32/14.4(27),0,78,0,0,19.8(18),0,NA,0,0,15,0,27.8,27.1,32.2,0,2019-07,0,0,0,324,0,1018.5(21),1012.4,0,21,10,0,0,1007.8(28),54,1013.2,199,NA
6155A,0.0(--),0,10.8,1,22.3,40.6(07),25,19,27/15.3(12),0,80,0,0,20.4(30),0,NA,0,0,15,0,28.4,27.1,31.8,0,2019-08,0,0,0,323,0,1019.7(29),1014.2,0,20,11,0,0,1008.4(06),59,1015,215,NA
6155A,59.7(13),1,8.2,2,20.4,35.6(25),23.8,7,26/24.2(14),1,67,0,2,16.1(24),1,NA,60.3,1,13,0,25.3,24.6,28.7,1,2019-09,0,3,0,282,5,1021.5(12),1016,0,9,16,1,0,1011.5(10),67,1016.8,203,NA
6155A,4.8(19),1,8.6,0,15.8,35.2(01),22.2,3,29/15.0(15),0,76,0,2,10.3(23),0,NA,5.1,0,14,0,21.1,21,26.2,1,2019-10,0,4,0,335,1,1023.7(25),1016.5,0,9,21,0,0,1008.0(19),60,1017.3,150,NA
6155A,12.9(22),0,5.7,7,12.6,27.6(01),20.6,0,33/20.6(14),2,55,0,5,6.6(17),0,NA,30.2,0,18,0,13.2,16.6,20.5,4,2019-11,0,7,0,405,5,1023.1(09),1014.6,0,3,22,0,0,998.4(22),61,1015.4,117,NA
6155A,20.6(19),0,5.4,5,10.7,23.9(23),15.8,0,28/17.5(12),2,55,0,6,5.7(31),0,NA,42,0,15,0,15.8,15.1,19.3,4,2019-12,0,7,0,341,5,1033.6(31),1019.7,0,5,21,0,0,1000.4(17),68,1020.5,118,NA
6155A,59.7(13/sep),3,NA,31,14.7,40.6(07/ago),25.3,67,26/24.2(14/sep),7,NA,0,35,1.9(13/ene),1,NA,204.6,2,16,0,13.2,19.6,24.4,23,2019-13,0,42,0,349,27,1033.6(05/ene),1016.7,0,132,206,1,0,998.4(22/nov),NA,1017.6,144,NA
6155A,70.6(24),0,5.2,3,7.8,23.5(31),13,0,11/16.4(23),4,53,0,7,4.5(08),2,NA,142,3,14,0,11.2,12.6,17.4,5,2020-01,0,7,0,360,8,1033.2(02),1024.6,0,5,18,0,0,1010.7(21),72,1025.5,107,NA
6155A,2.2(18),2,7.2,2,10.4,25.7(25),15.1,0,29/15.3(01),0,67,0,1,6.6(29),0,NA,2.2,0,14,0,16.4,15.6,20.6,1,2020-02,0,1,0,329,4,1034.0(23),1025.4,0,7,18,1,0,1015.6(29),71,1026.2,124,NA
6155A,35.7(20),0,5.8,7,11.9,26.8(12),15.4,0,30/18.6(06),5,49,0,12,7.6(08),3,NA,149.3,1,18,0,13.8,16.2,20.4,9,2020-03,0,14,0,399,12,1026.6(10),1016.5,0,2,17,0,0,1003.7(31),65,1017.3,117,NA
6155A,9.5(14),0,5.3,2,12.9,27.0(29),15.9,0,32/15.3(19),0,41,0,8,8.9(02),0,NA,26.7,1,14,0,16.8,16.9,20.9,5,2020-04,0,9,0,304,12,1025.1(07),1015.2,0,2,16,0,0,1006.2(19),71,1016.1,141,NA
6155A,19.8(11),0,9.9,0,15.9,32.0(20),19.8,4,28/14.4(01),1,70,0,7,10.6(13),0,NA,31.8,1,13,0,20.5,20.8,25.6,3,2020-05,0,7,0,293,0,1025.2(24),1015.8,0,9,22,0,0,1004.7(13),61,1016.6,158,NA
6155A,1.4(04),0,12.1,NA,19.1,34.3(15),22.7,12,NA,0,83,NA,1,14.2(01),0,NA,1.4,0,16,0,24.3,24.3,29.4,1,2020-06,0,1,0,NA,0,1021.3(20),1014,0,16,14,0,0,1006.4(03),52,1014.7,165,NA
6155A,0.2(21),0,11.4,0,22.2,40.3(02),25.4,21,06/13.3(03),0,80,0,1,19.6(01),0,NA,0.2,1,14,0,28.7,26.8,31.2,0,2020-07,0,1,0,297,0,1020.9(04),1014.1,0,24,7,0,0,1009.9(01),63,1014.9,232,NA
6155A,0.9(10),1,11.3,0,22.8,43.7(02),25.8,28,30/14.4(29),0,83,0,1,19.6(21),0,NA,0.9,0,15,0,27.6,28.2,33.5,0,2020-08,0,1,0,323,0,1018.9(08),1012.6,0,16,15,0,0,1004.1(28),54,1013.4,206,NA
6155A,5.7(17),0,8.4,3,19.7,35.5(24),24.4,8,08/18.6(18),0,68,0,2,14.9(28),0,NA,7.9,0,14,0,25.2,24.2,28.7,2,2020-09,0,3,0,322,2,1022.2(04),1016.3,0,7,21,0,0,1010.5(27),62,1017.1,191,NA
6155A,17.0(22),0,8.1,4,13.8,33.2(01),18.2,1,30/16.4(02),1,72,0,5,9.6(17),0,NA,25.8,0,14,0,18.4,19,24.2,3,2020-10,0,6,0,331,2,1026.2(24),1017.7,0,10,19,0,0,1001.1(02),61,1018.5,135,NA
6155A,34.9(25),3,5.1,2,12.7,28.5(16),16.9,0,08/20.6(05),3,49,0,7,8.4(24),1,NA,66.8,1,11,0,16.6,16.8,20.8,5,2020-11,0,7,0,268,5,1029.3(19),1019.8,0,3,22,0,0,1004.2(27),80,1020.6,155,NA
6155A,2.5(16),1,5.9,3,9,23.5(11),17.3,0,30/17.5(05),0,61,0,5,3.3(27),0,NA,5.2,0,14,0,12.8,13.6,18.2,1,2020-12,0,7,0,336,4,1029.8(21),1017.1,0,7,20,0,0,998.9(04),71,1017.9,114,NA
6155A,70.6(24/ene),7,8,NA,14.9,43.7(02/ago),25.8,74,NA,14,65,NA,57,3.3(27/dic),6,NA,460.2,8,14,0,11.2,19.6,24.2,35,2020-13,0,64,0,NA,49,1034.0(23/feb),1017.4,0,108,209,1,0,998.9(04/dic),65,1018.2,154,NA
6155A,56.4(07),NA,5.8,5,7.9,26.0(29),15.9,0,08/24.2(08),5,58,0,8,1.6(13),2,NA,151.2,NA,16,0,8.6,12.4,17,7,2021-01,NA,NA,NA,385,6,1029.6(16),1017.9,0,10,15,0,0,995.7(08),70,1018.7,103,NA
6155A,9.1(21),3,5.4,2,10.4,22.6(02),14.1,0,29/16.1(02),0,50,0,5,5.9(18),0,NA,13.2,0,14,0,16,14.7,19,3,2021-02,0,5,0,330,7,1033.5(15),1018.5,0,1,20,2,0,1001.1(05),72,1019.3,122,NA
6155A,25.8(18),0,7.5,2,9.9,24.5(24),14.8,0,29/16.9(12),1,62,0,4,4.3(21),0,NA,31.4,1,15,0,15.5,14.9,19.7,2,2021-03,0,5,0,326,6,1027.4(11),1019.4,0,8,17,0,0,1008.3(20),71,1020.3,124,NA
6155A,11.7(15),1,6.1,1,13.6,27.1(20),16.9,0,35/18.1(27),3,47,0,9,10.4(06),0,NA,60.8,1,15,0,16.3,17.6,21.4,8,2021-04,0,9,0,322,6,1023.6(12),1013.8,0,1,23,0,0,1005.0(27),72,1014.7,147,NA
6155A,25.3(23),1,9.7,2,15.5,35.6(16),22.1,5,29/15.3(10),1,69,0,6,10.8(02),0,NA,42.3,2,16,0,20.1,20.4,25.1,4,2021-05,0,6,0,344,4,1023.7(20),1015.9,0,8,19,0,0,1008.6(09),62,1016.7,151,NA
6155A,0.9(05),0,10.9,0,18.9,36.2(28),23.9,8,25/15.0(22),0,74,0,2,16.1(03),0,NA,1.6,1,15,0,23.5,23.9,28.8,0,2021-06,0,2,0,330,0,1022.4(05),1015.1,0,15,15,0,0,1008.3(16),56,1015.9,173,NA
6155A,0.0(--),1,11.6,1,22.1,42.6(24),27.2,16,30/15.3(12),0,80,0,0,19.1(02),0,NA,0,0,16,0,26.1,27.3,32.4,0,2021-07,0,0,0,357,0,1020.3(08),1013.6,0,24,7,0,0,1006.3(24),55,1014.4,195,NA
6155A,0.0(--),0,9.4,0,23,38.6(07),27.5,26,26/15.0(08),0,70,0,0,18.9(02),0,NA,0,1,15,0,29.2,27.5,32,0,2021-08,0,0,0,314,1,1019.7(13),1013.3,0,14,16,0,0,1005.1(06),63,1014.1,232,NA
6155A,4.8(13),1,8.9,0,20.5,36.2(10),23.5,7,29/13.9(10),0,72,0,4,16.2(28),0,NA,9.3,0,14,0,26.2,24.9,29.3,3,2021-09,0,4,0,292,3,1024.0(30),1015.4,0,10,17,0,0,1009.2(14),66,1016.2,208,NA
6155A,0.7(03),1,8.4,1,16.3,29.7(03),19.5,0,29/16.9(03),0,74,0,1,13.2(25),0,NA,0.7,0,12,0,23.4,21.1,25.8,0,2021-10,0,3,0,273,0,1024.9(19),1018,0,4,27,0,0,1010.6(03),70,1018.8,174,NA
6155A,2.2(21),0,7.1,6,10.3,29.6(01),18.3,0,09/22.8(19),0,69,0,5,5.4(27),0,NA,5.6,0,17,0,14.6,15.4,20.4,2,2021-11,0,5,0,406,1,1026.3(30),1015.9,0,13,16,0,0,1007.6(25),59,1016.7,106,NA
6155A,24.1(24),2,5.1,9,10.7,23.2(11),14.2,0,30/22.8(10),1,52,0,6,5.1(01),0,NA,37.2,0,17,0,15,14.8,18.8,5,2021-12,0,6,0,398,7,1028.0(31),1021.1,0,9,15,1,0,1008.4(25),70,1022,118,NA
6155A,56.4(07/ene),NA,8,29,14.9,42.6(24/jul),27.5,62,08/24.2(08/ene),11,65,0,50,1.6(13/ene),2,NA,353.3,NA,15,0,8.6,19.6,24.1,34,2021-13,NA,NA,NA,340,41,1033.5(15/feb),1016.5,0,117,207,3,0,995.7(08/ene),66,1017.3,154,NA
6155A,2.1(24),3,5.2,5,9,24.5(31),14,0,28/18.6(10),0,52,0,7,4.4(08),0,NA,6.3,0,17,0,14.8,13.2,17.3,3,2022-01,0,8,0,439,5,1033.6(17),1025.3,0,5,21,2,0,1014.1(06),67,1026.2,102,NA
6155A,2.0(24),0,5.9,3,10.3,24.1(03),15,0,30/16.1(16),0,55,0,1,4.7(02),0,NA,2,0,16,0,16.2,14.9,19.5,1,2022-02,0,2,0,364,8,1031.0(09),1023.4,0,5,15,0,0,1014.2(19),62,1024.3,106,NA
6155A,46.8(15),1,4.1,6,10.9,23.8(03),14.6,0,11/22.2(25),6,34,0,16,6.1(06),5,NA,221.8,3,15,0,14.8,14.9,18.9,13,2022-03,0,17,0,362,12,1028.4(01),1014.9,0,1,17,0,0,1002.6(14),72,1015.7,123,NA
6155A,7.7(22),2,8.3,6,12.1,33.1(17),15.3,1,21/18.9(22),0,63,0,5,7.4(03),0,NA,21.1,1,16,0,14.9,17,21.9,5,2022-04,0,7,0,349,4,1024.5(29),1013.4,0,5,21,0,0,1001.9(22),64,1014.2,125,NA
6155A,5.9(03),0,11.1,0,16.3,34.7(23),22.6,7,29/15.0(23),0,78,0,3,12.0(01),0,NA,12,0,15,0,19.3,21.7,27.1,2,2022-05,0,3,0,328,2,1023.2(10),1015.7,0,9,20,0,0,1005.2(29),54,1016.5,147,NA
6155A,0.0(--),0,11.7,0,20.5,37.8(08),24.3,25,29/15.0(08),0,80,0,0,17.1(06),0,NA,0,0,16,0,26.1,26.1,31.7,0,2022-06,0,0,0,367,2,1019.6(11),1013.7,0,16,12,0,0,1007.0(19),46,1014.5,162,NA
6155A,0.3(02),3,11.4,0,22.1,40.7(26),26.1,26,12/14.4(01),0,79,0,1,18.1(01),0,NA,0.3,0,13,0,26.4,26.8,31.5,0,2022-07,0,1,0,280,0,1021.8(07),1015.6,0,20,11,0,0,1009.3(28),58,1016.4,214,NA
6155A,1.3(28),1,10.7,0,22.9,39.2(13),26.3,28,29/12.8(16),0,79,0,3,19.2(21),0,NA,1.7,2,15,0,28.3,27.6,32.3,1,2022-08,0,3,0,298,1,1018.3(20),1012.6,0,22,8,0,0,1005.8(14),58,1013.4,220,NA
6155A,1.3(29),1,9.3,1,20.5,37.3(07),26.3,16,33/17.5(29),0,75,0,2,15.5(30),0,NA,1.6,1,14,0,27.2,25.8,31,1,2022-09,0,2,0,334,2,1019.8(30),1012.9,0,9,19,0,0,1006.3(12),53,1013.7,174,NA
6155A,1.8(10),2,6,0,17.1,30.8(16),20.4,1,30/11.4(18),0,53,0,3,12.7(01),0,NA,2.2,0,11,0,21.4,21.8,26.4,1,2022-10,0,5,0,240,7,1025.4(01),1018.6,0,6,18,0,0,1013.1(16),70,1019.4,182,NA
6155A,4.9(18),1,6.5,2,13,26.7(04),18.9,0,29/18.1(22),0,63,0,4,5.2(30),0,NA,9.4,0,15,0,17.6,18,22.9,3,2022-11,0,5,0,359,3,1029.4(26),1019.2,0,9,18,1,0,1012.3(17),66,1020.1,140,NA
6155A,45.6(09),1,4.7,2,10.5,24.0(12),16.4,0,08/18.6(05),4,48,0,13,5.2(31),2,NA,137.4,3,11,0,14.6,15.1,19.6,8,2022-12,0,13,0,276,6,1029.9(27),1016.7,0,6,19,0,0,1001.0(09),78,1017.6,135,NA
6155A,46.8(15/mar),15,7.9,25,15.4,40.7(26/jul),26.3,104,11/22.2(25/mar),10,63,0,58,4.4(08/ene),7,NA,415.8,10,15,0,14.6,20.2,25,38,2022-13,0,66,0,333,52,1033.6(17/ene),1016.8,0,113,199,3,0,1001.0(09/dic),62,1017.7,153,NA
6155A,10.8(24),0,6.5,5,8.3,22.1(09),14.6,0,30/20.6(16),1,65,0,3,1.1(29),0,NA,12.1,1,16,0,13.3,13.1,17.8,2,2023-01,0,3,0,396,1,1033.7(04),1022.9,0,6,24,0,0,1007.8(17),64,1023.7,100,NA
6155A,31.1(07),1,6.4,4,8.2,22.1(22),12.9,0,11/23.3(10),2,59,0,5,1.8(01),1,NA,55,0,18,0,13.9,12.8,17.4,5,2023-02,0,7,0,425,4,1032.6(10),1022.1,0,5,19,0,0,1006.4(25),65,1022.9,99,NA
6155A,6.9(06),1,8.9,4,10.7,31.3(31),20.1,2,29/19.7(11),0,74,0,2,2.8(03),0,NA,7,0,16,0,16.6,16.9,23,1,2023-03,0,2,0,368,2,1025.1(28),1018.2,0,9,20,0,0,1011.8(16),57,1019,112,NA
6155A,0.0(--),0,9.9,NA,13.4,34.3(29),18.7,2,NA,0,75,NA,0,6.4(08),0,NA,0,0,17,0,18.5,19.3,25,0,2023-04,0,2,0,NA,3,1022.7(01),1014.9,0,15,12,0,0,1005.0(21),56,1015.8,128,NA
6155A,27.2(21),1,8.6,0,16.1,32.0(15),19.3,1,07/15.0(18),3,61,0,7,11.7(19),0,NA,64.4,6,15,0,17.5,20.5,24.8,4,2023-05,1,7,0,310,4,1022.0(08),1014.3,0,5,22,0,0,1008.6(21),66,1015.1,163,NA
6155A,2.4(07),0,10.1,0,20.2,35.4(27),22.8,16,33/15.0(13),0,69,0,7,17.1(04),0,NA,9.2,5,14,0,23.2,24.8,29.3,4,2023-06,0,8,0,290,2,1020.5(23),1013.1,0,11,17,0,0,1008.1(18),58,1013.9,186,NA
6155A,0.0(--),0,11.3,0,24.6,44.2(19),31.6,29,29/13.3(21),0,79,0,0,20.0(28),0,NA,0,0,15,0,28.7,29.5,34.3,0,2023-07,0,0,0,332,0,1018.9(10),1013.4,0,16,15,0,0,1008.4(24),56,1014.2,234,NA
6155A,0.0(--),0,11.4,2,24.2,42.8(01),30.3,29,29/18.1(26),0,84,0,0,20.3(29),0,NA,0,0,16,0,29,28.9,33.4,0,2023-08,0,0,0,325,0,1019.9(11),1013.9,0,15,16,0,0,1007.1(02),57,1014.5,229,NA
6155A,1.4(14),NA,8.7,0,20.6,33.0(12),24.6,10,29/14.4(22),0,71,0,4,15.9(28),0,NA,4.2,NA,14,0,24.3,24.9,29.1,3,2023-09,NA,NA,NA,304,5,1024.5(30),1014.9,0,5,20,0,0,1007.0(03),63,1016.2,203,NA
6155A,18.2(19),0,7,3,16.7,29.9(14),20.3,0,21/27.2(19),1,62,1,6,12.0(29),0,NA,23.8,0,13,0,19.3,21.3,25.9,3,2023-10,0,6,0,274,5,1026.3(04),1015.6,0,2,24,0,0,996.0(19),69,1016.4,176,NA
6155A,0.0(--),3,7.6,6,12.2,28.0(12),17.8,0,29/18.9(11),0,74,0,0,6.4(24),0,NA,0,0,16,0,18.5,17.6,22.9,0,2023-11,0,0,0,388,0,1027.1(18),1018.1,0,9,21,1,0,1005.8(30),62,1018.9,124,NA
6155A,1.6(06),1,6.1,4,8.5,29.4(12),14.3,0,88/26.4(13),0,62,1,5,4.1(19),0,NA,3.6,0,15,0,14.4,13.7,18.8,2,2023-12,0,6,0,378,4,1036.3(17),1022.9,0,13,14,1,0,1003.5(01),68,1023.8,109,NA
6155A,31.1(07/feb),NA,8.5,NA,15.3,44.2(19/jul),31.6,89,NA,7,70,NA,39,1.1(29/ene),1,NA,179.3,NA,15,0,13.3,20.3,25.1,24,2023-13,NA,NA,NA,NA,30,1036.3(17/dic),1017,0,111,224,2,0,996.0(19/oct),62,1017.9,155,NA
6155A,6.7(16),1,4.6,2,9.4,24.7(03),14.9,0,28/18.9(05),0,47,0,7,5.9(14),0,NA,21.3,3,14,0,12.8,14.1,18.8,6,2024-01,0,7,0,326,7,1038.5(24),1022.9,0,2,22,0,0,1006.2(19),69,1023.7,113,NA
6155A,23.2(09),NA,6.4,6,10.5,25.3(22),15.1,0,29/20.0(26),1,58,0,6,5.5(02),0,NA,28.5,NA,16,0,16.3,15.3,20.1,2,2024-02,NA,NA,NA,386,2,1034.9(01),1021.1,0,8,19,1,0,995.5(09),64,1021.9,111,NA
6155A,48.8(30),NA,5.5,8,11.3,25.3(15),16.5,0,21/22.8(09),5,46,0,13,6.7(06),1,NA,143.1,NA,14,0,14.6,15.8,20.3,11,2024-03,NA,NA,NA,319,9,1024.8(16),1012.6,0,3,19,0,0,995.6(31),64,1013.4,116,NA
6155A,7.5(27),0,9.3,2,12.7,32.7(16),17.7,1,28/16.1(09),0,70,0,3,6.5(01),0,NA,10.3,1,15,0,18.8,18.1,23.4,2,2024-04,0,5,0,317,2,1031.7(12),1016.6,0,6,22,1,0,1003.7(27),61,1017.4,129,NA
6155A,0.2(01),0,11,2,15.9,31.1(05),19.9,1,07/16.1(07),0,78,0,1,10.4(04),0,NA,0.2,0,17,0,21.9,20.8,25.6,0,2024-05,0,1,0,363,0,1020.0(03),1013.9,0,9,22,0,0,1006.8(14),52,1014.7,135,NA
6155A,7.5(11),0,11.1,0,19.6,36.1(15),22.3,12,29/12.8(16),0,76,0,3,16.7(05),0,NA,10.2,3,15,0,24.6,24.4,29,2,2024-06,0,3,0,344,0,1020.3(21),1013.1,0,10,20,0,0,1007.6(26),51,1014,162,NA
6155A,1.1(28),1,11.4,1,22.1,40.8(12),28,20,19/15.3(29),0,80,0,1,19.5(10),0,NA,1.1,1,14,0,26.7,27,31.9,1,2024-07,0,1,0,325,1,1019.9(23),1013,0,23,7,0,0,1006.8(20),57,1013.8,209,NA
6155A,0.2(25),0,11,1,24.5,42.2(02),30.2,30,05/18.6(19),0,82,0,2,21.9(18),0,NA,0.3,1,15,0,30,28.8,32.9,0,2024-08,0,2,0,305,0,1016.6(16),1012.2,0,18,13,0,0,1007.0(13),62,1013,247,NA
6155A,5.7(07),0,8.8,0,21.3,35.8(04),26,11,28/14.4(28),0,71,0,5,17.8(30),0,NA,9.2,0,15,0,25.4,25.5,29.6,2,2024-09,0,5,0,341,1,1022.6(29),1013.5,0,8,21,0,0,999.0(12),60,1014.4,197,NA
6155A,66.0(28),NA,6.1,1,17.6,35.0(02),24.2,5,29/16.9(18),4,54,0,11,11.7(28),1,NA,130.4,NA,13,0,17.5,21.6,25.6,10,2024-10,NA,NA,NA,309,7,1024.5(22),1015,0,1,23,0,0,1005.3(07),NA,1015.8,169,NA
6155A,73.3(13),2,5,NA,14.3,25.3(09),17.2,0,NA,1,49,NA,4,11.9(23),1,NA,73.6,1,11,0,17.5,18.2,21.9,1,2024-11,0,4,0,NA,5,1028.1(29),1019.5,0,2,23,2,0,1007.7(13),79,1020.3,166,NA
6155A,52.9(12),0,5.7,3,9,24.0(07),14.8,0,30/20.0(07),1,58,0,4,3.3(11),1,NA,56.7,1,14,0,12.6,14,18.9,3,2024-12,0,4,0,358,3,1037.2(16),1025.2,0,8,20,0,0,1014.9(11),71,1026,115,NA
6155A,73.3(13/nov),NA,8,NA,15.7,42.2(02/ago),30.2,80,NA,12,64,NA,60,3.3(11/dic),4,NA,484.9,NA,14,0,12.6,20.3,24.8,40,2024-13,NA,NA,NA,NA,37,1038.5(24/ene),1016.6,0,98,231,4,0,995.5(09/feb),NA,1017.4,156,NA
6155A,13.0(05),NA,6,4,8,23.5(12),15.7,0,30/18.6(11),1,60,0,6,3.6(15),0,NA,28.7,NA,14,0,15.5,13.4,18.7,5,2025-01,NA,NA,NA,346,5,1029.8(28),1021.9,0,7,19,1,0,1010.7(06),67,1022.5,107,NA
6155A,39.3(28),0,6.9,1,8.9,23.5(16),12.1,0,08/16.1(03),2,63,0,5,4.2(06),2,NA,77.6,1,15,0,13.5,13.9,18.9,4,2025-02,0,5,0,337,4,1032.6(05),1021.1,0,4,20,0,0,1011.3(18),71,1022,116,NA
6155A,63.8(09),0,4.8,6,11.1,28.2(29),14.1,0,09/24.2(18),7,39,0,18,6.4(15),2,NA,228.2,6,13,0,14.2,15.3,19.5,14,2025-03,0,18,0,322,17,1021.7(25),1011.6,0,4,10,0,0,995.9(13),72,1012.2,124,NA
6155A,7.4(03),0,7.8,2,13.4,29.7(26),17,0,34/18.9(15),0,59,0,8,9.9(01),0,NA,29.4,0,14,0,18.1,18.3,23.1,7,2025-04,0,9,0,316,7,1022.0(23),1013.9,0,4,19,0,0,1003.2(02),62,1014.8,133,NA
6155A,0.4(01),0,10.5,0,16,32.7(22),19.2,3,30/13.9(19),0,74,0,2,12.8(03),0,NA,0.7,1,15,0,22.4,21.2,26.5,0,2025-05,0,4,0,332,1,1023.3(28),1014.9,0,10,20,0,0,1008.7(09),52,1015.7,139,NA
6155A,0.1(10),NA,11,2,21.2,37.2(25),23.9,19,08/22.8(11),0,75,0,1,17.7(02),0,NA,0.1,NA,15,0,25.7,26.2,31.1,0,2025-06,NA,NA,NA,311,2,1022.8(27),1016.3,0,15,13,0,0,1012.0(03),54,1017.1,191,NA
6155A,0.0(--),0,12.2,0,22.5,41.0(18),27.1,29,29/13.9(12),0,85,0,0,15.0(26),0,NA,0,0,15,0,28.7,27.5,32.4,0,2025-07,0,0,0,321,0,1019.9(04),1013.8,0,23,8,0,0,1006.3(20),56,1014.6,214,NA
6155A,0.0(--),NA,11,1,22.9,38.6(19),25.5,29,29/15.3(28),0,81,0,0,19.7(31),0,NA,0,NA,14,0,28.4,28.1,33.2,0,2025-08,NA,NA,NA,315,1,1020.4(10),1013.8,0,20,10,0,0,999.0(18),52,1014.7,199,NA
6155A,0.0(--),1,8.8,1,20,34.1(11),23.2,15,30/16.9(01),0,71,0,0,15.9(23),0,NA,0,0,14,0,25.2,24.8,29.6,0,2025-09,0,1,0,301,3,1022.9(19),1016.3,0,4,23,1,0,1011.0(21),62,1017.1,193,NA
6155A,24.3(29),NA,7.7,0,18.2,32.7(24),21.9,4,32/14.4(22),2,68,0,3,13.9(31),0,NA,38.7,NA,13,0,22.2,22.6,27,3,2025-10,NA,NA,NA,274,2,1023.3(07),1016.9,0,8,21,0,0,1010.5(25),69,1017.8,186,NA
6155A,20.3(14),1,6.6,4,11.5,26.0(01),18.3,0,22/18.6(13),3,64,0,6,5.9(29),0,NA,64.1,0,15,0,17.9,16.3,21.1,5,2025-11,0,7,0,354,4,1028.6(22),1017.2,0,4,22,0,0,1008.2(13),67,1018.1,126,NA
6155A,38.2(11),1,4.2,4,8.6,21.9(06),14.6,0,07/23.3(27),4,43,0,15,4.4(27),1,NA,125.2,5,13,0,12.4,13,17.3,11,2025-12,0,16,0,328,5,1024.3(18),1016.2,0,1,25,1,0,1004.6(16),76,1017.1,117,NA
6155A,63.8(09/mar),NA,8.1,25,15.2,41.0(18/jul),27.1,99,09/24.2(18/mar),19,65,0,64,3.6(15/ene),5,NA,592.7,NA,14,0,12.4,20.1,24.9,49,2025-13,NA,NA,NA,321,51,1032.6(05/feb),1016.2,0,104,210,3,0,995.9(13/mar),63,1017,154,NA
6155A,34.5(04),1,4.4,12,8.5,23.4(29),13.2,0,20/24.2(27),3,44,0,15,3.4(07),1,NA,90.7,1,15,0,11.6,12.7,16.8,9,2026-01,1,16,0,379,9,1031.5(08),1014.1,0,4,18,0,0,996.8(04),71,1015,108,NA
6155A,26.0(07),NA,6.3,9,9.8,24.6(11),15.6,0,25/22.8(05),3,58,0,9,5.0(22),0,NA,73.1,NA,15,0,15.1,14.5,19.2,7,2026-02,NA,NA,NA,343,3,1030.9(21),1017.4,0,7,18,1,0,997.0(04),70,1017.9,116,NA
6155A,NA,NA,NA,NA,NA,NA,NA,NA,NA,NA,NA,NA,NA,NA,NA,NA,NA,NA,NA,NA,NA,NA,NA,NA,2026-03,NA,NA,NA,NA,NA,NA,NA,NA,NA,NA,NA,NA,NA,NA,NA,NA,NA
6155A,NA,NA,NA,NA,NA,NA,NA,NA,NA,NA,NA,NA,NA,NA,NA,NA,NA,NA,NA,NA,NA,NA,NA,NA,2026-04,NA,NA,NA,NA,NA,NA,NA,NA,NA,NA,NA,NA,NA,NA,NA,NA,NA
6155A,NA,NA,NA,NA,NA,NA,NA,NA,NA,NA,NA,NA,NA,NA,NA,NA,NA,NA,NA,NA,NA,NA,NA,NA,2026-05,NA,NA,NA,NA,NA,NA,NA,NA,NA,NA,NA,NA,NA,NA,NA,NA,NA
6155A,NA,NA,NA,NA,NA,NA,NA,NA,NA,NA,NA,NA,NA,NA,NA,NA,NA,NA,NA,NA,NA,NA,NA,NA,2026-06,NA,NA,NA,NA,NA,NA,NA,NA,NA,NA,NA,NA,NA,NA,NA,NA,NA
6155A,NA,NA,NA,NA,NA,NA,NA,NA,NA,NA,NA,NA,NA,NA,NA,NA,NA,NA,NA,NA,NA,NA,NA,NA,2026-07,NA,NA,NA,NA,NA,NA,NA,NA,NA,NA,NA,NA,NA,NA,NA,NA,NA
6155A,NA,NA,NA,NA,NA,NA,NA,NA,NA,NA,NA,NA,NA,NA,NA,NA,NA,NA,NA,NA,NA,NA,NA,NA,2026-08,NA,NA,NA,NA,NA,NA,NA,NA,NA,NA,NA,NA,NA,NA,NA,NA,NA
6155A,NA,NA,NA,NA,NA,NA,NA,NA,NA,NA,NA,NA,NA,NA,NA,NA,NA,NA,NA,NA,NA,NA,NA,NA,2026-09,NA,NA,NA,NA,NA,NA,NA,NA,NA,NA,NA,NA,NA,NA,NA,NA,NA
6155A,NA,NA,NA,NA,NA,NA,NA,NA,NA,NA,NA,NA,NA,NA,NA,NA,NA,NA,NA,NA,NA,NA,NA,NA,2026-10,NA,NA,NA,NA,NA,NA,NA,NA,NA,NA,NA,NA,NA,NA,NA,NA,NA
6155A,NA,NA,NA,NA,NA,NA,NA,NA,NA,NA,NA,NA,NA,NA,NA,NA,NA,NA,NA,NA,NA,NA,NA,NA,2026-11,NA,NA,NA,NA,NA,NA,NA,NA,NA,NA,NA,NA,NA,NA,NA,NA,NA
6155A,NA,NA,NA,NA,NA,NA,NA,NA,NA,NA,NA,NA,NA,NA,NA,NA,NA,NA,NA,NA,NA,NA,NA,NA,2026-12,NA,NA,NA,NA,NA,NA,NA,NA,NA,NA,NA,NA,NA,NA,NA,NA,NA
6155A,NA,NA,NA,NA,NA,NA,NA,NA,NA,NA,NA,NA,NA,NA,NA,NA,NA,NA,NA,NA,NA,NA,NA,NA,2026-13,NA,NA,NA,NA,NA,NA,NA,NA,NA,NA,NA,NA,NA,NA,NA,NA,NA
