"comment_id","author_name","subreddit","self_text","score","created_time","post_id","controversiality"
"c1","User_733","israel","The role of international organizations is being questioned.",325,2026-05-01 10:00:00,"p251","FALSE"
"c2","User_633","israel","New reports suggest a possible breakthrough in negotiations.",261,2026-05-01 10:01:00,"p228","FALSE"
"c3","User_294","palestine","The conflict continues with heavy casualties on both sides.",119,2026-05-01 10:02:00,"p91","FALSE"
"c4","User_557","worldnews","The role of international organizations is being questioned.",127,2026-05-01 10:03:00,"p260","FALSE"
"c5","User_623","news","The role of international organizations is being questioned.",96,2026-05-01 10:04:00,"p76","FALSE"
"c6","User_108","worldnews","Security measures are being tightened in the region.",44,2026-05-01 10:05:00,"p340","FALSE"
"c7","User_164","MiddleEastHistory","Protests are spreading globally in support of humanitarian aid.",165,2026-05-01 10:06:00,"p46","FALSE"
"c8","User_176","news","The conflict continues with heavy casualties on both sides.",183,2026-05-01 10:07:00,"p13","FALSE"
"c9","User_389","palestine","Public opinion is deeply divided on the best path to peace.",-81,2026-05-01 10:08:00,"p54","FALSE"
"c10","User_287","palestine","Discourse on social media is highly polarized and full of misinformation.",2,2026-05-01 10:09:00,"p221","FALSE"
"c11","User_314","palestine","The conflict continues with heavy casualties on both sides.",161,2026-05-01 10:10:00,"p71","FALSE"
"c12","User_79","MiddleEastHistory","The conflict continues with heavy casualties on both sides.",113,2026-05-01 10:11:00,"p311","FALSE"
"c13","User_349","worldnews","Discourse on social media is highly polarized and full of misinformation.",117,2026-05-01 10:12:00,"p172","FALSE"
"c14","User_110","israel","The role of international organizations is being questioned.",-115,2026-05-01 10:13:00,"p86","FALSE"
"c15","User_402","politics","Historical context is essential to understand the current escalation.",-90,2026-05-01 10:14:00,"p263","FALSE"
"c16","User_290","worldnews","Economic impact of the war is being felt across the Middle East.",146,2026-05-01 10:15:00,"p150","FALSE"
"c17","User_357","worldnews","Public opinion is deeply divided on the best path to peace.",-160,2026-05-01 10:16:00,"p285","TRUE"
"c18","User_524","palestine","The conflict continues with heavy casualties on both sides.",126,2026-05-01 10:17:00,"p251","FALSE"
"c19","User_312","worldnews","Economic impact of the war is being felt across the Middle East.",147,2026-05-01 10:18:00,"p28","FALSE"
"c20","User_229","israel","Protests are spreading globally in support of humanitarian aid.",303,2026-05-01 10:19:00,"p388","FALSE"
"c21","User_35","news","The conflict continues with heavy casualties on both sides.",32,2026-05-01 10:20:00,"p296","FALSE"
"c22","User_524","politics","New reports suggest a possible breakthrough in negotiations.",-91,2026-05-01 10:21:00,"p139","FALSE"
"c23","User_259","worldnews","New reports suggest a possible breakthrough in negotiations.",-68,2026-05-01 10:22:00,"p120","FALSE"
"c24","User_483","worldnews","New reports suggest a possible breakthrough in negotiations.",165,2026-05-01 10:23:00,"p57","FALSE"
"c25","User_554","MiddleEastHistory","International community calls for an immediate ceasefire.",24,2026-05-01 10:24:00,"p204","FALSE"
"c26","User_317","palestine","Protests are spreading globally in support of humanitarian aid.",257,2026-05-01 10:25:00,"p108","TRUE"
"c27","User_612","MiddleEastHistory","Protests are spreading globally in support of humanitarian aid.",119,2026-05-01 10:26:00,"p95","FALSE"
"c28","User_776","worldnews","Discourse on social media is highly polarized and full of misinformation.",43,2026-05-01 10:27:00,"p98","FALSE"
"c29","User_173","worldnews","Diplomatic efforts are ongoing but progress is slow.",349,2026-05-01 10:28:00,"p307","FALSE"
"c30","User_252","politics","Public opinion is deeply divided on the best path to peace.",212,2026-05-01 10:29:00,"p40","FALSE"
"c31","User_221","MiddleEastHistory","Civilians are paying the highest price in this long-standing conflict.",132,2026-05-01 10:30:00,"p138","FALSE"
"c32","User_445","israel","Security measures are being tightened in the region.",173,2026-05-01 10:31:00,"p281","FALSE"
"c33","User_236","palestine","International community calls for an immediate ceasefire.",71,2026-05-01 10:32:00,"p92","FALSE"
"c34","User_133","MiddleEastHistory","International community calls for an immediate ceasefire.",-7,2026-05-01 10:33:00,"p227","FALSE"
"c35","User_201","news","Security measures are being tightened in the region.",453,2026-05-01 10:34:00,"p124","FALSE"
"c36","User_493","israel","New reports suggest a possible breakthrough in negotiations.",-37,2026-05-01 10:35:00,"p75","FALSE"
"c37","User_338","palestine","Diplomatic efforts are ongoing but progress is slow.",-202,2026-05-01 10:36:00,"p80","FALSE"
"c38","User_745","palestine","Civilians are paying the highest price in this long-standing conflict.",-8,2026-05-01 10:37:00,"p266","FALSE"
"c39","User_496","politics","Civilians are paying the highest price in this long-standing conflict.",165,2026-05-01 10:38:00,"p74","FALSE"
"c40","User_411","MiddleEastHistory","The role of international organizations is being questioned.",-254,2026-05-01 10:39:00,"p254","FALSE"
"c41","User_306","politics","Discourse on social media is highly polarized and full of misinformation.",129,2026-05-01 10:40:00,"p339","FALSE"
"c42","User_101","politics","International community calls for an immediate ceasefire.",18,2026-05-01 10:41:00,"p238","FALSE"
"c43","User_325","israel","Security measures are being tightened in the region.",203,2026-05-01 10:42:00,"p69","FALSE"
"c44","User_235","palestine","The conflict continues with heavy casualties on both sides.",-57,2026-05-01 10:43:00,"p27","FALSE"
"c45","User_157","palestine","The conflict continues with heavy casualties on both sides.",162,2026-05-01 10:44:00,"p2","FALSE"
"c46","User_580","worldnews","Diplomatic efforts are ongoing but progress is slow.",-158,2026-05-01 10:45:00,"p307","FALSE"
"c47","User_320","worldnews","International community calls for an immediate ceasefire.",-59,2026-05-01 10:46:00,"p66","FALSE"
"c48","User_351","palestine","Civilians are paying the highest price in this long-standing conflict.",-173,2026-05-01 10:47:00,"p35","FALSE"
"c49","User_785","news","International community calls for an immediate ceasefire.",14,2026-05-01 10:48:00,"p121","FALSE"
"c50","User_648","worldnews","Discourse on social media is highly polarized and full of misinformation.",59,2026-05-01 10:49:00,"p304","FALSE"
"c51","User_393","MiddleEastHistory","Protests are spreading globally in support of humanitarian aid.",190,2026-05-01 10:50:00,"p319","TRUE"
"c52","User_191","MiddleEastHistory","The role of international organizations is being questioned.",79,2026-05-01 10:51:00,"p244","FALSE"
"c53","User_259","israel","Diplomatic efforts are ongoing but progress is slow.",251,2026-05-01 10:52:00,"p50","TRUE"
"c54","User_317","worldnews","The conflict continues with heavy casualties on both sides.",-34,2026-05-01 10:53:00,"p93","FALSE"
"c55","User_505","politics","The conflict continues with heavy casualties on both sides.",-44,2026-05-01 10:54:00,"p32","FALSE"
"c56","User_692","palestine","Diplomatic efforts are ongoing but progress is slow.",86,2026-05-01 10:55:00,"p8","TRUE"
"c57","User_105","palestine","International community calls for an immediate ceasefire.",83,2026-05-01 10:56:00,"p114","FALSE"
"c58","User_614","worldnews","Security measures are being tightened in the region.",126,2026-05-01 10:57:00,"p271","FALSE"
"c59","User_31","news","Economic impact of the war is being felt across the Middle East.",-46,2026-05-01 10:58:00,"p34","FALSE"
"c60","User_591","palestine","Public opinion is deeply divided on the best path to peace.",259,2026-05-01 10:59:00,"p149","FALSE"
"c61","User_320","worldnews","The conflict continues with heavy casualties on both sides.",224,2026-05-01 11:00:00,"p292","FALSE"
"c62","User_577","palestine","International community calls for an immediate ceasefire.",308,2026-05-01 11:01:00,"p376","FALSE"
"c63","User_728","palestine","Economic impact of the war is being felt across the Middle East.",335,2026-05-01 11:02:00,"p285","FALSE"
"c64","User_364","israel","The role of international organizations is being questioned.",-82,2026-05-01 11:03:00,"p336","FALSE"
"c65","User_4","israel","Protests are spreading globally in support of humanitarian aid.",-17,2026-05-01 11:04:00,"p268","FALSE"
"c66","User_221","israel","International community calls for an immediate ceasefire.",-130,2026-05-01 11:05:00,"p230","FALSE"
"c67","User_767","israel","The role of international organizations is being questioned.",-196,2026-05-01 11:06:00,"p35","FALSE"
"c68","User_264","worldnews","Economic impact of the war is being felt across the Middle East.",197,2026-05-01 11:07:00,"p49","FALSE"
"c69","User_440","palestine","Civilians are paying the highest price in this long-standing conflict.",237,2026-05-01 11:08:00,"p23","FALSE"
"c70","User_336","news","International community calls for an immediate ceasefire.",-34,2026-05-01 11:09:00,"p186","FALSE"
"c71","User_582","worldnews","Security measures are being tightened in the region.",95,2026-05-01 11:10:00,"p337","FALSE"
"c72","User_764","worldnews","The role of international organizations is being questioned.",110,2026-05-01 11:11:00,"p133","FALSE"
"c73","User_179","news","Protests are spreading globally in support of humanitarian aid.",-190,2026-05-01 11:12:00,"p386","FALSE"
"c74","User_791","politics","Discourse on social media is highly polarized and full of misinformation.",13,2026-05-01 11:13:00,"p121","TRUE"
"c75","User_257","news","New reports suggest a possible breakthrough in negotiations.",66,2026-05-01 11:14:00,"p59","FALSE"
"c76","User_273","worldnews","Diplomatic efforts are ongoing but progress is slow.",76,2026-05-01 11:15:00,"p183","TRUE"
"c77","User_596","politics","Discourse on social media is highly polarized and full of misinformation.",76,2026-05-01 11:16:00,"p113","FALSE"
"c78","User_102","worldnews","The conflict continues with heavy casualties on both sides.",21,2026-05-01 11:17:00,"p10","FALSE"
"c79","User_625","worldnews","Security measures are being tightened in the region.",128,2026-05-01 11:18:00,"p325","FALSE"
"c80","User_148","news","Economic impact of the war is being felt across the Middle East.",25,2026-05-01 11:19:00,"p32","FALSE"
"c81","User_463","worldnews","Discourse on social media is highly polarized and full of misinformation.",-34,2026-05-01 11:20:00,"p150","TRUE"
"c82","User_616","israel","The conflict continues with heavy casualties on both sides.",12,2026-05-01 11:21:00,"p111","FALSE"
"c83","User_789","israel","Civilians are paying the highest price in this long-standing conflict.",-458,2026-05-01 11:22:00,"p38","FALSE"
"c84","User_309","israel","International community calls for an immediate ceasefire.",256,2026-05-01 11:23:00,"p266","FALSE"
"c85","User_420","palestine","Civilians are paying the highest price in this long-standing conflict.",8,2026-05-01 11:24:00,"p20","FALSE"
"c86","User_85","news","The role of international organizations is being questioned.",-11,2026-05-01 11:25:00,"p73","FALSE"
"c87","User_173","palestine","Economic impact of the war is being felt across the Middle East.",25,2026-05-01 11:26:00,"p146","FALSE"
"c88","User_410","politics","New reports suggest a possible breakthrough in negotiations.",155,2026-05-01 11:27:00,"p161","FALSE"
"c89","User_428","MiddleEastHistory","Historical context is essential to understand the current escalation.",-266,2026-05-01 11:28:00,"p67","TRUE"
"c90","User_259","palestine","The conflict continues with heavy casualties on both sides.",35,2026-05-01 11:29:00,"p334","FALSE"
"c91","User_542","israel","The role of international organizations is being questioned.",-149,2026-05-01 11:30:00,"p92","FALSE"
"c92","User_685","israel","Protests are spreading globally in support of humanitarian aid.",53,2026-05-01 11:31:00,"p120","FALSE"
"c93","User_609","worldnews","Economic impact of the war is being felt across the Middle East.",-171,2026-05-01 11:32:00,"p30","FALSE"
"c94","User_667","israel","Protests are spreading globally in support of humanitarian aid.",3,2026-05-01 11:33:00,"p114","FALSE"
"c95","User_294","israel","Historical context is essential to understand the current escalation.",-84,2026-05-01 11:34:00,"p169","FALSE"
"c96","User_125","israel","Discourse on social media is highly polarized and full of misinformation.",93,2026-05-01 11:35:00,"p207","FALSE"
"c97","User_114","israel","Public opinion is deeply divided on the best path to peace.",-58,2026-05-01 11:36:00,"p372","FALSE"
"c98","User_308","israel","International community calls for an immediate ceasefire.",-16,2026-05-01 11:37:00,"p264","FALSE"
"c99","User_33","MiddleEastHistory","New reports suggest a possible breakthrough in negotiations.",-146,2026-05-01 11:38:00,"p12","TRUE"
"c100","User_276","news","Public opinion is deeply divided on the best path to peace.",-4,2026-05-01 11:39:00,"p20","FALSE"
"c101","User_106","politics","Security measures are being tightened in the region.",161,2026-05-01 11:40:00,"p281","FALSE"
"c102","User_540","israel","The role of international organizations is being questioned.",-64,2026-05-01 11:41:00,"p342","FALSE"
"c103","User_789","worldnews","Diplomatic efforts are ongoing but progress is slow.",-8,2026-05-01 11:42:00,"p369","FALSE"
"c104","User_546","worldnews","Economic impact of the war is being felt across the Middle East.",-69,2026-05-01 11:43:00,"p343","FALSE"
"c105","User_708","politics","Historical context is essential to understand the current escalation.",204,2026-05-01 11:44:00,"p326","FALSE"
"c106","User_229","MiddleEastHistory","Diplomatic efforts are ongoing but progress is slow.",67,2026-05-01 11:45:00,"p82","FALSE"
"c107","User_143","israel","Historical context is essential to understand the current escalation.",-99,2026-05-01 11:46:00,"p128","FALSE"
"c108","User_59","palestine","Economic impact of the war is being felt across the Middle East.",37,2026-05-01 11:47:00,"p132","TRUE"
"c109","User_313","palestine","Discourse on social media is highly polarized and full of misinformation.",-133,2026-05-01 11:48:00,"p72","FALSE"
"c110","User_721","worldnews","Protests are spreading globally in support of humanitarian aid.",144,2026-05-01 11:49:00,"p388","FALSE"
"c111","User_601","politics","Protests are spreading globally in support of humanitarian aid.",261,2026-05-01 11:50:00,"p193","FALSE"
"c112","User_525","worldnews","Historical context is essential to understand the current escalation.",-117,2026-05-01 11:51:00,"p108","FALSE"
"c113","User_108","worldnews","Public opinion is deeply divided on the best path to peace.",-68,2026-05-01 11:52:00,"p223","FALSE"
"c114","User_277","worldnews","The conflict continues with heavy casualties on both sides.",-169,2026-05-01 11:53:00,"p38","FALSE"
"c115","User_274","israel","Civilians are paying the highest price in this long-standing conflict.",-35,2026-05-01 11:54:00,"p95","FALSE"
"c116","User_300","palestine","Historical context is essential to understand the current escalation.",125,2026-05-01 11:55:00,"p93","FALSE"
"c117","User_412","palestine","Economic impact of the war is being felt across the Middle East.",-48,2026-05-01 11:56:00,"p281","FALSE"
"c118","User_632","worldnews","New reports suggest a possible breakthrough in negotiations.",-237,2026-05-01 11:57:00,"p353","FALSE"
"c119","User_169","worldnews","New reports suggest a possible breakthrough in negotiations.",-85,2026-05-01 11:58:00,"p233","FALSE"
"c120","User_739","israel","Public opinion is deeply divided on the best path to peace.",-259,2026-05-01 11:59:00,"p310","TRUE"
"c121","User_354","news","Discourse on social media is highly polarized and full of misinformation.",52,2026-05-01 12:00:00,"p263","FALSE"
"c122","User_226","worldnews","New reports suggest a possible breakthrough in negotiations.",-117,2026-05-01 12:01:00,"p69","FALSE"
"c123","User_234","israel","Diplomatic efforts are ongoing but progress is slow.",-233,2026-05-01 12:02:00,"p80","FALSE"
"c124","User_714","MiddleEastHistory","Historical context is essential to understand the current escalation.",133,2026-05-01 12:03:00,"p6","FALSE"
"c125","User_605","worldnews","Protests are spreading globally in support of humanitarian aid.",-49,2026-05-01 12:04:00,"p371","FALSE"
"c126","User_315","israel","Diplomatic efforts are ongoing but progress is slow.",70,2026-05-01 12:05:00,"p48","TRUE"
"c127","User_344","worldnews","New reports suggest a possible breakthrough in negotiations.",90,2026-05-01 12:06:00,"p195","FALSE"
"c128","User_526","israel","The role of international organizations is being questioned.",160,2026-05-01 12:07:00,"p325","FALSE"
"c129","User_734","israel","The role of international organizations is being questioned.",163,2026-05-01 12:08:00,"p150","FALSE"
"c130","User_181","worldnews","The role of international organizations is being questioned.",-33,2026-05-01 12:09:00,"p4","TRUE"
"c131","User_314","worldnews","Discourse on social media is highly polarized and full of misinformation.",-281,2026-05-01 12:10:00,"p97","FALSE"
"c132","User_550","israel","Diplomatic efforts are ongoing but progress is slow.",-75,2026-05-01 12:11:00,"p240","FALSE"
"c133","User_339","worldnews","Civilians are paying the highest price in this long-standing conflict.",-101,2026-05-01 12:12:00,"p231","FALSE"
"c134","User_172","politics","Civilians are paying the highest price in this long-standing conflict.",-140,2026-05-01 12:13:00,"p234","FALSE"
"c135","User_508","palestine","New reports suggest a possible breakthrough in negotiations.",-57,2026-05-01 12:14:00,"p279","FALSE"
"c136","User_608","worldnews","The conflict continues with heavy casualties on both sides.",28,2026-05-01 12:15:00,"p61","FALSE"
"c137","User_620","news","Economic impact of the war is being felt across the Middle East.",-6,2026-05-01 12:16:00,"p208","TRUE"
"c138","User_341","israel","Economic impact of the war is being felt across the Middle East.",-175,2026-05-01 12:17:00,"p149","FALSE"
"c139","User_514","worldnews","Public opinion is deeply divided on the best path to peace.",83,2026-05-01 12:18:00,"p329","FALSE"
"c140","User_309","israel","Diplomatic efforts are ongoing but progress is slow.",8,2026-05-01 12:19:00,"p243","FALSE"
"c141","User_324","news","Discourse on social media is highly polarized and full of misinformation.",171,2026-05-01 12:20:00,"p119","TRUE"
"c142","User_799","worldnews","New reports suggest a possible breakthrough in negotiations.",-96,2026-05-01 12:21:00,"p187","FALSE"
"c143","User_565","israel","The conflict continues with heavy casualties on both sides.",34,2026-05-01 12:22:00,"p196","TRUE"
"c144","User_162","palestine","New reports suggest a possible breakthrough in negotiations.",7,2026-05-01 12:23:00,"p231","FALSE"
"c145","User_184","news","Security measures are being tightened in the region.",-78,2026-05-01 12:24:00,"p132","FALSE"
"c146","User_326","worldnews","Security measures are being tightened in the region.",-169,2026-05-01 12:25:00,"p203","FALSE"
"c147","User_431","israel","New reports suggest a possible breakthrough in negotiations.",79,2026-05-01 12:26:00,"p47","FALSE"
"c148","User_407","news","Diplomatic efforts are ongoing but progress is slow.",23,2026-05-01 12:27:00,"p75","FALSE"
"c149","User_529","worldnews","Security measures are being tightened in the region.",94,2026-05-01 12:28:00,"p100","FALSE"
"c150","User_492","israel","Civilians are paying the highest price in this long-standing conflict.",63,2026-05-01 12:29:00,"p92","FALSE"
"c151","User_4","worldnews","Economic impact of the war is being felt across the Middle East.",-21,2026-05-01 12:30:00,"p156","TRUE"
"c152","User_312","israel","Public opinion is deeply divided on the best path to peace.",398,2026-05-01 12:31:00,"p52","FALSE"
"c153","User_228","MiddleEastHistory","Civilians are paying the highest price in this long-standing conflict.",57,2026-05-01 12:32:00,"p301","FALSE"
"c154","User_384","israel","New reports suggest a possible breakthrough in negotiations.",98,2026-05-01 12:33:00,"p226","FALSE"
"c155","User_355","palestine","New reports suggest a possible breakthrough in negotiations.",-4,2026-05-01 12:34:00,"p158","FALSE"
"c156","User_662","politics","Discourse on social media is highly polarized and full of misinformation.",94,2026-05-01 12:35:00,"p124","FALSE"
"c157","User_240","israel","New reports suggest a possible breakthrough in negotiations.",40,2026-05-01 12:36:00,"p219","FALSE"
"c158","User_534","israel","International community calls for an immediate ceasefire.",-167,2026-05-01 12:37:00,"p393","FALSE"
"c159","User_38","palestine","Civilians are paying the highest price in this long-standing conflict.",40,2026-05-01 12:38:00,"p63","FALSE"
"c160","User_797","palestine","Historical context is essential to understand the current escalation.",82,2026-05-01 12:39:00,"p198","FALSE"
"c161","User_640","MiddleEastHistory","New reports suggest a possible breakthrough in negotiations.",11,2026-05-01 12:40:00,"p179","TRUE"
"c162","User_452","palestine","Historical context is essential to understand the current escalation.",106,2026-05-01 12:41:00,"p335","FALSE"
"c163","User_787","MiddleEastHistory","Security measures are being tightened in the region.",-131,2026-05-01 12:42:00,"p47","FALSE"
"c164","User_749","worldnews","The role of international organizations is being questioned.",58,2026-05-01 12:43:00,"p193","FALSE"
"c165","User_579","politics","Economic impact of the war is being felt across the Middle East.",32,2026-05-01 12:44:00,"p391","FALSE"
"c166","User_575","worldnews","International community calls for an immediate ceasefire.",-172,2026-05-01 12:45:00,"p91","FALSE"
"c167","User_773","palestine","Discourse on social media is highly polarized and full of misinformation.",-1,2026-05-01 12:46:00,"p200","TRUE"
"c168","User_70","palestine","Historical context is essential to understand the current escalation.",244,2026-05-01 12:47:00,"p179","FALSE"
"c169","User_379","israel","Diplomatic efforts are ongoing but progress is slow.",142,2026-05-01 12:48:00,"p143","FALSE"
"c170","User_211","palestine","International community calls for an immediate ceasefire.",38,2026-05-01 12:49:00,"p264","FALSE"
"c171","User_527","news","Economic impact of the war is being felt across the Middle East.",124,2026-05-01 12:50:00,"p87","FALSE"
"c172","User_253","palestine","Security measures are being tightened in the region.",-55,2026-05-01 12:51:00,"p157","FALSE"
"c173","User_458","worldnews","Public opinion is deeply divided on the best path to peace.",-86,2026-05-01 12:52:00,"p40","FALSE"
"c174","User_582","news","Economic impact of the war is being felt across the Middle East.",-168,2026-05-01 12:53:00,"p284","FALSE"
"c175","User_299","MiddleEastHistory","Protests are spreading globally in support of humanitarian aid.",-49,2026-05-01 12:54:00,"p192","FALSE"
"c176","User_567","palestine","Public opinion is deeply divided on the best path to peace.",-85,2026-05-01 12:55:00,"p341","FALSE"
"c177","User_420","palestine","Public opinion is deeply divided on the best path to peace.",105,2026-05-01 12:56:00,"p43","FALSE"
"c178","User_274","worldnews","Historical context is essential to understand the current escalation.",95,2026-05-01 12:57:00,"p338","FALSE"
"c179","User_800","palestine","Economic impact of the war is being felt across the Middle East.",159,2026-05-01 12:58:00,"p388","FALSE"
"c180","User_18","news","The conflict continues with heavy casualties on both sides.",-35,2026-05-01 12:59:00,"p140","FALSE"
"c181","User_798","worldnews","Civilians are paying the highest price in this long-standing conflict.",441,2026-05-01 13:00:00,"p325","FALSE"
"c182","User_275","worldnews","Historical context is essential to understand the current escalation.",135,2026-05-01 13:01:00,"p324","FALSE"
"c183","User_198","palestine","Public opinion is deeply divided on the best path to peace.",8,2026-05-01 13:02:00,"p379","FALSE"
"c184","User_300","palestine","Historical context is essential to understand the current escalation.",-52,2026-05-01 13:03:00,"p268","FALSE"
"c185","User_605","news","Diplomatic efforts are ongoing but progress is slow.",58,2026-05-01 13:04:00,"p193","FALSE"
"c186","User_128","palestine","Historical context is essential to understand the current escalation.",144,2026-05-01 13:05:00,"p224","FALSE"
"c187","User_118","israel","Historical context is essential to understand the current escalation.",-152,2026-05-01 13:06:00,"p184","FALSE"
"c188","User_193","israel","Diplomatic efforts are ongoing but progress is slow.",291,2026-05-01 13:07:00,"p65","TRUE"
"c189","User_613","palestine","Economic impact of the war is being felt across the Middle East.",175,2026-05-01 13:08:00,"p148","FALSE"
"c190","User_452","worldnews","Historical context is essential to understand the current escalation.",-55,2026-05-01 13:09:00,"p362","FALSE"
"c191","User_374","MiddleEastHistory","New reports suggest a possible breakthrough in negotiations.",-67,2026-05-01 13:10:00,"p314","FALSE"
"c192","User_173","israel","Protests are spreading globally in support of humanitarian aid.",139,2026-05-01 13:11:00,"p277","TRUE"
"c193","User_286","MiddleEastHistory","Discourse on social media is highly polarized and full of misinformation.",120,2026-05-01 13:12:00,"p230","FALSE"
"c194","User_642","israel","International community calls for an immediate ceasefire.",101,2026-05-01 13:13:00,"p28","TRUE"
"c195","User_560","worldnews","Civilians are paying the highest price in this long-standing conflict.",-135,2026-05-01 13:14:00,"p358","TRUE"
"c196","User_574","israel","Security measures are being tightened in the region.",25,2026-05-01 13:15:00,"p359","FALSE"
"c197","User_782","worldnews","Protests are spreading globally in support of humanitarian aid.",47,2026-05-01 13:16:00,"p23","TRUE"
"c198","User_424","israel","Public opinion is deeply divided on the best path to peace.",160,2026-05-01 13:17:00,"p350","FALSE"
"c199","User_363","israel","Protests are spreading globally in support of humanitarian aid.",38,2026-05-01 13:18:00,"p390","FALSE"
"c200","User_375","israel","International community calls for an immediate ceasefire.",143,2026-05-01 13:19:00,"p18","FALSE"
"c201","User_765","palestine","The conflict continues with heavy casualties on both sides.",83,2026-05-01 13:20:00,"p19","FALSE"
"c202","User_752","worldnews","New reports suggest a possible breakthrough in negotiations.",38,2026-05-01 13:21:00,"p23","FALSE"
"c203","User_377","worldnews","Diplomatic efforts are ongoing but progress is slow.",15,2026-05-01 13:22:00,"p270","FALSE"
"c204","User_218","news","Diplomatic efforts are ongoing but progress is slow.",368,2026-05-01 13:23:00,"p258","FALSE"
"c205","User_135","worldnews","Public opinion is deeply divided on the best path to peace.",202,2026-05-01 13:24:00,"p338","FALSE"
"c206","User_23","politics","Protests are spreading globally in support of humanitarian aid.",-109,2026-05-01 13:25:00,"p114","TRUE"
"c207","User_456","israel","Civilians are paying the highest price in this long-standing conflict.",-130,2026-05-01 13:26:00,"p5","FALSE"
"c208","User_556","israel","The conflict continues with heavy casualties on both sides.",-224,2026-05-01 13:27:00,"p157","FALSE"
"c209","User_794","palestine","The role of international organizations is being questioned.",-1,2026-05-01 13:28:00,"p270","FALSE"
"c210","User_574","worldnews","New reports suggest a possible breakthrough in negotiations.",-144,2026-05-01 13:29:00,"p107","TRUE"
"c211","User_335","israel","Discourse on social media is highly polarized and full of misinformation.",90,2026-05-01 13:30:00,"p45","FALSE"
"c212","User_719","israel","New reports suggest a possible breakthrough in negotiations.",-83,2026-05-01 13:31:00,"p91","FALSE"
"c213","User_42","israel","Security measures are being tightened in the region.",-89,2026-05-01 13:32:00,"p135","TRUE"
"c214","User_200","palestine","Public opinion is deeply divided on the best path to peace.",-193,2026-05-01 13:33:00,"p330","FALSE"
"c215","User_554","MiddleEastHistory","The role of international organizations is being questioned.",144,2026-05-01 13:34:00,"p330","FALSE"
"c216","User_796","palestine","International community calls for an immediate ceasefire.",-102,2026-05-01 13:35:00,"p107","FALSE"
"c217","User_280","worldnews","Public opinion is deeply divided on the best path to peace.",200,2026-05-01 13:36:00,"p248","FALSE"
"c218","User_776","worldnews","Economic impact of the war is being felt across the Middle East.",97,2026-05-01 13:37:00,"p148","FALSE"
"c219","User_656","palestine","Discourse on social media is highly polarized and full of misinformation.",186,2026-05-01 13:38:00,"p200","FALSE"
"c220","User_321","politics","International community calls for an immediate ceasefire.",160,2026-05-01 13:39:00,"p130","FALSE"
"c221","User_180","MiddleEastHistory","International community calls for an immediate ceasefire.",-21,2026-05-01 13:40:00,"p74","TRUE"
"c222","User_389","politics","Historical context is essential to understand the current escalation.",-3,2026-05-01 13:41:00,"p169","FALSE"
"c223","User_554","palestine","New reports suggest a possible breakthrough in negotiations.",82,2026-05-01 13:42:00,"p339","TRUE"
"c224","User_107","israel","Economic impact of the war is being felt across the Middle East.",110,2026-05-01 13:43:00,"p134","FALSE"
"c225","User_85","politics","The conflict continues with heavy casualties on both sides.",137,2026-05-01 13:44:00,"p193","FALSE"
"c226","User_641","palestine","The role of international organizations is being questioned.",162,2026-05-01 13:45:00,"p26","FALSE"
"c227","User_562","worldnews","Diplomatic efforts are ongoing but progress is slow.",4,2026-05-01 13:46:00,"p150","FALSE"
"c228","User_406","israel","International community calls for an immediate ceasefire.",78,2026-05-01 13:47:00,"p10","FALSE"
"c229","User_704","news","Historical context is essential to understand the current escalation.",178,2026-05-01 13:48:00,"p160","FALSE"
"c230","User_323","palestine","The role of international organizations is being questioned.",143,2026-05-01 13:49:00,"p210","FALSE"
"c231","User_444","news","Public opinion is deeply divided on the best path to peace.",1,2026-05-01 13:50:00,"p352","FALSE"
"c232","User_636","israel","Diplomatic efforts are ongoing but progress is slow.",-27,2026-05-01 13:51:00,"p260","FALSE"
"c233","User_322","israel","Historical context is essential to understand the current escalation.",69,2026-05-01 13:52:00,"p304","FALSE"
"c234","User_397","news","Civilians are paying the highest price in this long-standing conflict.",307,2026-05-01 13:53:00,"p374","FALSE"
"c235","User_698","news","The conflict continues with heavy casualties on both sides.",-55,2026-05-01 13:54:00,"p242","FALSE"
"c236","User_269","worldnews","Public opinion is deeply divided on the best path to peace.",-143,2026-05-01 13:55:00,"p282","FALSE"
"c237","User_769","MiddleEastHistory","International community calls for an immediate ceasefire.",82,2026-05-01 13:56:00,"p75","FALSE"
"c238","User_622","politics","Public opinion is deeply divided on the best path to peace.",-208,2026-05-01 13:57:00,"p138","TRUE"
"c239","User_346","news","The conflict continues with heavy casualties on both sides.",0,2026-05-01 13:58:00,"p159","FALSE"
"c240","User_163","politics","International community calls for an immediate ceasefire.",149,2026-05-01 13:59:00,"p326","FALSE"
"c241","User_656","israel","Security measures are being tightened in the region.",105,2026-05-01 14:00:00,"p260","FALSE"
"c242","User_485","worldnews","International community calls for an immediate ceasefire.",-29,2026-05-01 14:01:00,"p43","TRUE"
"c243","User_503","palestine","International community calls for an immediate ceasefire.",186,2026-05-01 14:02:00,"p273","FALSE"
"c244","User_62","worldnews","Public opinion is deeply divided on the best path to peace.",272,2026-05-01 14:03:00,"p248","TRUE"
"c245","User_341","worldnews","Discourse on social media is highly polarized and full of misinformation.",142,2026-05-01 14:04:00,"p187","FALSE"
"c246","User_390","palestine","Economic impact of the war is being felt across the Middle East.",-50,2026-05-01 14:05:00,"p186","FALSE"
"c247","User_658","palestine","Public opinion is deeply divided on the best path to peace.",247,2026-05-01 14:06:00,"p71","FALSE"
"c248","User_235","palestine","Civilians are paying the highest price in this long-standing conflict.",-175,2026-05-01 14:07:00,"p217","FALSE"
"c249","User_659","worldnews","Public opinion is deeply divided on the best path to peace.",13,2026-05-01 14:08:00,"p387","TRUE"
"c250","User_9","MiddleEastHistory","The role of international organizations is being questioned.",253,2026-05-01 14:09:00,"p31","TRUE"
"c251","User_563","worldnews","Economic impact of the war is being felt across the Middle East.",-22,2026-05-01 14:10:00,"p249","FALSE"
"c252","User_55","israel","Civilians are paying the highest price in this long-standing conflict.",175,2026-05-01 14:11:00,"p287","FALSE"
"c253","User_574","palestine","The role of international organizations is being questioned.",467,2026-05-01 14:12:00,"p327","TRUE"
"c254","User_40","politics","Historical context is essential to understand the current escalation.",-116,2026-05-01 14:13:00,"p93","FALSE"
"c255","User_249","palestine","Discourse on social media is highly polarized and full of misinformation.",-62,2026-05-01 14:14:00,"p221","FALSE"
"c256","User_2","worldnews","Public opinion is deeply divided on the best path to peace.",-15,2026-05-01 14:15:00,"p242","FALSE"
"c257","User_640","israel","New reports suggest a possible breakthrough in negotiations.",-22,2026-05-01 14:16:00,"p1","FALSE"
"c258","User_524","worldnews","The role of international organizations is being questioned.",167,2026-05-01 14:17:00,"p25","FALSE"
"c259","User_246","palestine","Security measures are being tightened in the region.",-74,2026-05-01 14:18:00,"p134","FALSE"
"c260","User_771","worldnews","Security measures are being tightened in the region.",8,2026-05-01 14:19:00,"p327","FALSE"
"c261","User_149","MiddleEastHistory","Civilians are paying the highest price in this long-standing conflict.",-51,2026-05-01 14:20:00,"p374","FALSE"
"c262","User_180","israel","Civilians are paying the highest price in this long-standing conflict.",-61,2026-05-01 14:21:00,"p27","FALSE"
"c263","User_716","news","The conflict continues with heavy casualties on both sides.",-4,2026-05-01 14:22:00,"p155","FALSE"
"c264","User_762","israel","Civilians are paying the highest price in this long-standing conflict.",-10,2026-05-01 14:23:00,"p185","FALSE"
"c265","User_500","palestine","Protests are spreading globally in support of humanitarian aid.",-70,2026-05-01 14:24:00,"p56","FALSE"
"c266","User_224","worldnews","Civilians are paying the highest price in this long-standing conflict.",158,2026-05-01 14:25:00,"p109","FALSE"
"c267","User_19","israel","Civilians are paying the highest price in this long-standing conflict.",-178,2026-05-01 14:26:00,"p297","TRUE"
"c268","User_684","palestine","International community calls for an immediate ceasefire.",-170,2026-05-01 14:27:00,"p167","TRUE"
"c269","User_414","israel","Protests are spreading globally in support of humanitarian aid.",274,2026-05-01 14:28:00,"p151","FALSE"
"c270","User_756","MiddleEastHistory","Public opinion is deeply divided on the best path to peace.",19,2026-05-01 14:29:00,"p264","FALSE"
"c271","User_74","israel","Public opinion is deeply divided on the best path to peace.",179,2026-05-01 14:30:00,"p156","FALSE"
"c272","User_665","worldnews","Discourse on social media is highly polarized and full of misinformation.",-124,2026-05-01 14:31:00,"p30","FALSE"
"c273","User_23","israel","Public opinion is deeply divided on the best path to peace.",117,2026-05-01 14:32:00,"p301","FALSE"
"c274","User_469","israel","Civilians are paying the highest price in this long-standing conflict.",194,2026-05-01 14:33:00,"p2","FALSE"
"c275","User_592","worldnews","Civilians are paying the highest price in this long-standing conflict.",-79,2026-05-01 14:34:00,"p277","FALSE"
"c276","User_250","worldnews","Economic impact of the war is being felt across the Middle East.",-132,2026-05-01 14:35:00,"p258","FALSE"
"c277","User_64","israel","Security measures are being tightened in the region.",19,2026-05-01 14:36:00,"p254","FALSE"
"c278","User_602","israel","Public opinion is deeply divided on the best path to peace.",115,2026-05-01 14:37:00,"p282","TRUE"
"c279","User_474","palestine","International community calls for an immediate ceasefire.",-223,2026-05-01 14:38:00,"p233","FALSE"
"c280","User_294","politics","Diplomatic efforts are ongoing but progress is slow.",126,2026-05-01 14:39:00,"p232","FALSE"
"c281","User_751","politics","Security measures are being tightened in the region.",45,2026-05-01 14:40:00,"p268","FALSE"
"c282","User_265","worldnews","Historical context is essential to understand the current escalation.",-2,2026-05-01 14:41:00,"p396","FALSE"
"c283","User_265","israel","Diplomatic efforts are ongoing but progress is slow.",-64,2026-05-01 14:42:00,"p211","TRUE"
"c284","User_726","worldnews","Civilians are paying the highest price in this long-standing conflict.",-92,2026-05-01 14:43:00,"p268","FALSE"
"c285","User_681","israel","Discourse on social media is highly polarized and full of misinformation.",97,2026-05-01 14:44:00,"p320","TRUE"
"c286","User_451","worldnews","Economic impact of the war is being felt across the Middle East.",-98,2026-05-01 14:45:00,"p269","FALSE"
"c287","User_370","MiddleEastHistory","The conflict continues with heavy casualties on both sides.",107,2026-05-01 14:46:00,"p147","FALSE"
"c288","User_374","politics","The conflict continues with heavy casualties on both sides.",-83,2026-05-01 14:47:00,"p235","FALSE"
"c289","User_555","palestine","International community calls for an immediate ceasefire.",-79,2026-05-01 14:48:00,"p395","FALSE"
"c290","User_30","MiddleEastHistory","The role of international organizations is being questioned.",-45,2026-05-01 14:49:00,"p156","FALSE"
"c291","User_639","worldnews","Discourse on social media is highly polarized and full of misinformation.",239,2026-05-01 14:50:00,"p198","FALSE"
"c292","User_736","worldnews","The role of international organizations is being questioned.",121,2026-05-01 14:51:00,"p229","FALSE"
"c293","User_67","worldnews","Protests are spreading globally in support of humanitarian aid.",36,2026-05-01 14:52:00,"p127","FALSE"
"c294","User_165","MiddleEastHistory","New reports suggest a possible breakthrough in negotiations.",7,2026-05-01 14:53:00,"p61","FALSE"
"c295","User_600","palestine","New reports suggest a possible breakthrough in negotiations.",-60,2026-05-01 14:54:00,"p244","FALSE"
"c296","User_504","worldnews","Protests are spreading globally in support of humanitarian aid.",-21,2026-05-01 14:55:00,"p391","FALSE"
"c297","User_610","worldnews","The role of international organizations is being questioned.",-196,2026-05-01 14:56:00,"p110","FALSE"
"c298","User_60","worldnews","Protests are spreading globally in support of humanitarian aid.",-64,2026-05-01 14:57:00,"p99","FALSE"
"c299","User_794","worldnews","Economic impact of the war is being felt across the Middle East.",244,2026-05-01 14:58:00,"p86","FALSE"
"c300","User_482","MiddleEastHistory","Economic impact of the war is being felt across the Middle East.",189,2026-05-01 14:59:00,"p232","FALSE"
"c301","User_673","MiddleEastHistory","Security measures are being tightened in the region.",-43,2026-05-01 15:00:00,"p120","TRUE"
"c302","User_699","news","Economic impact of the war is being felt across the Middle East.",33,2026-05-01 15:01:00,"p115","FALSE"
"c303","User_619","israel","International community calls for an immediate ceasefire.",-53,2026-05-01 15:02:00,"p74","FALSE"
"c304","User_6","israel","The role of international organizations is being questioned.",-159,2026-05-01 15:03:00,"p145","FALSE"
"c305","User_486","MiddleEastHistory","Civilians are paying the highest price in this long-standing conflict.",26,2026-05-01 15:04:00,"p227","FALSE"
"c306","User_65","worldnews","Security measures are being tightened in the region.",37,2026-05-01 15:05:00,"p53","FALSE"
"c307","User_451","worldnews","Protests are spreading globally in support of humanitarian aid.",-75,2026-05-01 15:06:00,"p235","FALSE"
"c308","User_311","palestine","Public opinion is deeply divided on the best path to peace.",479,2026-05-01 15:07:00,"p270","FALSE"
"c309","User_103","palestine","Security measures are being tightened in the region.",-38,2026-05-01 15:08:00,"p76","TRUE"
"c310","User_319","worldnews","Economic impact of the war is being felt across the Middle East.",159,2026-05-01 15:09:00,"p228","FALSE"
"c311","User_606","news","Protests are spreading globally in support of humanitarian aid.",184,2026-05-01 15:10:00,"p54","FALSE"
"c312","User_200","palestine","The conflict continues with heavy casualties on both sides.",-136,2026-05-01 15:11:00,"p274","TRUE"
"c313","User_590","worldnews","Economic impact of the war is being felt across the Middle East.",-114,2026-05-01 15:12:00,"p45","FALSE"
"c314","User_27","MiddleEastHistory","The role of international organizations is being questioned.",19,2026-05-01 15:13:00,"p95","FALSE"
"c315","User_724","worldnews","Economic impact of the war is being felt across the Middle East.",323,2026-05-01 15:14:00,"p257","FALSE"
"c316","User_543","israel","New reports suggest a possible breakthrough in negotiations.",44,2026-05-01 15:15:00,"p218","FALSE"
"c317","User_309","israel","Protests are spreading globally in support of humanitarian aid.",7,2026-05-01 15:16:00,"p250","FALSE"
"c318","User_58","israel","Economic impact of the war is being felt across the Middle East.",79,2026-05-01 15:17:00,"p182","FALSE"
"c319","User_652","palestine","Discourse on social media is highly polarized and full of misinformation.",30,2026-05-01 15:18:00,"p94","FALSE"
"c320","User_41","worldnews","Protests are spreading globally in support of humanitarian aid.",156,2026-05-01 15:19:00,"p300","TRUE"
"c321","User_9","politics","Diplomatic efforts are ongoing but progress is slow.",324,2026-05-01 15:20:00,"p295","FALSE"
"c322","User_281","worldnews","Diplomatic efforts are ongoing but progress is slow.",176,2026-05-01 15:21:00,"p252","FALSE"
"c323","User_381","worldnews","Security measures are being tightened in the region.",143,2026-05-01 15:22:00,"p211","FALSE"
"c324","User_82","news","The conflict continues with heavy casualties on both sides.",332,2026-05-01 15:23:00,"p189","FALSE"
"c325","User_274","worldnews","Protests are spreading globally in support of humanitarian aid.",-92,2026-05-01 15:24:00,"p80","FALSE"
"c326","User_264","worldnews","Diplomatic efforts are ongoing but progress is slow.",-158,2026-05-01 15:25:00,"p178","FALSE"
"c327","User_223","worldnews","International community calls for an immediate ceasefire.",-84,2026-05-01 15:26:00,"p49","FALSE"
"c328","User_121","palestine","The conflict continues with heavy casualties on both sides.",13,2026-05-01 15:27:00,"p398","TRUE"
"c329","User_658","news","The role of international organizations is being questioned.",-14,2026-05-01 15:28:00,"p191","FALSE"
"c330","User_88","worldnews","Diplomatic efforts are ongoing but progress is slow.",171,2026-05-01 15:29:00,"p267","FALSE"
"c331","User_751","palestine","Diplomatic efforts are ongoing but progress is slow.",-33,2026-05-01 15:30:00,"p13","FALSE"
"c332","User_648","worldnews","New reports suggest a possible breakthrough in negotiations.",-19,2026-05-01 15:31:00,"p370","FALSE"
"c333","User_410","worldnews","The conflict continues with heavy casualties on both sides.",5,2026-05-01 15:32:00,"p50","FALSE"
"c334","User_20","news","The role of international organizations is being questioned.",66,2026-05-01 15:33:00,"p204","FALSE"
"c335","User_369","MiddleEastHistory","Public opinion is deeply divided on the best path to peace.",43,2026-05-01 15:34:00,"p349","FALSE"
"c336","User_122","worldnews","International community calls for an immediate ceasefire.",-307,2026-05-01 15:35:00,"p280","FALSE"
"c337","User_769","MiddleEastHistory","Historical context is essential to understand the current escalation.",-16,2026-05-01 15:36:00,"p352","FALSE"
"c338","User_10","news","Diplomatic efforts are ongoing but progress is slow.",170,2026-05-01 15:37:00,"p80","FALSE"
"c339","User_668","israel","The role of international organizations is being questioned.",265,2026-05-01 15:38:00,"p123","FALSE"
"c340","User_566","worldnews","International community calls for an immediate ceasefire.",-134,2026-05-01 15:39:00,"p373","FALSE"
"c341","User_423","israel","The conflict continues with heavy casualties on both sides.",15,2026-05-01 15:40:00,"p260","FALSE"
"c342","User_14","worldnews","Civilians are paying the highest price in this long-standing conflict.",-153,2026-05-01 15:41:00,"p375","TRUE"
"c343","User_594","politics","Protests are spreading globally in support of humanitarian aid.",-56,2026-05-01 15:42:00,"p343","FALSE"
"c344","User_228","palestine","The role of international organizations is being questioned.",460,2026-05-01 15:43:00,"p278","FALSE"
"c345","User_474","israel","The conflict continues with heavy casualties on both sides.",154,2026-05-01 15:44:00,"p39","FALSE"
"c346","User_463","palestine","New reports suggest a possible breakthrough in negotiations.",323,2026-05-01 15:45:00,"p237","TRUE"
"c347","User_581","israel","New reports suggest a possible breakthrough in negotiations.",48,2026-05-01 15:46:00,"p358","FALSE"
"c348","User_89","worldnews","Discourse on social media is highly polarized and full of misinformation.",134,2026-05-01 15:47:00,"p253","FALSE"
"c349","User_730","worldnews","Historical context is essential to understand the current escalation.",149,2026-05-01 15:48:00,"p137","FALSE"
"c350","User_543","worldnews","Civilians are paying the highest price in this long-standing conflict.",-201,2026-05-01 15:49:00,"p338","FALSE"
"c351","User_177","israel","The role of international organizations is being questioned.",-71,2026-05-01 15:50:00,"p377","TRUE"
"c352","User_621","worldnews","Public opinion is deeply divided on the best path to peace.",-9,2026-05-01 15:51:00,"p51","TRUE"
"c353","User_247","worldnews","Discourse on social media is highly polarized and full of misinformation.",94,2026-05-01 15:52:00,"p197","FALSE"
"c354","User_218","MiddleEastHistory","International community calls for an immediate ceasefire.",40,2026-05-01 15:53:00,"p346","FALSE"
"c355","User_185","israel","Protests are spreading globally in support of humanitarian aid.",-46,2026-05-01 15:54:00,"p118","FALSE"
"c356","User_190","israel","New reports suggest a possible breakthrough in negotiations.",188,2026-05-01 15:55:00,"p179","FALSE"
"c357","User_593","worldnews","Diplomatic efforts are ongoing but progress is slow.",-183,2026-05-01 15:56:00,"p113","FALSE"
"c358","User_287","news","New reports suggest a possible breakthrough in negotiations.",67,2026-05-01 15:57:00,"p97","FALSE"
"c359","User_764","politics","New reports suggest a possible breakthrough in negotiations.",225,2026-05-01 15:58:00,"p262","TRUE"
"c360","User_338","politics","International community calls for an immediate ceasefire.",-59,2026-05-01 15:59:00,"p236","FALSE"
"c361","User_764","worldnews","Civilians are paying the highest price in this long-standing conflict.",192,2026-05-01 16:00:00,"p190","FALSE"
"c362","User_779","palestine","The conflict continues with heavy casualties on both sides.",232,2026-05-01 16:01:00,"p1","FALSE"
"c363","User_34","news","The role of international organizations is being questioned.",-43,2026-05-01 16:02:00,"p214","FALSE"
"c364","User_251","MiddleEastHistory","Historical context is essential to understand the current escalation.",104,2026-05-01 16:03:00,"p388","FALSE"
"c365","User_731","worldnews","Protests are spreading globally in support of humanitarian aid.",145,2026-05-01 16:04:00,"p249","FALSE"
"c366","User_660","worldnews","Discourse on social media is highly polarized and full of misinformation.",-178,2026-05-01 16:05:00,"p272","TRUE"
"c367","User_57","worldnews","Discourse on social media is highly polarized and full of misinformation.",53,2026-05-01 16:06:00,"p170","FALSE"
"c368","User_597","politics","The conflict continues with heavy casualties on both sides.",35,2026-05-01 16:07:00,"p31","TRUE"
"c369","User_787","israel","Historical context is essential to understand the current escalation.",-34,2026-05-01 16:08:00,"p79","FALSE"
"c370","User_177","politics","Civilians are paying the highest price in this long-standing conflict.",-90,2026-05-01 16:09:00,"p133","FALSE"
"c371","User_432","politics","Discourse on social media is highly polarized and full of misinformation.",-185,2026-05-01 16:10:00,"p281","TRUE"
"c372","User_470","worldnews","The role of international organizations is being questioned.",410,2026-05-01 16:11:00,"p244","FALSE"
"c373","User_578","worldnews","Economic impact of the war is being felt across the Middle East.",88,2026-05-01 16:12:00,"p328","FALSE"
"c374","User_538","news","Discourse on social media is highly polarized and full of misinformation.",42,2026-05-01 16:13:00,"p256","FALSE"
"c375","User_558","palestine","Economic impact of the war is being felt across the Middle East.",158,2026-05-01 16:14:00,"p193","FALSE"
"c376","User_109","politics","Security measures are being tightened in the region.",183,2026-05-01 16:15:00,"p272","TRUE"
"c377","User_436","MiddleEastHistory","Economic impact of the war is being felt across the Middle East.",-19,2026-05-01 16:16:00,"p157","FALSE"
"c378","User_76","palestine","International community calls for an immediate ceasefire.",-22,2026-05-01 16:17:00,"p376","FALSE"
"c379","User_344","worldnews","Discourse on social media is highly polarized and full of misinformation.",-157,2026-05-01 16:18:00,"p391","FALSE"
"c380","User_619","palestine","Public opinion is deeply divided on the best path to peace.",280,2026-05-01 16:19:00,"p148","TRUE"
"c381","User_559","israel","The role of international organizations is being questioned.",180,2026-05-01 16:20:00,"p235","TRUE"
"c382","User_616","palestine","Historical context is essential to understand the current escalation.",186,2026-05-01 16:21:00,"p300","FALSE"
"c383","User_285","MiddleEastHistory","International community calls for an immediate ceasefire.",-6,2026-05-01 16:22:00,"p38","FALSE"
"c384","User_214","news","Discourse on social media is highly polarized and full of misinformation.",198,2026-05-01 16:23:00,"p195","FALSE"
"c385","User_79","news","Discourse on social media is highly polarized and full of misinformation.",-200,2026-05-01 16:24:00,"p195","FALSE"
"c386","User_122","israel","Public opinion is deeply divided on the best path to peace.",-135,2026-05-01 16:25:00,"p294","FALSE"
"c387","User_372","palestine","The conflict continues with heavy casualties on both sides.",-46,2026-05-01 16:26:00,"p277","TRUE"
"c388","User_358","politics","Protests are spreading globally in support of humanitarian aid.",-66,2026-05-01 16:27:00,"p306","FALSE"
"c389","User_264","palestine","Security measures are being tightened in the region.",166,2026-05-01 16:28:00,"p72","FALSE"
"c390","User_748","worldnews","New reports suggest a possible breakthrough in negotiations.",159,2026-05-01 16:29:00,"p328","FALSE"
"c391","User_751","israel","Security measures are being tightened in the region.",39,2026-05-01 16:30:00,"p371","FALSE"
"c392","User_332","worldnews","The conflict continues with heavy casualties on both sides.",-46,2026-05-01 16:31:00,"p2","FALSE"
"c393","User_435","news","Historical context is essential to understand the current escalation.",28,2026-05-01 16:32:00,"p116","FALSE"
"c394","User_148","worldnews","Economic impact of the war is being felt across the Middle East.",389,2026-05-01 16:33:00,"p369","FALSE"
"c395","User_566","worldnews","Diplomatic efforts are ongoing but progress is slow.",-99,2026-05-01 16:34:00,"p364","FALSE"
"c396","User_461","news","The role of international organizations is being questioned.",292,2026-05-01 16:35:00,"p24","FALSE"
"c397","User_518","worldnews","New reports suggest a possible breakthrough in negotiations.",126,2026-05-01 16:36:00,"p353","FALSE"
"c398","User_691","MiddleEastHistory","Public opinion is deeply divided on the best path to peace.",163,2026-05-01 16:37:00,"p275","FALSE"
"c399","User_744","worldnews","Public opinion is deeply divided on the best path to peace.",89,2026-05-01 16:38:00,"p263","FALSE"
"c400","User_250","israel","Civilians are paying the highest price in this long-standing conflict.",-315,2026-05-01 16:39:00,"p143","FALSE"
"c401","User_466","worldnews","Diplomatic efforts are ongoing but progress is slow.",256,2026-05-01 16:40:00,"p204","FALSE"
"c402","User_478","palestine","New reports suggest a possible breakthrough in negotiations.",65,2026-05-01 16:41:00,"p255","FALSE"
"c403","User_493","israel","Historical context is essential to understand the current escalation.",276,2026-05-01 16:42:00,"p224","TRUE"
"c404","User_728","worldnews","New reports suggest a possible breakthrough in negotiations.",125,2026-05-01 16:43:00,"p79","FALSE"
"c405","User_421","palestine","The conflict continues with heavy casualties on both sides.",-89,2026-05-01 16:44:00,"p203","TRUE"
"c406","User_498","israel","Discourse on social media is highly polarized and full of misinformation.",22,2026-05-01 16:45:00,"p67","FALSE"
"c407","User_537","worldnews","New reports suggest a possible breakthrough in negotiations.",104,2026-05-01 16:46:00,"p143","FALSE"
"c408","User_100","palestine","The conflict continues with heavy casualties on both sides.",-115,2026-05-01 16:47:00,"p156","FALSE"
"c409","User_742","news","The role of international organizations is being questioned.",-39,2026-05-01 16:48:00,"p290","FALSE"
"c410","User_695","worldnews","The role of international organizations is being questioned.",43,2026-05-01 16:49:00,"p6","FALSE"
"c411","User_269","MiddleEastHistory","Economic impact of the war is being felt across the Middle East.",146,2026-05-01 16:50:00,"p205","FALSE"
"c412","User_767","palestine","Historical context is essential to understand the current escalation.",-20,2026-05-01 16:51:00,"p180","FALSE"
"c413","User_320","news","The conflict continues with heavy casualties on both sides.",12,2026-05-01 16:52:00,"p239","FALSE"
"c414","User_725","israel","Economic impact of the war is being felt across the Middle East.",174,2026-05-01 16:53:00,"p104","FALSE"
"c415","User_762","israel","International community calls for an immediate ceasefire.",-333,2026-05-01 16:54:00,"p389","TRUE"
"c416","User_653","israel","Historical context is essential to understand the current escalation.",131,2026-05-01 16:55:00,"p69","FALSE"
"c417","User_588","palestine","Diplomatic efforts are ongoing but progress is slow.",-17,2026-05-01 16:56:00,"p15","FALSE"
"c418","User_695","worldnews","Public opinion is deeply divided on the best path to peace.",80,2026-05-01 16:57:00,"p277","FALSE"
"c419","User_8","worldnews","Public opinion is deeply divided on the best path to peace.",25,2026-05-01 16:58:00,"p55","FALSE"
"c420","User_306","palestine","International community calls for an immediate ceasefire.",302,2026-05-01 16:59:00,"p19","FALSE"
"c421","User_386","MiddleEastHistory","Civilians are paying the highest price in this long-standing conflict.",75,2026-05-01 17:00:00,"p244","FALSE"
"c422","User_552","MiddleEastHistory","Economic impact of the war is being felt across the Middle East.",107,2026-05-01 17:01:00,"p81","FALSE"
"c423","User_379","israel","Security measures are being tightened in the region.",324,2026-05-01 17:02:00,"p259","TRUE"
"c424","User_210","politics","Civilians are paying the highest price in this long-standing conflict.",-96,2026-05-01 17:03:00,"p257","FALSE"
"c425","User_311","news","International community calls for an immediate ceasefire.",-97,2026-05-01 17:04:00,"p257","FALSE"
"c426","User_445","israel","Security measures are being tightened in the region.",-246,2026-05-01 17:05:00,"p186","FALSE"
"c427","User_222","palestine","Diplomatic efforts are ongoing but progress is slow.",-270,2026-05-01 17:06:00,"p192","FALSE"
"c428","User_369","palestine","Protests are spreading globally in support of humanitarian aid.",189,2026-05-01 17:07:00,"p45","FALSE"
"c429","User_30","palestine","The conflict continues with heavy casualties on both sides.",139,2026-05-01 17:08:00,"p120","TRUE"
"c430","User_259","israel","Civilians are paying the highest price in this long-standing conflict.",185,2026-05-01 17:09:00,"p154","FALSE"
"c431","User_550","israel","Economic impact of the war is being felt across the Middle East.",135,2026-05-01 17:10:00,"p162","FALSE"
"c432","User_224","worldnews","Diplomatic efforts are ongoing but progress is slow.",30,2026-05-01 17:11:00,"p170","FALSE"
"c433","User_462","politics","Public opinion is deeply divided on the best path to peace.",-150,2026-05-01 17:12:00,"p33","FALSE"
"c434","User_45","worldnews","Historical context is essential to understand the current escalation.",-152,2026-05-01 17:13:00,"p303","TRUE"
"c435","User_85","news","Public opinion is deeply divided on the best path to peace.",-83,2026-05-01 17:14:00,"p139","FALSE"
"c436","User_662","worldnews","New reports suggest a possible breakthrough in negotiations.",46,2026-05-01 17:15:00,"p111","FALSE"
"c437","User_621","worldnews","Security measures are being tightened in the region.",-29,2026-05-01 17:16:00,"p289","FALSE"
"c438","User_660","palestine","Discourse on social media is highly polarized and full of misinformation.",28,2026-05-01 17:17:00,"p25","FALSE"
"c439","User_639","worldnews","International community calls for an immediate ceasefire.",140,2026-05-01 17:18:00,"p218","FALSE"
"c440","User_745","news","Civilians are paying the highest price in this long-standing conflict.",45,2026-05-01 17:19:00,"p151","FALSE"
"c441","User_457","worldnews","Civilians are paying the highest price in this long-standing conflict.",184,2026-05-01 17:20:00,"p244","FALSE"
"c442","User_330","israel","The conflict continues with heavy casualties on both sides.",262,2026-05-01 17:21:00,"p77","FALSE"
"c443","User_502","worldnews","Diplomatic efforts are ongoing but progress is slow.",128,2026-05-01 17:22:00,"p179","FALSE"
"c444","User_542","worldnews","New reports suggest a possible breakthrough in negotiations.",179,2026-05-01 17:23:00,"p116","FALSE"
"c445","User_682","MiddleEastHistory","Diplomatic efforts are ongoing but progress is slow.",-167,2026-05-01 17:24:00,"p16","FALSE"
"c446","User_3","MiddleEastHistory","Civilians are paying the highest price in this long-standing conflict.",-23,2026-05-01 17:25:00,"p359","FALSE"
"c447","User_126","israel","The role of international organizations is being questioned.",-50,2026-05-01 17:26:00,"p139","FALSE"
"c448","User_237","palestine","Civilians are paying the highest price in this long-standing conflict.",66,2026-05-01 17:27:00,"p258","TRUE"
"c449","User_668","MiddleEastHistory","Economic impact of the war is being felt across the Middle East.",239,2026-05-01 17:28:00,"p355","FALSE"
"c450","User_18","news","Protests are spreading globally in support of humanitarian aid.",194,2026-05-01 17:29:00,"p264","FALSE"
"c451","User_183","palestine","The conflict continues with heavy casualties on both sides.",309,2026-05-01 17:30:00,"p106","FALSE"
"c452","User_65","palestine","Civilians are paying the highest price in this long-standing conflict.",77,2026-05-01 17:31:00,"p280","FALSE"
"c453","User_41","politics","Public opinion is deeply divided on the best path to peace.",106,2026-05-01 17:32:00,"p13","FALSE"
"c454","User_197","politics","The conflict continues with heavy casualties on both sides.",-9,2026-05-01 17:33:00,"p118","FALSE"
"c455","User_688","worldnews","Security measures are being tightened in the region.",-60,2026-05-01 17:34:00,"p283","FALSE"
"c456","User_450","MiddleEastHistory","Civilians are paying the highest price in this long-standing conflict.",182,2026-05-01 17:35:00,"p328","FALSE"
"c457","User_36","worldnews","The role of international organizations is being questioned.",77,2026-05-01 17:36:00,"p257","FALSE"
"c458","User_226","MiddleEastHistory","The role of international organizations is being questioned.",357,2026-05-01 17:37:00,"p84","FALSE"
"c459","User_447","palestine","Public opinion is deeply divided on the best path to peace.",383,2026-05-01 17:38:00,"p127","FALSE"
"c460","User_364","worldnews","Economic impact of the war is being felt across the Middle East.",25,2026-05-01 17:39:00,"p172","FALSE"
"c461","User_791","israel","Historical context is essential to understand the current escalation.",45,2026-05-01 17:40:00,"p45","FALSE"
"c462","User_519","MiddleEastHistory","Civilians are paying the highest price in this long-standing conflict.",-125,2026-05-01 17:41:00,"p334","FALSE"
"c463","User_114","israel","Diplomatic efforts are ongoing but progress is slow.",-92,2026-05-01 17:42:00,"p202","FALSE"
"c464","User_189","israel","Security measures are being tightened in the region.",121,2026-05-01 17:43:00,"p252","FALSE"
"c465","User_153","worldnews","Diplomatic efforts are ongoing but progress is slow.",132,2026-05-01 17:44:00,"p333","FALSE"
"c466","User_326","MiddleEastHistory","International community calls for an immediate ceasefire.",143,2026-05-01 17:45:00,"p31","FALSE"
"c467","User_379","politics","Security measures are being tightened in the region.",40,2026-05-01 17:46:00,"p329","FALSE"
"c468","User_368","politics","New reports suggest a possible breakthrough in negotiations.",69,2026-05-01 17:47:00,"p223","FALSE"
"c469","User_112","news","The conflict continues with heavy casualties on both sides.",-29,2026-05-01 17:48:00,"p324","FALSE"
"c470","User_18","israel","New reports suggest a possible breakthrough in negotiations.",210,2026-05-01 17:49:00,"p130","FALSE"
"c471","User_531","news","International community calls for an immediate ceasefire.",126,2026-05-01 17:50:00,"p212","FALSE"
"c472","User_368","palestine","The role of international organizations is being questioned.",-34,2026-05-01 17:51:00,"p259","FALSE"
"c473","User_489","MiddleEastHistory","Protests are spreading globally in support of humanitarian aid.",93,2026-05-01 17:52:00,"p223","FALSE"
"c474","User_601","israel","Diplomatic efforts are ongoing but progress is slow.",-58,2026-05-01 17:53:00,"p23","FALSE"
"c475","User_578","worldnews","International community calls for an immediate ceasefire.",222,2026-05-01 17:54:00,"p292","FALSE"
"c476","User_684","MiddleEastHistory","Discourse on social media is highly polarized and full of misinformation.",184,2026-05-01 17:55:00,"p170","FALSE"
"c477","User_537","worldnews","New reports suggest a possible breakthrough in negotiations.",-221,2026-05-01 17:56:00,"p94","FALSE"
"c478","User_351","worldnews","The role of international organizations is being questioned.",142,2026-05-01 17:57:00,"p199","FALSE"
"c479","User_100","palestine","New reports suggest a possible breakthrough in negotiations.",453,2026-05-01 17:58:00,"p80","FALSE"
"c480","User_476","politics","Security measures are being tightened in the region.",230,2026-05-01 17:59:00,"p90","TRUE"
"c481","User_750","worldnews","The role of international organizations is being questioned.",-203,2026-05-01 18:00:00,"p162","FALSE"
"c482","User_401","worldnews","Protests are spreading globally in support of humanitarian aid.",-81,2026-05-01 18:01:00,"p292","FALSE"
"c483","User_427","news","Security measures are being tightened in the region.",10,2026-05-01 18:02:00,"p316","FALSE"
"c484","User_33","worldnews","Diplomatic efforts are ongoing but progress is slow.",78,2026-05-01 18:03:00,"p49","FALSE"
"c485","User_639","worldnews","New reports suggest a possible breakthrough in negotiations.",92,2026-05-01 18:04:00,"p214","TRUE"
"c486","User_152","israel","The role of international organizations is being questioned.",5,2026-05-01 18:05:00,"p157","TRUE"
"c487","User_489","worldnews","Security measures are being tightened in the region.",253,2026-05-01 18:06:00,"p286","FALSE"
"c488","User_193","worldnews","Public opinion is deeply divided on the best path to peace.",-31,2026-05-01 18:07:00,"p243","FALSE"
"c489","User_442","news","Economic impact of the war is being felt across the Middle East.",2,2026-05-01 18:08:00,"p301","FALSE"
"c490","User_343","news","Diplomatic efforts are ongoing but progress is slow.",344,2026-05-01 18:09:00,"p199","FALSE"
"c491","User_258","palestine","Discourse on social media is highly polarized and full of misinformation.",-111,2026-05-01 18:10:00,"p25","FALSE"
"c492","User_703","worldnews","Economic impact of the war is being felt across the Middle East.",160,2026-05-01 18:11:00,"p229","FALSE"
"c493","User_228","news","Security measures are being tightened in the region.",-147,2026-05-01 18:12:00,"p325","FALSE"
"c494","User_147","worldnews","International community calls for an immediate ceasefire.",77,2026-05-01 18:13:00,"p251","TRUE"
"c495","User_595","palestine","The role of international organizations is being questioned.",97,2026-05-01 18:14:00,"p164","FALSE"
"c496","User_424","worldnews","Economic impact of the war is being felt across the Middle East.",-107,2026-05-01 18:15:00,"p26","FALSE"
"c497","User_216","worldnews","Security measures are being tightened in the region.",-126,2026-05-01 18:16:00,"p330","FALSE"
"c498","User_382","MiddleEastHistory","Public opinion is deeply divided on the best path to peace.",-75,2026-05-01 18:17:00,"p11","FALSE"
"c499","User_431","worldnews","Discourse on social media is highly polarized and full of misinformation.",-218,2026-05-01 18:18:00,"p374","FALSE"
"c500","User_596","worldnews","Economic impact of the war is being felt across the Middle East.",-192,2026-05-01 18:19:00,"p283","TRUE"
"c501","User_267","news","Economic impact of the war is being felt across the Middle East.",236,2026-05-01 18:20:00,"p228","FALSE"
"c502","User_146","worldnews","Civilians are paying the highest price in this long-standing conflict.",60,2026-05-01 18:21:00,"p244","FALSE"
"c503","User_615","israel","Diplomatic efforts are ongoing but progress is slow.",24,2026-05-01 18:22:00,"p398","FALSE"
"c504","User_561","politics","Security measures are being tightened in the region.",-64,2026-05-01 18:23:00,"p290","FALSE"
"c505","User_369","MiddleEastHistory","Protests are spreading globally in support of humanitarian aid.",28,2026-05-01 18:24:00,"p228","TRUE"
"c506","User_589","worldnews","Protests are spreading globally in support of humanitarian aid.",63,2026-05-01 18:25:00,"p155","FALSE"
"c507","User_193","politics","New reports suggest a possible breakthrough in negotiations.",-96,2026-05-01 18:26:00,"p253","FALSE"
"c508","User_86","palestine","Protests are spreading globally in support of humanitarian aid.",-70,2026-05-01 18:27:00,"p54","FALSE"
"c509","User_429","news","The conflict continues with heavy casualties on both sides.",201,2026-05-01 18:28:00,"p145","FALSE"
"c510","User_89","palestine","New reports suggest a possible breakthrough in negotiations.",222,2026-05-01 18:29:00,"p208","FALSE"
"c511","User_618","MiddleEastHistory","Security measures are being tightened in the region.",-111,2026-05-01 18:30:00,"p140","FALSE"
"c512","User_645","palestine","Protests are spreading globally in support of humanitarian aid.",-76,2026-05-01 18:31:00,"p115","FALSE"
"c513","User_546","politics","Protests are spreading globally in support of humanitarian aid.",-96,2026-05-01 18:32:00,"p25","FALSE"
"c514","User_406","news","Civilians are paying the highest price in this long-standing conflict.",-24,2026-05-01 18:33:00,"p127","TRUE"
"c515","User_456","worldnews","Security measures are being tightened in the region.",-41,2026-05-01 18:34:00,"p139","FALSE"
"c516","User_288","israel","Historical context is essential to understand the current escalation.",20,2026-05-01 18:35:00,"p295","FALSE"
"c517","User_205","worldnews","The conflict continues with heavy casualties on both sides.",-56,2026-05-01 18:36:00,"p167","FALSE"
"c518","User_783","israel","International community calls for an immediate ceasefire.",-225,2026-05-01 18:37:00,"p290","FALSE"
"c519","User_585","worldnews","Civilians are paying the highest price in this long-standing conflict.",-147,2026-05-01 18:38:00,"p153","FALSE"
"c520","User_6","worldnews","The conflict continues with heavy casualties on both sides.",85,2026-05-01 18:39:00,"p19","FALSE"
"c521","User_670","worldnews","International community calls for an immediate ceasefire.",-43,2026-05-01 18:40:00,"p331","FALSE"
"c522","User_32","news","Economic impact of the war is being felt across the Middle East.",125,2026-05-01 18:41:00,"p63","FALSE"
"c523","User_20","israel","Protests are spreading globally in support of humanitarian aid.",89,2026-05-01 18:42:00,"p90","FALSE"
"c524","User_571","worldnews","Security measures are being tightened in the region.",8,2026-05-01 18:43:00,"p333","FALSE"
"c525","User_442","politics","International community calls for an immediate ceasefire.",-19,2026-05-01 18:44:00,"p294","TRUE"
"c526","User_574","politics","Historical context is essential to understand the current escalation.",109,2026-05-01 18:45:00,"p140","FALSE"
"c527","User_167","israel","Security measures are being tightened in the region.",45,2026-05-01 18:46:00,"p273","FALSE"
"c528","User_584","palestine","Historical context is essential to understand the current escalation.",6,2026-05-01 18:47:00,"p314","TRUE"
"c529","User_678","MiddleEastHistory","Protests are spreading globally in support of humanitarian aid.",284,2026-05-01 18:48:00,"p299","FALSE"
"c530","User_32","palestine","Civilians are paying the highest price in this long-standing conflict.",-71,2026-05-01 18:49:00,"p198","FALSE"
"c531","User_29","worldnews","International community calls for an immediate ceasefire.",104,2026-05-01 18:50:00,"p340","FALSE"
"c532","User_788","news","Public opinion is deeply divided on the best path to peace.",120,2026-05-01 18:51:00,"p83","TRUE"
"c533","User_591","news","Security measures are being tightened in the region.",47,2026-05-01 18:52:00,"p119","TRUE"
"c534","User_494","palestine","The conflict continues with heavy casualties on both sides.",-39,2026-05-01 18:53:00,"p78","FALSE"
"c535","User_228","israel","Security measures are being tightened in the region.",109,2026-05-01 18:54:00,"p6","FALSE"
"c536","User_494","israel","New reports suggest a possible breakthrough in negotiations.",215,2026-05-01 18:55:00,"p66","FALSE"
"c537","User_497","palestine","International community calls for an immediate ceasefire.",154,2026-05-01 18:56:00,"p110","FALSE"
"c538","User_452","worldnews","New reports suggest a possible breakthrough in negotiations.",217,2026-05-01 18:57:00,"p359","FALSE"
"c539","User_462","worldnews","Security measures are being tightened in the region.",106,2026-05-01 18:58:00,"p279","FALSE"
"c540","User_727","israel","The conflict continues with heavy casualties on both sides.",50,2026-05-01 18:59:00,"p344","FALSE"
"c541","User_75","news","International community calls for an immediate ceasefire.",57,2026-05-01 19:00:00,"p45","FALSE"
"c542","User_569","news","Civilians are paying the highest price in this long-standing conflict.",-44,2026-05-01 19:01:00,"p348","TRUE"
"c543","User_42","palestine","New reports suggest a possible breakthrough in negotiations.",75,2026-05-01 19:02:00,"p170","FALSE"
"c544","User_657","worldnews","International community calls for an immediate ceasefire.",99,2026-05-01 19:03:00,"p113","FALSE"
"c545","User_224","worldnews","Economic impact of the war is being felt across the Middle East.",143,2026-05-01 19:04:00,"p374","FALSE"
"c546","User_388","news","International community calls for an immediate ceasefire.",-2,2026-05-01 19:05:00,"p246","FALSE"
"c547","User_225","news","New reports suggest a possible breakthrough in negotiations.",107,2026-05-01 19:06:00,"p325","FALSE"
"c548","User_517","politics","Discourse on social media is highly polarized and full of misinformation.",-97,2026-05-01 19:07:00,"p138","FALSE"
"c549","User_56","politics","Protests are spreading globally in support of humanitarian aid.",9,2026-05-01 19:08:00,"p111","TRUE"
"c550","User_278","worldnews","The conflict continues with heavy casualties on both sides.",-31,2026-05-01 19:09:00,"p286","FALSE"
"c551","User_244","israel","Discourse on social media is highly polarized and full of misinformation.",-154,2026-05-01 19:10:00,"p256","FALSE"
"c552","User_53","palestine","Protests are spreading globally in support of humanitarian aid.",-12,2026-05-01 19:11:00,"p189","TRUE"
"c553","User_181","news","Economic impact of the war is being felt across the Middle East.",-105,2026-05-01 19:12:00,"p223","FALSE"
"c554","User_774","news","Diplomatic efforts are ongoing but progress is slow.",-2,2026-05-01 19:13:00,"p102","FALSE"
"c555","User_650","israel","New reports suggest a possible breakthrough in negotiations.",-34,2026-05-01 19:14:00,"p144","TRUE"
"c556","User_64","palestine","Security measures are being tightened in the region.",-9,2026-05-01 19:15:00,"p39","FALSE"
"c557","User_634","news","Historical context is essential to understand the current escalation.",-24,2026-05-01 19:16:00,"p334","FALSE"
"c558","User_12","news","Civilians are paying the highest price in this long-standing conflict.",162,2026-05-01 19:17:00,"p174","TRUE"
"c559","User_145","MiddleEastHistory","Diplomatic efforts are ongoing but progress is slow.",30,2026-05-01 19:18:00,"p211","FALSE"
"c560","User_352","worldnews","New reports suggest a possible breakthrough in negotiations.",-21,2026-05-01 19:19:00,"p159","FALSE"
"c561","User_174","news","Historical context is essential to understand the current escalation.",164,2026-05-01 19:20:00,"p273","FALSE"
"c562","User_39","israel","Civilians are paying the highest price in this long-standing conflict.",-252,2026-05-01 19:21:00,"p228","FALSE"
"c563","User_301","news","Security measures are being tightened in the region.",-31,2026-05-01 19:22:00,"p223","FALSE"
"c564","User_608","israel","New reports suggest a possible breakthrough in negotiations.",-156,2026-05-01 19:23:00,"p211","FALSE"
"c565","User_136","palestine","International community calls for an immediate ceasefire.",-38,2026-05-01 19:24:00,"p185","FALSE"
"c566","User_702","MiddleEastHistory","Protests are spreading globally in support of humanitarian aid.",-46,2026-05-01 19:25:00,"p56","FALSE"
"c567","User_187","palestine","The conflict continues with heavy casualties on both sides.",61,2026-05-01 19:26:00,"p319","FALSE"
"c568","User_460","israel","Civilians are paying the highest price in this long-standing conflict.",121,2026-05-01 19:27:00,"p71","FALSE"
"c569","User_493","worldnews","The role of international organizations is being questioned.",26,2026-05-01 19:28:00,"p12","FALSE"
"c570","User_767","news","Security measures are being tightened in the region.",59,2026-05-01 19:29:00,"p23","FALSE"
"c571","User_254","israel","Historical context is essential to understand the current escalation.",167,2026-05-01 19:30:00,"p114","FALSE"
"c572","User_9","worldnews","Diplomatic efforts are ongoing but progress is slow.",334,2026-05-01 19:31:00,"p266","FALSE"
"c573","User_178","palestine","Protests are spreading globally in support of humanitarian aid.",-154,2026-05-01 19:32:00,"p101","FALSE"
"c574","User_197","israel","The role of international organizations is being questioned.",-60,2026-05-01 19:33:00,"p66","FALSE"
"c575","User_17","politics","Economic impact of the war is being felt across the Middle East.",107,2026-05-01 19:34:00,"p381","FALSE"
"c576","User_562","MiddleEastHistory","New reports suggest a possible breakthrough in negotiations.",107,2026-05-01 19:35:00,"p220","FALSE"
"c577","User_502","israel","The role of international organizations is being questioned.",61,2026-05-01 19:36:00,"p26","FALSE"
"c578","User_320","news","Discourse on social media is highly polarized and full of misinformation.",389,2026-05-01 19:37:00,"p103","FALSE"
"c579","User_231","MiddleEastHistory","The conflict continues with heavy casualties on both sides.",-57,2026-05-01 19:38:00,"p164","TRUE"
"c580","User_78","israel","International community calls for an immediate ceasefire.",-183,2026-05-01 19:39:00,"p25","FALSE"
"c581","User_416","israel","Economic impact of the war is being felt across the Middle East.",-81,2026-05-01 19:40:00,"p246","FALSE"
"c582","User_563","worldnews","Civilians are paying the highest price in this long-standing conflict.",116,2026-05-01 19:41:00,"p50","FALSE"
"c583","User_235","politics","Security measures are being tightened in the region.",-84,2026-05-01 19:42:00,"p362","FALSE"
"c584","User_716","worldnews","Diplomatic efforts are ongoing but progress is slow.",98,2026-05-01 19:43:00,"p192","FALSE"
"c585","User_629","israel","The role of international organizations is being questioned.",106,2026-05-01 19:44:00,"p336","FALSE"
"c586","User_586","palestine","New reports suggest a possible breakthrough in negotiations.",-118,2026-05-01 19:45:00,"p88","FALSE"
"c587","User_745","news","Civilians are paying the highest price in this long-standing conflict.",-191,2026-05-01 19:46:00,"p377","FALSE"
"c588","User_406","israel","Discourse on social media is highly polarized and full of misinformation.",87,2026-05-01 19:47:00,"p399","FALSE"
"c589","User_628","worldnews","The conflict continues with heavy casualties on both sides.",-74,2026-05-01 19:48:00,"p349","TRUE"
"c590","User_153","news","Historical context is essential to understand the current escalation.",403,2026-05-01 19:49:00,"p304","FALSE"
"c591","User_132","palestine","International community calls for an immediate ceasefire.",-5,2026-05-01 19:50:00,"p14","FALSE"
"c592","User_54","news","Security measures are being tightened in the region.",117,2026-05-01 19:51:00,"p188","FALSE"
"c593","User_79","israel","Protests are spreading globally in support of humanitarian aid.",214,2026-05-01 19:52:00,"p375","FALSE"
"c594","User_12","worldnews","The conflict continues with heavy casualties on both sides.",-175,2026-05-01 19:53:00,"p124","FALSE"
"c595","User_509","palestine","Diplomatic efforts are ongoing but progress is slow.",17,2026-05-01 19:54:00,"p56","FALSE"
"c596","User_241","worldnews","The conflict continues with heavy casualties on both sides.",-175,2026-05-01 19:55:00,"p264","FALSE"
"c597","User_100","MiddleEastHistory","New reports suggest a possible breakthrough in negotiations.",91,2026-05-01 19:56:00,"p295","FALSE"
"c598","User_656","worldnews","Discourse on social media is highly polarized and full of misinformation.",130,2026-05-01 19:57:00,"p108","FALSE"
"c599","User_646","news","International community calls for an immediate ceasefire.",279,2026-05-01 19:58:00,"p380","FALSE"
"c600","User_412","israel","Civilians are paying the highest price in this long-standing conflict.",-44,2026-05-01 19:59:00,"p19","FALSE"
"c601","User_50","news","Historical context is essential to understand the current escalation.",-23,2026-05-01 20:00:00,"p6","FALSE"
"c602","User_719","worldnews","Economic impact of the war is being felt across the Middle East.",172,2026-05-01 20:01:00,"p209","FALSE"
"c603","User_19","israel","Economic impact of the war is being felt across the Middle East.",161,2026-05-01 20:02:00,"p113","TRUE"
"c604","User_14","worldnews","Protests are spreading globally in support of humanitarian aid.",253,2026-05-01 20:03:00,"p361","FALSE"
"c605","User_598","israel","The role of international organizations is being questioned.",609,2026-05-01 20:04:00,"p280","FALSE"
"c606","User_303","palestine","New reports suggest a possible breakthrough in negotiations.",-52,2026-05-01 20:05:00,"p113","TRUE"
"c607","User_211","israel","Diplomatic efforts are ongoing but progress is slow.",-68,2026-05-01 20:06:00,"p38","FALSE"
"c608","User_247","worldnews","Diplomatic efforts are ongoing but progress is slow.",113,2026-05-01 20:07:00,"p176","FALSE"
"c609","User_788","israel","Protests are spreading globally in support of humanitarian aid.",-28,2026-05-01 20:08:00,"p285","FALSE"
"c610","User_624","palestine","New reports suggest a possible breakthrough in negotiations.",29,2026-05-01 20:09:00,"p41","FALSE"
"c611","User_460","israel","The conflict continues with heavy casualties on both sides.",192,2026-05-01 20:10:00,"p328","FALSE"
"c612","User_293","worldnews","Protests are spreading globally in support of humanitarian aid.",103,2026-05-01 20:11:00,"p125","TRUE"
"c613","User_521","palestine","The role of international organizations is being questioned.",-174,2026-05-01 20:12:00,"p32","FALSE"
"c614","User_192","palestine","The role of international organizations is being questioned.",343,2026-05-01 20:13:00,"p81","FALSE"
"c615","User_109","news","Protests are spreading globally in support of humanitarian aid.",133,2026-05-01 20:14:00,"p84","FALSE"
"c616","User_654","politics","The role of international organizations is being questioned.",-77,2026-05-01 20:15:00,"p81","TRUE"
"c617","User_205","israel","Diplomatic efforts are ongoing but progress is slow.",-147,2026-05-01 20:16:00,"p241","FALSE"
"c618","User_436","politics","The role of international organizations is being questioned.",-60,2026-05-01 20:17:00,"p286","FALSE"
"c619","User_311","worldnews","The conflict continues with heavy casualties on both sides.",70,2026-05-01 20:18:00,"p372","FALSE"
"c620","User_10","worldnews","Historical context is essential to understand the current escalation.",-46,2026-05-01 20:19:00,"p308","FALSE"
"c621","User_178","worldnews","The conflict continues with heavy casualties on both sides.",53,2026-05-01 20:20:00,"p284","FALSE"
"c622","User_18","news","Discourse on social media is highly polarized and full of misinformation.",42,2026-05-01 20:21:00,"p127","FALSE"
"c623","User_639","palestine","Security measures are being tightened in the region.",154,2026-05-01 20:22:00,"p250","FALSE"
"c624","User_137","worldnews","Historical context is essential to understand the current escalation.",246,2026-05-01 20:23:00,"p353","FALSE"
"c625","User_464","palestine","New reports suggest a possible breakthrough in negotiations.",83,2026-05-01 20:24:00,"p27","FALSE"
"c626","User_458","palestine","Security measures are being tightened in the region.",41,2026-05-01 20:25:00,"p164","FALSE"
"c627","User_205","worldnews","Diplomatic efforts are ongoing but progress is slow.",-280,2026-05-01 20:26:00,"p251","FALSE"
"c628","User_624","worldnews","Diplomatic efforts are ongoing but progress is slow.",-47,2026-05-01 20:27:00,"p251","FALSE"
"c629","User_274","worldnews","The conflict continues with heavy casualties on both sides.",264,2026-05-01 20:28:00,"p304","TRUE"
"c630","User_616","worldnews","Historical context is essential to understand the current escalation.",-26,2026-05-01 20:29:00,"p52","FALSE"
"c631","User_585","MiddleEastHistory","International community calls for an immediate ceasefire.",206,2026-05-01 20:30:00,"p233","FALSE"
"c632","User_93","worldnews","Public opinion is deeply divided on the best path to peace.",214,2026-05-01 20:31:00,"p326","FALSE"
"c633","User_62","MiddleEastHistory","New reports suggest a possible breakthrough in negotiations.",91,2026-05-01 20:32:00,"p239","FALSE"
"c634","User_561","MiddleEastHistory","New reports suggest a possible breakthrough in negotiations.",-25,2026-05-01 20:33:00,"p294","FALSE"
"c635","User_120","palestine","Economic impact of the war is being felt across the Middle East.",176,2026-05-01 20:34:00,"p337","FALSE"
"c636","User_358","worldnews","Discourse on social media is highly polarized and full of misinformation.",69,2026-05-01 20:35:00,"p150","FALSE"
"c637","User_451","MiddleEastHistory","Diplomatic efforts are ongoing but progress is slow.",276,2026-05-01 20:36:00,"p240","FALSE"
"c638","User_398","politics","Diplomatic efforts are ongoing but progress is slow.",-18,2026-05-01 20:37:00,"p214","FALSE"
"c639","User_421","worldnews","The conflict continues with heavy casualties on both sides.",177,2026-05-01 20:38:00,"p75","FALSE"
"c640","User_681","palestine","Public opinion is deeply divided on the best path to peace.",245,2026-05-01 20:39:00,"p319","FALSE"
"c641","User_415","politics","New reports suggest a possible breakthrough in negotiations.",-129,2026-05-01 20:40:00,"p113","FALSE"
"c642","User_238","news","Economic impact of the war is being felt across the Middle East.",168,2026-05-01 20:41:00,"p243","TRUE"
"c643","User_314","politics","Public opinion is deeply divided on the best path to peace.",-113,2026-05-01 20:42:00,"p148","FALSE"
"c644","User_388","MiddleEastHistory","Economic impact of the war is being felt across the Middle East.",141,2026-05-01 20:43:00,"p170","FALSE"
"c645","User_466","worldnews","Civilians are paying the highest price in this long-standing conflict.",28,2026-05-01 20:44:00,"p70","FALSE"
"c646","User_385","worldnews","New reports suggest a possible breakthrough in negotiations.",-5,2026-05-01 20:45:00,"p343","FALSE"
"c647","User_91","israel","The role of international organizations is being questioned.",-125,2026-05-01 20:46:00,"p120","FALSE"
"c648","User_285","politics","Protests are spreading globally in support of humanitarian aid.",193,2026-05-01 20:47:00,"p361","FALSE"
"c649","User_291","palestine","Security measures are being tightened in the region.",-60,2026-05-01 20:48:00,"p58","FALSE"
"c650","User_403","MiddleEastHistory","Historical context is essential to understand the current escalation.",-145,2026-05-01 20:49:00,"p180","FALSE"
"c651","User_433","MiddleEastHistory","New reports suggest a possible breakthrough in negotiations.",38,2026-05-01 20:50:00,"p228","TRUE"
"c652","User_30","worldnews","The role of international organizations is being questioned.",50,2026-05-01 20:51:00,"p144","FALSE"
"c653","User_349","politics","Civilians are paying the highest price in this long-standing conflict.",235,2026-05-01 20:52:00,"p123","FALSE"
"c654","User_689","politics","The conflict continues with heavy casualties on both sides.",205,2026-05-01 20:53:00,"p130","FALSE"
"c655","User_404","israel","The role of international organizations is being questioned.",-8,2026-05-01 20:54:00,"p152","FALSE"
"c656","User_720","worldnews","Discourse on social media is highly polarized and full of misinformation.",-59,2026-05-01 20:55:00,"p185","FALSE"
"c657","User_478","politics","Economic impact of the war is being felt across the Middle East.",135,2026-05-01 20:56:00,"p367","TRUE"
"c658","User_731","israel","Discourse on social media is highly polarized and full of misinformation.",21,2026-05-01 20:57:00,"p390","FALSE"
"c659","User_650","israel","Diplomatic efforts are ongoing but progress is slow.",-13,2026-05-01 20:58:00,"p272","FALSE"
"c660","User_742","palestine","Public opinion is deeply divided on the best path to peace.",116,2026-05-01 20:59:00,"p336","TRUE"
"c661","User_147","worldnews","Civilians are paying the highest price in this long-standing conflict.",187,2026-05-01 21:00:00,"p240","FALSE"
"c662","User_180","palestine","Historical context is essential to understand the current escalation.",-117,2026-05-01 21:01:00,"p45","TRUE"
"c663","User_8","worldnews","Civilians are paying the highest price in this long-standing conflict.",-178,2026-05-01 21:02:00,"p85","FALSE"
"c664","User_653","palestine","International community calls for an immediate ceasefire.",-131,2026-05-01 21:03:00,"p200","FALSE"
"c665","User_78","israel","International community calls for an immediate ceasefire.",-101,2026-05-01 21:04:00,"p63","TRUE"
"c666","User_279","MiddleEastHistory","Public opinion is deeply divided on the best path to peace.",-17,2026-05-01 21:05:00,"p271","FALSE"
"c667","User_314","worldnews","International community calls for an immediate ceasefire.",75,2026-05-01 21:06:00,"p175","FALSE"
"c668","User_640","worldnews","The role of international organizations is being questioned.",-6,2026-05-01 21:07:00,"p283","FALSE"
"c669","User_271","israel","The role of international organizations is being questioned.",68,2026-05-01 21:08:00,"p140","FALSE"
"c670","User_124","worldnews","Discourse on social media is highly polarized and full of misinformation.",180,2026-05-01 21:09:00,"p345","FALSE"
"c671","User_740","MiddleEastHistory","The role of international organizations is being questioned.",-157,2026-05-01 21:10:00,"p266","FALSE"
"c672","User_490","politics","Discourse on social media is highly polarized and full of misinformation.",1,2026-05-01 21:11:00,"p282","FALSE"
"c673","User_420","palestine","Economic impact of the war is being felt across the Middle East.",57,2026-05-01 21:12:00,"p396","FALSE"
"c674","User_405","israel","Diplomatic efforts are ongoing but progress is slow.",-247,2026-05-01 21:13:00,"p103","FALSE"
"c675","User_722","news","International community calls for an immediate ceasefire.",-6,2026-05-01 21:14:00,"p193","FALSE"
"c676","User_657","worldnews","Economic impact of the war is being felt across the Middle East.",157,2026-05-01 21:15:00,"p344","FALSE"
"c677","User_26","worldnews","The conflict continues with heavy casualties on both sides.",378,2026-05-01 21:16:00,"p157","FALSE"
"c678","User_286","MiddleEastHistory","The role of international organizations is being questioned.",219,2026-05-01 21:17:00,"p292","FALSE"
"c679","User_731","MiddleEastHistory","The conflict continues with heavy casualties on both sides.",-23,2026-05-01 21:18:00,"p194","FALSE"
"c680","User_516","israel","Protests are spreading globally in support of humanitarian aid.",27,2026-05-01 21:19:00,"p298","FALSE"
"c681","User_8","MiddleEastHistory","Civilians are paying the highest price in this long-standing conflict.",18,2026-05-01 21:20:00,"p343","FALSE"
"c682","User_211","politics","The conflict continues with heavy casualties on both sides.",417,2026-05-01 21:21:00,"p238","TRUE"
"c683","User_321","news","Historical context is essential to understand the current escalation.",-34,2026-05-01 21:22:00,"p324","FALSE"
"c684","User_672","israel","The conflict continues with heavy casualties on both sides.",51,2026-05-01 21:23:00,"p33","FALSE"
"c685","User_364","worldnews","Public opinion is deeply divided on the best path to peace.",111,2026-05-01 21:24:00,"p306","TRUE"
"c686","User_694","MiddleEastHistory","Security measures are being tightened in the region.",222,2026-05-01 21:25:00,"p36","FALSE"
"c687","User_684","politics","Economic impact of the war is being felt across the Middle East.",1,2026-05-01 21:26:00,"p253","TRUE"
"c688","User_428","MiddleEastHistory","Civilians are paying the highest price in this long-standing conflict.",38,2026-05-01 21:27:00,"p271","FALSE"
"c689","User_351","news","Economic impact of the war is being felt across the Middle East.",117,2026-05-01 21:28:00,"p219","FALSE"
"c690","User_247","worldnews","Historical context is essential to understand the current escalation.",-75,2026-05-01 21:29:00,"p215","FALSE"
"c691","User_765","politics","The role of international organizations is being questioned.",89,2026-05-01 21:30:00,"p381","FALSE"
"c692","User_177","israel","International community calls for an immediate ceasefire.",-78,2026-05-01 21:31:00,"p296","FALSE"
"c693","User_550","worldnews","International community calls for an immediate ceasefire.",-108,2026-05-01 21:32:00,"p205","TRUE"
"c694","User_395","MiddleEastHistory","Historical context is essential to understand the current escalation.",-113,2026-05-01 21:33:00,"p40","TRUE"
"c695","User_576","politics","Protests are spreading globally in support of humanitarian aid.",133,2026-05-01 21:34:00,"p41","FALSE"
"c696","User_5","politics","New reports suggest a possible breakthrough in negotiations.",139,2026-05-01 21:35:00,"p309","FALSE"
"c697","User_209","palestine","Diplomatic efforts are ongoing but progress is slow.",41,2026-05-01 21:36:00,"p375","FALSE"
"c698","User_775","palestine","Civilians are paying the highest price in this long-standing conflict.",278,2026-05-01 21:37:00,"p120","FALSE"
"c699","User_374","palestine","Diplomatic efforts are ongoing but progress is slow.",55,2026-05-01 21:38:00,"p399","FALSE"
"c700","User_296","israel","Protests are spreading globally in support of humanitarian aid.",-96,2026-05-01 21:39:00,"p176","TRUE"
"c701","User_510","israel","Diplomatic efforts are ongoing but progress is slow.",329,2026-05-01 21:40:00,"p50","TRUE"
"c702","User_647","politics","The role of international organizations is being questioned.",119,2026-05-01 21:41:00,"p392","FALSE"
"c703","User_698","politics","Security measures are being tightened in the region.",108,2026-05-01 21:42:00,"p133","FALSE"
"c704","User_112","worldnews","Economic impact of the war is being felt across the Middle East.",37,2026-05-01 21:43:00,"p236","TRUE"
"c705","User_790","news","Public opinion is deeply divided on the best path to peace.",-133,2026-05-01 21:44:00,"p300","FALSE"
"c706","User_527","worldnews","The conflict continues with heavy casualties on both sides.",212,2026-05-01 21:45:00,"p173","FALSE"
"c707","User_709","news","Historical context is essential to understand the current escalation.",104,2026-05-01 21:46:00,"p187","FALSE"
"c708","User_559","worldnews","New reports suggest a possible breakthrough in negotiations.",111,2026-05-01 21:47:00,"p336","TRUE"
"c709","User_232","worldnews","Civilians are paying the highest price in this long-standing conflict.",-114,2026-05-01 21:48:00,"p352","FALSE"
"c710","User_398","politics","Security measures are being tightened in the region.",182,2026-05-01 21:49:00,"p23","TRUE"
"c711","User_642","worldnews","Protests are spreading globally in support of humanitarian aid.",4,2026-05-01 21:50:00,"p388","FALSE"
"c712","User_255","news","Security measures are being tightened in the region.",-176,2026-05-01 21:51:00,"p51","FALSE"
"c713","User_158","MiddleEastHistory","Discourse on social media is highly polarized and full of misinformation.",65,2026-05-01 21:52:00,"p240","TRUE"
"c714","User_214","palestine","Security measures are being tightened in the region.",-63,2026-05-01 21:53:00,"p284","FALSE"
"c715","User_584","israel","The conflict continues with heavy casualties on both sides.",125,2026-05-01 21:54:00,"p67","FALSE"
"c716","User_393","news","The conflict continues with heavy casualties on both sides.",-35,2026-05-01 21:55:00,"p27","FALSE"
"c717","User_319","politics","Public opinion is deeply divided on the best path to peace.",86,2026-05-01 21:56:00,"p143","FALSE"
"c718","User_328","MiddleEastHistory","Economic impact of the war is being felt across the Middle East.",289,2026-05-01 21:57:00,"p137","TRUE"
"c719","User_237","israel","Public opinion is deeply divided on the best path to peace.",106,2026-05-01 21:58:00,"p12","TRUE"
"c720","User_232","worldnews","International community calls for an immediate ceasefire.",240,2026-05-01 21:59:00,"p97","FALSE"
"c721","User_499","worldnews","Security measures are being tightened in the region.",-219,2026-05-01 22:00:00,"p134","FALSE"
"c722","User_56","palestine","The role of international organizations is being questioned.",77,2026-05-01 22:01:00,"p369","FALSE"
"c723","User_664","politics","Civilians are paying the highest price in this long-standing conflict.",-80,2026-05-01 22:02:00,"p281","FALSE"
"c724","User_187","worldnews","The conflict continues with heavy casualties on both sides.",42,2026-05-01 22:03:00,"p123","FALSE"
"c725","User_654","worldnews","Discourse on social media is highly polarized and full of misinformation.",-141,2026-05-01 22:04:00,"p199","FALSE"
"c726","User_195","MiddleEastHistory","The conflict continues with heavy casualties on both sides.",281,2026-05-01 22:05:00,"p16","FALSE"
"c727","User_163","israel","Diplomatic efforts are ongoing but progress is slow.",-101,2026-05-01 22:06:00,"p366","FALSE"
"c728","User_679","MiddleEastHistory","Economic impact of the war is being felt across the Middle East.",210,2026-05-01 22:07:00,"p163","FALSE"
"c729","User_96","israel","Historical context is essential to understand the current escalation.",104,2026-05-01 22:08:00,"p158","FALSE"
"c730","User_345","palestine","The role of international organizations is being questioned.",-121,2026-05-01 22:09:00,"p250","FALSE"
"c731","User_317","politics","The conflict continues with heavy casualties on both sides.",213,2026-05-01 22:10:00,"p42","FALSE"
"c732","User_84","israel","New reports suggest a possible breakthrough in negotiations.",32,2026-05-01 22:11:00,"p196","FALSE"
"c733","User_458","palestine","Public opinion is deeply divided on the best path to peace.",-33,2026-05-01 22:12:00,"p175","FALSE"
"c734","User_605","palestine","The conflict continues with heavy casualties on both sides.",-187,2026-05-01 22:13:00,"p314","FALSE"
"c735","User_730","news","Historical context is essential to understand the current escalation.",67,2026-05-01 22:14:00,"p174","FALSE"
"c736","User_641","worldnews","The role of international organizations is being questioned.",206,2026-05-01 22:15:00,"p339","FALSE"
"c737","User_155","palestine","The conflict continues with heavy casualties on both sides.",26,2026-05-01 22:16:00,"p115","FALSE"
"c738","User_54","palestine","Protests are spreading globally in support of humanitarian aid.",23,2026-05-01 22:17:00,"p340","FALSE"
"c739","User_722","politics","Protests are spreading globally in support of humanitarian aid.",-77,2026-05-01 22:18:00,"p119","FALSE"
"c740","User_726","news","Discourse on social media is highly polarized and full of misinformation.",5,2026-05-01 22:19:00,"p52","TRUE"
"c741","User_727","israel","Historical context is essential to understand the current escalation.",-38,2026-05-01 22:20:00,"p178","FALSE"
"c742","User_286","worldnews","International community calls for an immediate ceasefire.",34,2026-05-01 22:21:00,"p360","TRUE"
"c743","User_443","israel","Diplomatic efforts are ongoing but progress is slow.",-162,2026-05-01 22:22:00,"p130","FALSE"
"c744","User_368","worldnews","Public opinion is deeply divided on the best path to peace.",-347,2026-05-01 22:23:00,"p239","FALSE"
"c745","User_440","worldnews","Security measures are being tightened in the region.",-112,2026-05-01 22:24:00,"p102","FALSE"
"c746","User_789","worldnews","Historical context is essential to understand the current escalation.",-93,2026-05-01 22:25:00,"p350","FALSE"
"c747","User_540","MiddleEastHistory","The role of international organizations is being questioned.",106,2026-05-01 22:26:00,"p68","FALSE"
"c748","User_304","MiddleEastHistory","Public opinion is deeply divided on the best path to peace.",-19,2026-05-01 22:27:00,"p400","FALSE"
"c749","User_109","news","Protests are spreading globally in support of humanitarian aid.",-37,2026-05-01 22:28:00,"p221","FALSE"
"c750","User_444","palestine","Security measures are being tightened in the region.",424,2026-05-01 22:29:00,"p133","FALSE"
"c751","User_361","palestine","Public opinion is deeply divided on the best path to peace.",-88,2026-05-01 22:30:00,"p385","FALSE"
"c752","User_244","worldnews","Discourse on social media is highly polarized and full of misinformation.",136,2026-05-01 22:31:00,"p38","FALSE"
"c753","User_678","politics","Protests are spreading globally in support of humanitarian aid.",10,2026-05-01 22:32:00,"p340","FALSE"
"c754","User_642","worldnews","Civilians are paying the highest price in this long-standing conflict.",78,2026-05-01 22:33:00,"p204","FALSE"
"c755","User_213","worldnews","Economic impact of the war is being felt across the Middle East.",154,2026-05-01 22:34:00,"p147","FALSE"
"c756","User_708","worldnews","The role of international organizations is being questioned.",244,2026-05-01 22:35:00,"p295","FALSE"
"c757","User_556","worldnews","Economic impact of the war is being felt across the Middle East.",-131,2026-05-01 22:36:00,"p34","FALSE"
"c758","User_250","news","Public opinion is deeply divided on the best path to peace.",205,2026-05-01 22:37:00,"p324","FALSE"
"c759","User_111","palestine","New reports suggest a possible breakthrough in negotiations.",-80,2026-05-01 22:38:00,"p272","TRUE"
"c760","User_323","politics","The conflict continues with heavy casualties on both sides.",185,2026-05-01 22:39:00,"p288","FALSE"
"c761","User_459","palestine","Economic impact of the war is being felt across the Middle East.",-138,2026-05-01 22:40:00,"p199","FALSE"
"c762","User_292","worldnews","The conflict continues with heavy casualties on both sides.",-214,2026-05-01 22:41:00,"p350","FALSE"
"c763","User_287","politics","Civilians are paying the highest price in this long-standing conflict.",-67,2026-05-01 22:42:00,"p362","TRUE"
"c764","User_755","MiddleEastHistory","Public opinion is deeply divided on the best path to peace.",190,2026-05-01 22:43:00,"p300","FALSE"
"c765","User_583","palestine","International community calls for an immediate ceasefire.",-239,2026-05-01 22:44:00,"p157","TRUE"
"c766","User_39","worldnews","Protests are spreading globally in support of humanitarian aid.",21,2026-05-01 22:45:00,"p276","TRUE"
"c767","User_498","worldnews","International community calls for an immediate ceasefire.",135,2026-05-01 22:46:00,"p206","FALSE"
"c768","User_394","israel","Civilians are paying the highest price in this long-standing conflict.",27,2026-05-01 22:47:00,"p184","FALSE"
"c769","User_572","israel","Diplomatic efforts are ongoing but progress is slow.",128,2026-05-01 22:48:00,"p252","FALSE"
"c770","User_282","politics","Economic impact of the war is being felt across the Middle East.",80,2026-05-01 22:49:00,"p330","FALSE"
"c771","User_442","worldnews","Protests are spreading globally in support of humanitarian aid.",35,2026-05-01 22:50:00,"p321","FALSE"
"c772","User_785","MiddleEastHistory","Public opinion is deeply divided on the best path to peace.",-25,2026-05-01 22:51:00,"p244","FALSE"
"c773","User_621","worldnews","Economic impact of the war is being felt across the Middle East.",78,2026-05-01 22:52:00,"p166","FALSE"
"c774","User_683","worldnews","New reports suggest a possible breakthrough in negotiations.",-37,2026-05-01 22:53:00,"p105","FALSE"
"c775","User_468","politics","International community calls for an immediate ceasefire.",235,2026-05-01 22:54:00,"p3","FALSE"
"c776","User_253","news","Discourse on social media is highly polarized and full of misinformation.",53,2026-05-01 22:55:00,"p161","TRUE"
"c777","User_762","israel","Economic impact of the war is being felt across the Middle East.",90,2026-05-01 22:56:00,"p225","FALSE"
"c778","User_188","politics","Protests are spreading globally in support of humanitarian aid.",123,2026-05-01 22:57:00,"p374","FALSE"
"c779","User_169","politics","Protests are spreading globally in support of humanitarian aid.",38,2026-05-01 22:58:00,"p70","FALSE"
"c780","User_718","israel","The role of international organizations is being questioned.",414,2026-05-01 22:59:00,"p16","FALSE"
"c781","User_689","MiddleEastHistory","International community calls for an immediate ceasefire.",193,2026-05-01 23:00:00,"p153","FALSE"
"c782","User_711","worldnews","Historical context is essential to understand the current escalation.",19,2026-05-01 23:01:00,"p121","TRUE"
"c783","User_193","palestine","Protests are spreading globally in support of humanitarian aid.",70,2026-05-01 23:02:00,"p373","FALSE"
"c784","User_251","israel","The role of international organizations is being questioned.",2,2026-05-01 23:03:00,"p341","FALSE"
"c785","User_123","palestine","International community calls for an immediate ceasefire.",11,2026-05-01 23:04:00,"p243","FALSE"
"c786","User_200","israel","International community calls for an immediate ceasefire.",-172,2026-05-01 23:05:00,"p153","FALSE"
"c787","User_356","israel","Economic impact of the war is being felt across the Middle East.",-139,2026-05-01 23:06:00,"p196","FALSE"
"c788","User_292","worldnews","Public opinion is deeply divided on the best path to peace.",175,2026-05-01 23:07:00,"p47","TRUE"
"c789","User_711","palestine","Public opinion is deeply divided on the best path to peace.",15,2026-05-01 23:08:00,"p94","FALSE"
"c790","User_86","palestine","Security measures are being tightened in the region.",357,2026-05-01 23:09:00,"p117","FALSE"
"c791","User_600","israel","Security measures are being tightened in the region.",347,2026-05-01 23:10:00,"p399","FALSE"
"c792","User_392","MiddleEastHistory","Public opinion is deeply divided on the best path to peace.",-222,2026-05-01 23:11:00,"p141","FALSE"
"c793","User_50","palestine","Public opinion is deeply divided on the best path to peace.",-141,2026-05-01 23:12:00,"p283","FALSE"
"c794","User_555","MiddleEastHistory","International community calls for an immediate ceasefire.",156,2026-05-01 23:13:00,"p275","FALSE"
"c795","User_491","worldnews","New reports suggest a possible breakthrough in negotiations.",-115,2026-05-01 23:14:00,"p106","TRUE"
"c796","User_445","worldnews","Discourse on social media is highly polarized and full of misinformation.",205,2026-05-01 23:15:00,"p80","FALSE"
"c797","User_330","news","Historical context is essential to understand the current escalation.",-54,2026-05-01 23:16:00,"p190","TRUE"
"c798","User_546","israel","International community calls for an immediate ceasefire.",-99,2026-05-01 23:17:00,"p79","FALSE"
"c799","User_313","israel","Civilians are paying the highest price in this long-standing conflict.",-215,2026-05-01 23:18:00,"p48","FALSE"
"c800","User_722","worldnews","Historical context is essential to understand the current escalation.",149,2026-05-01 23:19:00,"p3","FALSE"
"c801","User_595","news","Diplomatic efforts are ongoing but progress is slow.",16,2026-05-01 23:20:00,"p320","FALSE"
"c802","User_772","palestine","Diplomatic efforts are ongoing but progress is slow.",64,2026-05-01 23:21:00,"p133","FALSE"
"c803","User_187","israel","Security measures are being tightened in the region.",275,2026-05-01 23:22:00,"p340","FALSE"
"c804","User_333","palestine","Public opinion is deeply divided on the best path to peace.",-203,2026-05-01 23:23:00,"p226","TRUE"
"c805","User_115","worldnews","Security measures are being tightened in the region.",-199,2026-05-01 23:24:00,"p369","FALSE"
"c806","User_151","news","The role of international organizations is being questioned.",234,2026-05-01 23:25:00,"p55","FALSE"
"c807","User_694","worldnews","Protests are spreading globally in support of humanitarian aid.",5,2026-05-01 23:26:00,"p159","FALSE"
"c808","User_109","worldnews","Public opinion is deeply divided on the best path to peace.",-105,2026-05-01 23:27:00,"p379","FALSE"
"c809","User_446","israel","The role of international organizations is being questioned.",-22,2026-05-01 23:28:00,"p22","FALSE"
"c810","User_266","worldnews","Civilians are paying the highest price in this long-standing conflict.",66,2026-05-01 23:29:00,"p37","FALSE"
"c811","User_602","worldnews","International community calls for an immediate ceasefire.",17,2026-05-01 23:30:00,"p194","TRUE"
"c812","User_743","worldnews","Security measures are being tightened in the region.",133,2026-05-01 23:31:00,"p337","FALSE"
"c813","User_100","israel","Diplomatic efforts are ongoing but progress is slow.",-154,2026-05-01 23:32:00,"p69","FALSE"
"c814","User_785","politics","International community calls for an immediate ceasefire.",-130,2026-05-01 23:33:00,"p110","FALSE"
"c815","User_57","palestine","Public opinion is deeply divided on the best path to peace.",75,2026-05-01 23:34:00,"p250","FALSE"
"c816","User_740","palestine","Security measures are being tightened in the region.",144,2026-05-01 23:35:00,"p136","FALSE"
"c817","User_21","israel","Discourse on social media is highly polarized and full of misinformation.",318,2026-05-01 23:36:00,"p138","FALSE"
"c818","User_87","MiddleEastHistory","Civilians are paying the highest price in this long-standing conflict.",6,2026-05-01 23:37:00,"p48","FALSE"
"c819","User_461","politics","The role of international organizations is being questioned.",-77,2026-05-01 23:38:00,"p268","FALSE"
"c820","User_683","israel","The role of international organizations is being questioned.",116,2026-05-01 23:39:00,"p256","FALSE"
"c821","User_161","palestine","International community calls for an immediate ceasefire.",48,2026-05-01 23:40:00,"p211","FALSE"
"c822","User_705","worldnews","Protests are spreading globally in support of humanitarian aid.",170,2026-05-01 23:41:00,"p380","TRUE"
"c823","User_446","worldnews","Security measures are being tightened in the region.",-28,2026-05-01 23:42:00,"p57","FALSE"
"c824","User_708","news","New reports suggest a possible breakthrough in negotiations.",77,2026-05-01 23:43:00,"p43","FALSE"
"c825","User_298","MiddleEastHistory","Historical context is essential to understand the current escalation.",68,2026-05-01 23:44:00,"p189","FALSE"
"c826","User_311","worldnews","Diplomatic efforts are ongoing but progress is slow.",-95,2026-05-01 23:45:00,"p357","FALSE"
"c827","User_15","news","Security measures are being tightened in the region.",201,2026-05-01 23:46:00,"p397","FALSE"
"c828","User_223","israel","Historical context is essential to understand the current escalation.",-7,2026-05-01 23:47:00,"p171","FALSE"
"c829","User_346","israel","Historical context is essential to understand the current escalation.",162,2026-05-01 23:48:00,"p397","FALSE"
"c830","User_718","news","The role of international organizations is being questioned.",335,2026-05-01 23:49:00,"p222","FALSE"
"c831","User_436","worldnews","Diplomatic efforts are ongoing but progress is slow.",-210,2026-05-01 23:50:00,"p220","TRUE"
"c832","User_757","worldnews","Protests are spreading globally in support of humanitarian aid.",62,2026-05-01 23:51:00,"p133","TRUE"
"c833","User_554","politics","International community calls for an immediate ceasefire.",-174,2026-05-01 23:52:00,"p244","FALSE"
"c834","User_88","israel","Civilians are paying the highest price in this long-standing conflict.",377,2026-05-01 23:53:00,"p79","FALSE"
"c835","User_366","palestine","Civilians are paying the highest price in this long-standing conflict.",34,2026-05-01 23:54:00,"p148","FALSE"
"c836","User_641","palestine","The conflict continues with heavy casualties on both sides.",151,2026-05-01 23:55:00,"p251","FALSE"
"c837","User_519","israel","Security measures are being tightened in the region.",222,2026-05-01 23:56:00,"p171","FALSE"
"c838","User_350","news","New reports suggest a possible breakthrough in negotiations.",145,2026-05-01 23:57:00,"p297","FALSE"
"c839","User_36","MiddleEastHistory","International community calls for an immediate ceasefire.",236,2026-05-01 23:58:00,"p66","TRUE"
"c840","User_268","palestine","The role of international organizations is being questioned.",-32,2026-05-01 23:59:00,"p66","FALSE"
"c841","User_483","israel","The role of international organizations is being questioned.",63,2026-05-02,"p288","TRUE"
"c842","User_327","palestine","Discourse on social media is highly polarized and full of misinformation.",-136,2026-05-02 00:01:00,"p81","FALSE"
"c843","User_678","worldnews","New reports suggest a possible breakthrough in negotiations.",138,2026-05-02 00:02:00,"p233","FALSE"
"c844","User_395","worldnews","Security measures are being tightened in the region.",126,2026-05-02 00:03:00,"p331","FALSE"
"c845","User_224","worldnews","Civilians are paying the highest price in this long-standing conflict.",91,2026-05-02 00:04:00,"p79","FALSE"
"c846","User_621","MiddleEastHistory","Historical context is essential to understand the current escalation.",119,2026-05-02 00:05:00,"p130","FALSE"
"c847","User_391","palestine","Security measures are being tightened in the region.",135,2026-05-02 00:06:00,"p240","TRUE"
"c848","User_440","worldnews","Protests are spreading globally in support of humanitarian aid.",-48,2026-05-02 00:07:00,"p317","FALSE"
"c849","User_510","worldnews","New reports suggest a possible breakthrough in negotiations.",232,2026-05-02 00:08:00,"p294","FALSE"
"c850","User_565","israel","Economic impact of the war is being felt across the Middle East.",-17,2026-05-02 00:09:00,"p106","FALSE"
"c851","User_208","palestine","Security measures are being tightened in the region.",98,2026-05-02 00:10:00,"p293","FALSE"
"c852","User_466","palestine","International community calls for an immediate ceasefire.",170,2026-05-02 00:11:00,"p382","FALSE"
"c853","User_722","news","Historical context is essential to understand the current escalation.",-284,2026-05-02 00:12:00,"p168","FALSE"
"c854","User_339","israel","Public opinion is deeply divided on the best path to peace.",-125,2026-05-02 00:13:00,"p275","FALSE"
"c855","User_488","palestine","Discourse on social media is highly polarized and full of misinformation.",51,2026-05-02 00:14:00,"p353","FALSE"
"c856","User_290","MiddleEastHistory","New reports suggest a possible breakthrough in negotiations.",42,2026-05-02 00:15:00,"p355","FALSE"
"c857","User_752","worldnews","Public opinion is deeply divided on the best path to peace.",-99,2026-05-02 00:16:00,"p15","FALSE"
"c858","User_760","worldnews","Public opinion is deeply divided on the best path to peace.",319,2026-05-02 00:17:00,"p127","FALSE"
"c859","User_499","news","Protests are spreading globally in support of humanitarian aid.",155,2026-05-02 00:18:00,"p234","FALSE"
"c860","User_58","israel","Civilians are paying the highest price in this long-standing conflict.",-269,2026-05-02 00:19:00,"p145","FALSE"
"c861","User_683","palestine","Protests are spreading globally in support of humanitarian aid.",13,2026-05-02 00:20:00,"p377","FALSE"
"c862","User_347","news","Diplomatic efforts are ongoing but progress is slow.",1,2026-05-02 00:21:00,"p123","FALSE"
"c863","User_379","worldnews","Public opinion is deeply divided on the best path to peace.",-127,2026-05-02 00:22:00,"p107","FALSE"
"c864","User_457","politics","Protests are spreading globally in support of humanitarian aid.",-83,2026-05-02 00:23:00,"p81","FALSE"
"c865","User_710","worldnews","Public opinion is deeply divided on the best path to peace.",125,2026-05-02 00:24:00,"p386","FALSE"
"c866","User_466","israel","Civilians are paying the highest price in this long-standing conflict.",66,2026-05-02 00:25:00,"p357","FALSE"
"c867","User_592","worldnews","The conflict continues with heavy casualties on both sides.",34,2026-05-02 00:26:00,"p291","FALSE"
"c868","User_736","palestine","International community calls for an immediate ceasefire.",110,2026-05-02 00:27:00,"p188","FALSE"
"c869","User_764","palestine","Economic impact of the war is being felt across the Middle East.",143,2026-05-02 00:28:00,"p156","TRUE"
"c870","User_781","worldnews","Diplomatic efforts are ongoing but progress is slow.",-133,2026-05-02 00:29:00,"p233","FALSE"
"c871","User_470","news","New reports suggest a possible breakthrough in negotiations.",-64,2026-05-02 00:30:00,"p100","FALSE"
"c872","User_698","news","International community calls for an immediate ceasefire.",40,2026-05-02 00:31:00,"p369","FALSE"
"c873","User_287","palestine","Economic impact of the war is being felt across the Middle East.",-120,2026-05-02 00:32:00,"p258","FALSE"
"c874","User_423","israel","New reports suggest a possible breakthrough in negotiations.",234,2026-05-02 00:33:00,"p34","FALSE"
"c875","User_137","worldnews","Historical context is essential to understand the current escalation.",-88,2026-05-02 00:34:00,"p227","FALSE"
"c876","User_345","worldnews","Security measures are being tightened in the region.",-82,2026-05-02 00:35:00,"p178","TRUE"
"c877","User_59","israel","Public opinion is deeply divided on the best path to peace.",-43,2026-05-02 00:36:00,"p55","FALSE"
"c878","User_320","israel","Economic impact of the war is being felt across the Middle East.",77,2026-05-02 00:37:00,"p123","FALSE"
"c879","User_4","worldnews","Diplomatic efforts are ongoing but progress is slow.",130,2026-05-02 00:38:00,"p165","TRUE"
"c880","User_689","worldnews","Historical context is essential to understand the current escalation.",-231,2026-05-02 00:39:00,"p206","FALSE"
"c881","User_369","worldnews","The role of international organizations is being questioned.",427,2026-05-02 00:40:00,"p213","FALSE"
"c882","User_791","israel","Economic impact of the war is being felt across the Middle East.",304,2026-05-02 00:41:00,"p73","FALSE"
"c883","User_331","palestine","The role of international organizations is being questioned.",-148,2026-05-02 00:42:00,"p339","FALSE"
"c884","User_465","israel","Public opinion is deeply divided on the best path to peace.",253,2026-05-02 00:43:00,"p25","FALSE"
"c885","User_530","MiddleEastHistory","Protests are spreading globally in support of humanitarian aid.",-50,2026-05-02 00:44:00,"p133","FALSE"
"c886","User_361","politics","Diplomatic efforts are ongoing but progress is slow.",-14,2026-05-02 00:45:00,"p371","FALSE"
"c887","User_37","MiddleEastHistory","Historical context is essential to understand the current escalation.",60,2026-05-02 00:46:00,"p263","TRUE"
"c888","User_428","palestine","Protests are spreading globally in support of humanitarian aid.",-34,2026-05-02 00:47:00,"p343","FALSE"
"c889","User_449","news","International community calls for an immediate ceasefire.",63,2026-05-02 00:48:00,"p194","FALSE"
"c890","User_406","worldnews","The conflict continues with heavy casualties on both sides.",-39,2026-05-02 00:49:00,"p168","FALSE"
"c891","User_480","news","Discourse on social media is highly polarized and full of misinformation.",136,2026-05-02 00:50:00,"p309","FALSE"
"c892","User_306","news","New reports suggest a possible breakthrough in negotiations.",138,2026-05-02 00:51:00,"p152","FALSE"
"c893","User_118","MiddleEastHistory","Economic impact of the war is being felt across the Middle East.",11,2026-05-02 00:52:00,"p278","FALSE"
"c894","User_672","MiddleEastHistory","International community calls for an immediate ceasefire.",184,2026-05-02 00:53:00,"p140","FALSE"
"c895","User_625","worldnews","International community calls for an immediate ceasefire.",287,2026-05-02 00:54:00,"p355","FALSE"
"c896","User_609","palestine","Public opinion is deeply divided on the best path to peace.",39,2026-05-02 00:55:00,"p261","FALSE"
"c897","User_730","israel","Protests are spreading globally in support of humanitarian aid.",-249,2026-05-02 00:56:00,"p259","FALSE"
"c898","User_426","palestine","Protests are spreading globally in support of humanitarian aid.",-206,2026-05-02 00:57:00,"p197","FALSE"
"c899","User_106","MiddleEastHistory","The role of international organizations is being questioned.",8,2026-05-02 00:58:00,"p144","FALSE"
"c900","User_650","MiddleEastHistory","Civilians are paying the highest price in this long-standing conflict.",-68,2026-05-02 00:59:00,"p17","FALSE"
"c901","User_118","israel","Public opinion is deeply divided on the best path to peace.",-20,2026-05-02 01:00:00,"p397","FALSE"
"c902","User_464","palestine","Economic impact of the war is being felt across the Middle East.",45,2026-05-02 01:01:00,"p203","FALSE"
"c903","User_44","MiddleEastHistory","Public opinion is deeply divided on the best path to peace.",-121,2026-05-02 01:02:00,"p397","FALSE"
"c904","User_358","MiddleEastHistory","Security measures are being tightened in the region.",138,2026-05-02 01:03:00,"p145","FALSE"
"c905","User_36","israel","Discourse on social media is highly polarized and full of misinformation.",-25,2026-05-02 01:04:00,"p341","FALSE"
"c906","User_704","politics","Civilians are paying the highest price in this long-standing conflict.",127,2026-05-02 01:05:00,"p154","FALSE"
"c907","User_452","politics","Public opinion is deeply divided on the best path to peace.",-23,2026-05-02 01:06:00,"p349","FALSE"
"c908","User_72","israel","Historical context is essential to understand the current escalation.",0,2026-05-02 01:07:00,"p58","FALSE"
"c909","User_271","MiddleEastHistory","Protests are spreading globally in support of humanitarian aid.",-335,2026-05-02 01:08:00,"p379","TRUE"
"c910","User_255","MiddleEastHistory","International community calls for an immediate ceasefire.",99,2026-05-02 01:09:00,"p284","FALSE"
"c911","User_239","worldnews","Diplomatic efforts are ongoing but progress is slow.",-115,2026-05-02 01:10:00,"p280","TRUE"
"c912","User_488","worldnews","Security measures are being tightened in the region.",139,2026-05-02 01:11:00,"p168","FALSE"
"c913","User_338","worldnews","Protests are spreading globally in support of humanitarian aid.",153,2026-05-02 01:12:00,"p397","TRUE"
"c914","User_87","palestine","Historical context is essential to understand the current escalation.",55,2026-05-02 01:13:00,"p94","FALSE"
"c915","User_790","palestine","Historical context is essential to understand the current escalation.",-61,2026-05-02 01:14:00,"p113","TRUE"
"c916","User_527","israel","Security measures are being tightened in the region.",-90,2026-05-02 01:15:00,"p6","FALSE"
"c917","User_202","israel","Civilians are paying the highest price in this long-standing conflict.",139,2026-05-02 01:16:00,"p171","TRUE"
"c918","User_766","politics","International community calls for an immediate ceasefire.",-48,2026-05-02 01:17:00,"p62","FALSE"
"c919","User_650","palestine","The conflict continues with heavy casualties on both sides.",4,2026-05-02 01:18:00,"p3","FALSE"
"c920","User_671","palestine","Diplomatic efforts are ongoing but progress is slow.",169,2026-05-02 01:19:00,"p29","FALSE"
"c921","User_480","israel","New reports suggest a possible breakthrough in negotiations.",104,2026-05-02 01:20:00,"p31","FALSE"
"c922","User_146","MiddleEastHistory","International community calls for an immediate ceasefire.",33,2026-05-02 01:21:00,"p236","FALSE"
"c923","User_507","israel","Economic impact of the war is being felt across the Middle East.",-49,2026-05-02 01:22:00,"p93","FALSE"
"c924","User_167","palestine","The role of international organizations is being questioned.",-189,2026-05-02 01:23:00,"p380","FALSE"
"c925","User_260","news","International community calls for an immediate ceasefire.",154,2026-05-02 01:24:00,"p387","FALSE"
"c926","User_414","palestine","Public opinion is deeply divided on the best path to peace.",-44,2026-05-02 01:25:00,"p320","FALSE"
"c927","User_231","news","The conflict continues with heavy casualties on both sides.",46,2026-05-02 01:26:00,"p187","FALSE"
"c928","User_468","politics","Public opinion is deeply divided on the best path to peace.",-83,2026-05-02 01:27:00,"p231","FALSE"
"c929","User_256","palestine","The conflict continues with heavy casualties on both sides.",-47,2026-05-02 01:28:00,"p171","FALSE"
"c930","User_621","news","Security measures are being tightened in the region.",87,2026-05-02 01:29:00,"p323","FALSE"
"c931","User_19","israel","Economic impact of the war is being felt across the Middle East.",24,2026-05-02 01:30:00,"p9","FALSE"
"c932","User_701","worldnews","New reports suggest a possible breakthrough in negotiations.",14,2026-05-02 01:31:00,"p36","FALSE"
"c933","User_438","worldnews","Protests are spreading globally in support of humanitarian aid.",230,2026-05-02 01:32:00,"p245","FALSE"
"c934","User_209","news","Historical context is essential to understand the current escalation.",211,2026-05-02 01:33:00,"p89","FALSE"
"c935","User_288","politics","Diplomatic efforts are ongoing but progress is slow.",-56,2026-05-02 01:34:00,"p379","FALSE"
"c936","User_11","worldnews","Discourse on social media is highly polarized and full of misinformation.",160,2026-05-02 01:35:00,"p193","FALSE"
"c937","User_604","worldnews","Public opinion is deeply divided on the best path to peace.",77,2026-05-02 01:36:00,"p339","FALSE"
"c938","User_607","worldnews","New reports suggest a possible breakthrough in negotiations.",63,2026-05-02 01:37:00,"p352","FALSE"
"c939","User_383","news","Discourse on social media is highly polarized and full of misinformation.",227,2026-05-02 01:38:00,"p98","FALSE"
"c940","User_105","MiddleEastHistory","The conflict continues with heavy casualties on both sides.",-155,2026-05-02 01:39:00,"p105","FALSE"
"c941","User_533","israel","International community calls for an immediate ceasefire.",355,2026-05-02 01:40:00,"p137","FALSE"
"c942","User_384","palestine","Economic impact of the war is being felt across the Middle East.",205,2026-05-02 01:41:00,"p222","FALSE"
"c943","User_7","news","Discourse on social media is highly polarized and full of misinformation.",-63,2026-05-02 01:42:00,"p44","FALSE"
"c944","User_680","israel","Civilians are paying the highest price in this long-standing conflict.",59,2026-05-02 01:43:00,"p341","FALSE"
"c945","User_87","israel","Protests are spreading globally in support of humanitarian aid.",114,2026-05-02 01:44:00,"p369","FALSE"
"c946","User_7","news","Public opinion is deeply divided on the best path to peace.",-70,2026-05-02 01:45:00,"p235","FALSE"
"c947","User_729","palestine","Security measures are being tightened in the region.",5,2026-05-02 01:46:00,"p96","FALSE"
"c948","User_236","politics","Historical context is essential to understand the current escalation.",-221,2026-05-02 01:47:00,"p167","TRUE"
"c949","User_643","worldnews","New reports suggest a possible breakthrough in negotiations.",-23,2026-05-02 01:48:00,"p245","FALSE"
"c950","User_479","worldnews","Protests are spreading globally in support of humanitarian aid.",258,2026-05-02 01:49:00,"p333","FALSE"
"c951","User_250","israel","Security measures are being tightened in the region.",51,2026-05-02 01:50:00,"p33","FALSE"
"c952","User_181","palestine","The conflict continues with heavy casualties on both sides.",-245,2026-05-02 01:51:00,"p8","FALSE"
"c953","User_356","worldnews","Public opinion is deeply divided on the best path to peace.",233,2026-05-02 01:52:00,"p46","FALSE"
"c954","User_510","israel","Economic impact of the war is being felt across the Middle East.",-72,2026-05-02 01:53:00,"p242","TRUE"
"c955","User_291","worldnews","Protests are spreading globally in support of humanitarian aid.",-38,2026-05-02 01:54:00,"p345","FALSE"
"c956","User_236","worldnews","The role of international organizations is being questioned.",433,2026-05-02 01:55:00,"p226","FALSE"
"c957","User_723","news","The role of international organizations is being questioned.",66,2026-05-02 01:56:00,"p183","FALSE"
"c958","User_794","politics","Security measures are being tightened in the region.",-105,2026-05-02 01:57:00,"p158","FALSE"
"c959","User_278","news","Discourse on social media is highly polarized and full of misinformation.",-44,2026-05-02 01:58:00,"p68","FALSE"
"c960","User_459","palestine","Public opinion is deeply divided on the best path to peace.",24,2026-05-02 01:59:00,"p362","FALSE"
"c961","User_671","worldnews","Economic impact of the war is being felt across the Middle East.",160,2026-05-02 02:00:00,"p329","FALSE"
"c962","User_450","palestine","Civilians are paying the highest price in this long-standing conflict.",-33,2026-05-02 02:01:00,"p175","FALSE"
"c963","User_361","politics","Security measures are being tightened in the region.",195,2026-05-02 02:02:00,"p62","FALSE"
"c964","User_642","worldnews","Security measures are being tightened in the region.",157,2026-05-02 02:03:00,"p114","FALSE"
"c965","User_442","politics","Economic impact of the war is being felt across the Middle East.",-111,2026-05-02 02:04:00,"p117","FALSE"
"c966","User_555","israel","Economic impact of the war is being felt across the Middle East.",-225,2026-05-02 02:05:00,"p103","FALSE"
"c967","User_406","worldnews","Protests are spreading globally in support of humanitarian aid.",59,2026-05-02 02:06:00,"p194","FALSE"
"c968","User_201","israel","New reports suggest a possible breakthrough in negotiations.",-106,2026-05-02 02:07:00,"p200","FALSE"
"c969","User_766","israel","The role of international organizations is being questioned.",165,2026-05-02 02:08:00,"p350","FALSE"
"c970","User_776","worldnews","Economic impact of the war is being felt across the Middle East.",121,2026-05-02 02:09:00,"p62","TRUE"
"c971","User_715","worldnews","Economic impact of the war is being felt across the Middle East.",63,2026-05-02 02:10:00,"p28","FALSE"
"c972","User_323","israel","Diplomatic efforts are ongoing but progress is slow.",201,2026-05-02 02:11:00,"p193","FALSE"
"c973","User_443","worldnews","The role of international organizations is being questioned.",-131,2026-05-02 02:12:00,"p234","FALSE"
"c974","User_212","worldnews","Security measures are being tightened in the region.",235,2026-05-02 02:13:00,"p55","FALSE"
"c975","User_643","worldnews","The role of international organizations is being questioned.",364,2026-05-02 02:14:00,"p161","FALSE"
"c976","User_130","palestine","Discourse on social media is highly polarized and full of misinformation.",-111,2026-05-02 02:15:00,"p5","FALSE"
"c977","User_65","politics","Economic impact of the war is being felt across the Middle East.",-232,2026-05-02 02:16:00,"p256","TRUE"
"c978","User_270","worldnews","Protests are spreading globally in support of humanitarian aid.",40,2026-05-02 02:17:00,"p273","TRUE"
"c979","User_187","MiddleEastHistory","New reports suggest a possible breakthrough in negotiations.",-72,2026-05-02 02:18:00,"p345","FALSE"
"c980","User_497","israel","Protests are spreading globally in support of humanitarian aid.",383,2026-05-02 02:19:00,"p12","FALSE"
"c981","User_76","politics","The conflict continues with heavy casualties on both sides.",-68,2026-05-02 02:20:00,"p68","FALSE"
"c982","User_91","palestine","The role of international organizations is being questioned.",266,2026-05-02 02:21:00,"p168","FALSE"
"c983","User_795","palestine","International community calls for an immediate ceasefire.",-128,2026-05-02 02:22:00,"p26","FALSE"
"c984","User_528","worldnews","Security measures are being tightened in the region.",79,2026-05-02 02:23:00,"p179","FALSE"
"c985","User_640","israel","Civilians are paying the highest price in this long-standing conflict.",82,2026-05-02 02:24:00,"p289","FALSE"
"c986","User_586","news","International community calls for an immediate ceasefire.",120,2026-05-02 02:25:00,"p344","FALSE"
"c987","User_530","MiddleEastHistory","Civilians are paying the highest price in this long-standing conflict.",14,2026-05-02 02:26:00,"p262","TRUE"
"c988","User_229","palestine","Protests are spreading globally in support of humanitarian aid.",-116,2026-05-02 02:27:00,"p333","FALSE"
"c989","User_131","israel","Economic impact of the war is being felt across the Middle East.",179,2026-05-02 02:28:00,"p66","FALSE"
"c990","User_531","worldnews","Discourse on social media is highly polarized and full of misinformation.",-46,2026-05-02 02:29:00,"p164","FALSE"
"c991","User_585","news","The role of international organizations is being questioned.",153,2026-05-02 02:30:00,"p332","FALSE"
"c992","User_83","news","Security measures are being tightened in the region.",-226,2026-05-02 02:31:00,"p376","FALSE"
"c993","User_536","worldnews","International community calls for an immediate ceasefire.",225,2026-05-02 02:32:00,"p3","FALSE"
"c994","User_105","news","Economic impact of the war is being felt across the Middle East.",132,2026-05-02 02:33:00,"p19","FALSE"
"c995","User_406","palestine","The conflict continues with heavy casualties on both sides.",319,2026-05-02 02:34:00,"p364","FALSE"
"c996","User_90","worldnews","Protests are spreading globally in support of humanitarian aid.",-66,2026-05-02 02:35:00,"p357","FALSE"
"c997","User_413","palestine","Diplomatic efforts are ongoing but progress is slow.",-58,2026-05-02 02:36:00,"p174","FALSE"
"c998","User_273","israel","The role of international organizations is being questioned.",78,2026-05-02 02:37:00,"p248","FALSE"
"c999","User_249","worldnews","Diplomatic efforts are ongoing but progress is slow.",37,2026-05-02 02:38:00,"p290","FALSE"
"c1000","User_403","worldnews","Public opinion is deeply divided on the best path to peace.",250,2026-05-02 02:39:00,"p168","FALSE"
"c1001","User_642","palestine","Public opinion is deeply divided on the best path to peace.",142,2026-05-02 02:40:00,"p368","FALSE"
"c1002","User_245","politics","Discourse on social media is highly polarized and full of misinformation.",70,2026-05-02 02:41:00,"p381","FALSE"
"c1003","User_615","palestine","The conflict continues with heavy casualties on both sides.",86,2026-05-02 02:42:00,"p118","FALSE"
"c1004","User_346","worldnews","International community calls for an immediate ceasefire.",12,2026-05-02 02:43:00,"p238","TRUE"
"c1005","User_528","worldnews","Economic impact of the war is being felt across the Middle East.",-92,2026-05-02 02:44:00,"p96","TRUE"
"c1006","User_381","news","Discourse on social media is highly polarized and full of misinformation.",67,2026-05-02 02:45:00,"p310","FALSE"
"c1007","User_607","worldnews","Civilians are paying the highest price in this long-standing conflict.",106,2026-05-02 02:46:00,"p74","FALSE"
"c1008","User_730","worldnews","The conflict continues with heavy casualties on both sides.",-35,2026-05-02 02:47:00,"p397","TRUE"
"c1009","User_572","worldnews","Diplomatic efforts are ongoing but progress is slow.",-83,2026-05-02 02:48:00,"p322","FALSE"
"c1010","User_522","israel","International community calls for an immediate ceasefire.",91,2026-05-02 02:49:00,"p8","FALSE"
"c1011","User_93","palestine","The role of international organizations is being questioned.",101,2026-05-02 02:50:00,"p297","FALSE"
"c1012","User_396","palestine","The role of international organizations is being questioned.",-226,2026-05-02 02:51:00,"p34","FALSE"
"c1013","User_8","israel","New reports suggest a possible breakthrough in negotiations.",-96,2026-05-02 02:52:00,"p381","FALSE"
"c1014","User_424","news","Security measures are being tightened in the region.",40,2026-05-02 02:53:00,"p138","FALSE"
"c1015","User_170","news","Public opinion is deeply divided on the best path to peace.",48,2026-05-02 02:54:00,"p160","FALSE"
"c1016","User_366","israel","The role of international organizations is being questioned.",42,2026-05-02 02:55:00,"p285","FALSE"
"c1017","User_631","israel","New reports suggest a possible breakthrough in negotiations.",93,2026-05-02 02:56:00,"p191","FALSE"
"c1018","User_557","israel","Discourse on social media is highly polarized and full of misinformation.",92,2026-05-02 02:57:00,"p199","TRUE"
"c1019","User_303","palestine","Historical context is essential to understand the current escalation.",161,2026-05-02 02:58:00,"p196","FALSE"
"c1020","User_139","MiddleEastHistory","Diplomatic efforts are ongoing but progress is slow.",93,2026-05-02 02:59:00,"p176","FALSE"
"c1021","User_709","news","The conflict continues with heavy casualties on both sides.",85,2026-05-02 03:00:00,"p37","FALSE"
"c1022","User_501","news","Discourse on social media is highly polarized and full of misinformation.",271,2026-05-02 03:01:00,"p385","FALSE"
"c1023","User_749","politics","Historical context is essential to understand the current escalation.",147,2026-05-02 03:02:00,"p232","FALSE"
"c1024","User_308","MiddleEastHistory","Public opinion is deeply divided on the best path to peace.",146,2026-05-02 03:03:00,"p29","FALSE"
"c1025","User_474","news","Diplomatic efforts are ongoing but progress is slow.",197,2026-05-02 03:04:00,"p155","FALSE"
"c1026","User_546","palestine","Public opinion is deeply divided on the best path to peace.",129,2026-05-02 03:05:00,"p11","FALSE"
"c1027","User_733","israel","Protests are spreading globally in support of humanitarian aid.",-3,2026-05-02 03:06:00,"p206","FALSE"
"c1028","User_538","palestine","Discourse on social media is highly polarized and full of misinformation.",139,2026-05-02 03:07:00,"p275","FALSE"
"c1029","User_52","news","Civilians are paying the highest price in this long-standing conflict.",-62,2026-05-02 03:08:00,"p6","FALSE"
"c1030","User_725","worldnews","New reports suggest a possible breakthrough in negotiations.",290,2026-05-02 03:09:00,"p173","TRUE"
"c1031","User_521","worldnews","Economic impact of the war is being felt across the Middle East.",76,2026-05-02 03:10:00,"p271","TRUE"
"c1032","User_306","worldnews","International community calls for an immediate ceasefire.",-29,2026-05-02 03:11:00,"p268","FALSE"
"c1033","User_799","worldnews","The conflict continues with heavy casualties on both sides.",154,2026-05-02 03:12:00,"p6","FALSE"
"c1034","User_361","news","Economic impact of the war is being felt across the Middle East.",-33,2026-05-02 03:13:00,"p383","FALSE"
"c1035","User_169","israel","The role of international organizations is being questioned.",282,2026-05-02 03:14:00,"p249","TRUE"
"c1036","User_374","palestine","Civilians are paying the highest price in this long-standing conflict.",80,2026-05-02 03:15:00,"p299","FALSE"
"c1037","User_482","politics","Diplomatic efforts are ongoing but progress is slow.",-51,2026-05-02 03:16:00,"p224","FALSE"
"c1038","User_331","MiddleEastHistory","Public opinion is deeply divided on the best path to peace.",83,2026-05-02 03:17:00,"p115","FALSE"
"c1039","User_741","politics","Public opinion is deeply divided on the best path to peace.",131,2026-05-02 03:18:00,"p300","FALSE"
"c1040","User_321","news","Public opinion is deeply divided on the best path to peace.",33,2026-05-02 03:19:00,"p393","FALSE"
"c1041","User_19","news","New reports suggest a possible breakthrough in negotiations.",-86,2026-05-02 03:20:00,"p103","FALSE"
"c1042","User_600","palestine","The role of international organizations is being questioned.",-18,2026-05-02 03:21:00,"p92","FALSE"
"c1043","User_449","politics","Historical context is essential to understand the current escalation.",-202,2026-05-02 03:22:00,"p113","FALSE"
"c1044","User_235","palestine","Economic impact of the war is being felt across the Middle East.",39,2026-05-02 03:23:00,"p223","FALSE"
"c1045","User_97","palestine","The role of international organizations is being questioned.",-265,2026-05-02 03:24:00,"p41","FALSE"
"c1046","User_585","worldnews","Security measures are being tightened in the region.",226,2026-05-02 03:25:00,"p385","FALSE"
"c1047","User_292","palestine","Security measures are being tightened in the region.",-201,2026-05-02 03:26:00,"p255","FALSE"
"c1048","User_265","palestine","Economic impact of the war is being felt across the Middle East.",-85,2026-05-02 03:27:00,"p295","FALSE"
"c1049","User_745","palestine","Economic impact of the war is being felt across the Middle East.",-77,2026-05-02 03:28:00,"p220","FALSE"
"c1050","User_110","israel","International community calls for an immediate ceasefire.",-83,2026-05-02 03:29:00,"p214","FALSE"
"c1051","User_235","worldnews","International community calls for an immediate ceasefire.",473,2026-05-02 03:30:00,"p393","FALSE"
"c1052","User_304","worldnews","Protests are spreading globally in support of humanitarian aid.",9,2026-05-02 03:31:00,"p10","FALSE"
"c1053","User_466","palestine","Civilians are paying the highest price in this long-standing conflict.",187,2026-05-02 03:32:00,"p120","TRUE"
"c1054","User_673","israel","Diplomatic efforts are ongoing but progress is slow.",49,2026-05-02 03:33:00,"p244","FALSE"
"c1055","User_233","palestine","Historical context is essential to understand the current escalation.",-153,2026-05-02 03:34:00,"p352","FALSE"
"c1056","User_54","worldnews","Civilians are paying the highest price in this long-standing conflict.",134,2026-05-02 03:35:00,"p242","FALSE"
"c1057","User_171","palestine","The conflict continues with heavy casualties on both sides.",-56,2026-05-02 03:36:00,"p170","FALSE"
"c1058","User_377","palestine","The conflict continues with heavy casualties on both sides.",-107,2026-05-02 03:37:00,"p6","FALSE"
"c1059","User_480","palestine","Diplomatic efforts are ongoing but progress is slow.",-185,2026-05-02 03:38:00,"p232","TRUE"
"c1060","User_84","palestine","The role of international organizations is being questioned.",84,2026-05-02 03:39:00,"p11","FALSE"
"c1061","User_93","israel","Public opinion is deeply divided on the best path to peace.",12,2026-05-02 03:40:00,"p17","FALSE"
"c1062","User_540","politics","Public opinion is deeply divided on the best path to peace.",-98,2026-05-02 03:41:00,"p308","FALSE"
"c1063","User_542","worldnews","International community calls for an immediate ceasefire.",10,2026-05-02 03:42:00,"p317","FALSE"
"c1064","User_303","palestine","New reports suggest a possible breakthrough in negotiations.",266,2026-05-02 03:43:00,"p140","TRUE"
"c1065","User_194","news","New reports suggest a possible breakthrough in negotiations.",149,2026-05-02 03:44:00,"p336","FALSE"
"c1066","User_67","worldnews","Protests are spreading globally in support of humanitarian aid.",221,2026-05-02 03:45:00,"p44","FALSE"
"c1067","User_441","israel","Economic impact of the war is being felt across the Middle East.",235,2026-05-02 03:46:00,"p172","FALSE"
"c1068","User_79","worldnews","The role of international organizations is being questioned.",-212,2026-05-02 03:47:00,"p68","FALSE"
"c1069","User_267","israel","New reports suggest a possible breakthrough in negotiations.",4,2026-05-02 03:48:00,"p16","TRUE"
"c1070","User_89","MiddleEastHistory","Security measures are being tightened in the region.",-95,2026-05-02 03:49:00,"p395","FALSE"
"c1071","User_169","israel","Protests are spreading globally in support of humanitarian aid.",196,2026-05-02 03:50:00,"p209","FALSE"
"c1072","User_144","politics","New reports suggest a possible breakthrough in negotiations.",-109,2026-05-02 03:51:00,"p391","FALSE"
"c1073","User_233","worldnews","Economic impact of the war is being felt across the Middle East.",104,2026-05-02 03:52:00,"p330","FALSE"
"c1074","User_541","palestine","Diplomatic efforts are ongoing but progress is slow.",-26,2026-05-02 03:53:00,"p379","TRUE"
"c1075","User_235","palestine","Civilians are paying the highest price in this long-standing conflict.",176,2026-05-02 03:54:00,"p192","FALSE"
"c1076","User_614","worldnews","Public opinion is deeply divided on the best path to peace.",-38,2026-05-02 03:55:00,"p137","TRUE"
"c1077","User_346","MiddleEastHistory","Economic impact of the war is being felt across the Middle East.",-55,2026-05-02 03:56:00,"p338","FALSE"
"c1078","User_44","worldnews","The role of international organizations is being questioned.",204,2026-05-02 03:57:00,"p180","FALSE"
"c1079","User_129","politics","Security measures are being tightened in the region.",47,2026-05-02 03:58:00,"p129","FALSE"
"c1080","User_622","worldnews","Historical context is essential to understand the current escalation.",-64,2026-05-02 03:59:00,"p378","FALSE"
"c1081","User_84","israel","Historical context is essential to understand the current escalation.",166,2026-05-02 04:00:00,"p392","FALSE"
"c1082","User_116","palestine","Economic impact of the war is being felt across the Middle East.",-31,2026-05-02 04:01:00,"p268","TRUE"
"c1083","User_468","palestine","New reports suggest a possible breakthrough in negotiations.",125,2026-05-02 04:02:00,"p351","FALSE"
"c1084","User_110","news","Discourse on social media is highly polarized and full of misinformation.",-5,2026-05-02 04:03:00,"p319","FALSE"
"c1085","User_265","worldnews","New reports suggest a possible breakthrough in negotiations.",126,2026-05-02 04:04:00,"p32","FALSE"
"c1086","User_320","news","The conflict continues with heavy casualties on both sides.",42,2026-05-02 04:05:00,"p42","FALSE"
"c1087","User_453","israel","Public opinion is deeply divided on the best path to peace.",198,2026-05-02 04:06:00,"p130","FALSE"
"c1088","User_326","palestine","Protests are spreading globally in support of humanitarian aid.",-1,2026-05-02 04:07:00,"p114","TRUE"
"c1089","User_415","israel","The role of international organizations is being questioned.",90,2026-05-02 04:08:00,"p264","FALSE"
"c1090","User_661","worldnews","Civilians are paying the highest price in this long-standing conflict.",-89,2026-05-02 04:09:00,"p295","TRUE"
"c1091","User_434","news","Economic impact of the war is being felt across the Middle East.",242,2026-05-02 04:10:00,"p305","FALSE"
"c1092","User_307","MiddleEastHistory","Public opinion is deeply divided on the best path to peace.",-106,2026-05-02 04:11:00,"p22","FALSE"
"c1093","User_160","MiddleEastHistory","The role of international organizations is being questioned.",263,2026-05-02 04:12:00,"p262","FALSE"
"c1094","User_406","israel","Economic impact of the war is being felt across the Middle East.",-110,2026-05-02 04:13:00,"p213","FALSE"
"c1095","User_233","israel","Historical context is essential to understand the current escalation.",3,2026-05-02 04:14:00,"p16","FALSE"
"c1096","User_81","worldnews","Discourse on social media is highly polarized and full of misinformation.",-104,2026-05-02 04:15:00,"p293","FALSE"
"c1097","User_557","worldnews","The conflict continues with heavy casualties on both sides.",226,2026-05-02 04:16:00,"p136","FALSE"
"c1098","User_269","worldnews","Economic impact of the war is being felt across the Middle East.",86,2026-05-02 04:17:00,"p324","FALSE"
"c1099","User_721","MiddleEastHistory","The role of international organizations is being questioned.",-245,2026-05-02 04:18:00,"p203","TRUE"
"c1100","User_701","worldnews","Historical context is essential to understand the current escalation.",198,2026-05-02 04:19:00,"p297","FALSE"
"c1101","User_717","palestine","New reports suggest a possible breakthrough in negotiations.",-187,2026-05-02 04:20:00,"p36","FALSE"
"c1102","User_96","israel","The role of international organizations is being questioned.",-146,2026-05-02 04:21:00,"p97","FALSE"
"c1103","User_632","worldnews","Civilians are paying the highest price in this long-standing conflict.",346,2026-05-02 04:22:00,"p103","FALSE"
"c1104","User_232","news","The role of international organizations is being questioned.",24,2026-05-02 04:23:00,"p15","TRUE"
"c1105","User_82","israel","Protests are spreading globally in support of humanitarian aid.",-33,2026-05-02 04:24:00,"p29","FALSE"
"c1106","User_238","politics","Historical context is essential to understand the current escalation.",137,2026-05-02 04:25:00,"p203","FALSE"
"c1107","User_561","MiddleEastHistory","Economic impact of the war is being felt across the Middle East.",-390,2026-05-02 04:26:00,"p95","FALSE"
"c1108","User_355","israel","Public opinion is deeply divided on the best path to peace.",137,2026-05-02 04:27:00,"p375","FALSE"
"c1109","User_58","worldnews","Civilians are paying the highest price in this long-standing conflict.",-42,2026-05-02 04:28:00,"p347","FALSE"
"c1110","User_164","news","New reports suggest a possible breakthrough in negotiations.",53,2026-05-02 04:29:00,"p94","FALSE"
"c1111","User_376","worldnews","Diplomatic efforts are ongoing but progress is slow.",130,2026-05-02 04:30:00,"p202","FALSE"
"c1112","User_420","news","Security measures are being tightened in the region.",127,2026-05-02 04:31:00,"p399","FALSE"
"c1113","User_800","israel","Diplomatic efforts are ongoing but progress is slow.",-172,2026-05-02 04:32:00,"p87","TRUE"
"c1114","User_138","israel","Historical context is essential to understand the current escalation.",245,2026-05-02 04:33:00,"p34","TRUE"
"c1115","User_430","worldnews","New reports suggest a possible breakthrough in negotiations.",22,2026-05-02 04:34:00,"p48","FALSE"
"c1116","User_231","israel","Discourse on social media is highly polarized and full of misinformation.",201,2026-05-02 04:35:00,"p160","FALSE"
"c1117","User_440","news","Security measures are being tightened in the region.",268,2026-05-02 04:36:00,"p283","FALSE"
"c1118","User_644","MiddleEastHistory","Civilians are paying the highest price in this long-standing conflict.",34,2026-05-02 04:37:00,"p217","FALSE"
"c1119","User_466","politics","Protests are spreading globally in support of humanitarian aid.",48,2026-05-02 04:38:00,"p71","FALSE"
"c1120","User_473","news","New reports suggest a possible breakthrough in negotiations.",101,2026-05-02 04:39:00,"p111","FALSE"
"c1121","User_197","israel","Security measures are being tightened in the region.",149,2026-05-02 04:40:00,"p256","FALSE"
"c1122","User_538","worldnews","Protests are spreading globally in support of humanitarian aid.",122,2026-05-02 04:41:00,"p210","FALSE"
"c1123","User_781","worldnews","International community calls for an immediate ceasefire.",151,2026-05-02 04:42:00,"p239","FALSE"
"c1124","User_746","worldnews","New reports suggest a possible breakthrough in negotiations.",-19,2026-05-02 04:43:00,"p118","TRUE"
"c1125","User_451","palestine","Civilians are paying the highest price in this long-standing conflict.",34,2026-05-02 04:44:00,"p150","FALSE"
"c1126","User_709","israel","Discourse on social media is highly polarized and full of misinformation.",183,2026-05-02 04:45:00,"p149","FALSE"
"c1127","User_174","israel","Public opinion is deeply divided on the best path to peace.",143,2026-05-02 04:46:00,"p202","FALSE"
"c1128","User_734","news","New reports suggest a possible breakthrough in negotiations.",-163,2026-05-02 04:47:00,"p38","TRUE"
"c1129","User_211","news","International community calls for an immediate ceasefire.",218,2026-05-02 04:48:00,"p183","FALSE"
"c1130","User_787","news","Civilians are paying the highest price in this long-standing conflict.",121,2026-05-02 04:49:00,"p120","FALSE"
"c1131","User_2","news","The conflict continues with heavy casualties on both sides.",-3,2026-05-02 04:50:00,"p13","FALSE"
"c1132","User_336","palestine","International community calls for an immediate ceasefire.",86,2026-05-02 04:51:00,"p11","FALSE"
"c1133","User_582","palestine","New reports suggest a possible breakthrough in negotiations.",39,2026-05-02 04:52:00,"p372","FALSE"
"c1134","User_592","worldnews","The role of international organizations is being questioned.",10,2026-05-02 04:53:00,"p287","FALSE"
"c1135","User_788","israel","The role of international organizations is being questioned.",-43,2026-05-02 04:54:00,"p16","FALSE"
"c1136","User_224","israel","Economic impact of the war is being felt across the Middle East.",9,2026-05-02 04:55:00,"p315","FALSE"
"c1137","User_723","MiddleEastHistory","New reports suggest a possible breakthrough in negotiations.",-4,2026-05-02 04:56:00,"p279","FALSE"
"c1138","User_486","palestine","Historical context is essential to understand the current escalation.",-35,2026-05-02 04:57:00,"p348","FALSE"
"c1139","User_264","worldnews","Historical context is essential to understand the current escalation.",138,2026-05-02 04:58:00,"p243","FALSE"
"c1140","User_252","palestine","The conflict continues with heavy casualties on both sides.",-39,2026-05-02 04:59:00,"p296","FALSE"
"c1141","User_429","news","Public opinion is deeply divided on the best path to peace.",380,2026-05-02 05:00:00,"p262","TRUE"
"c1142","User_727","worldnews","Public opinion is deeply divided on the best path to peace.",-62,2026-05-02 05:01:00,"p42","FALSE"
"c1143","User_186","worldnews","Protests are spreading globally in support of humanitarian aid.",68,2026-05-02 05:02:00,"p269","TRUE"
"c1144","User_131","palestine","New reports suggest a possible breakthrough in negotiations.",30,2026-05-02 05:03:00,"p292","FALSE"
"c1145","User_490","MiddleEastHistory","Economic impact of the war is being felt across the Middle East.",180,2026-05-02 05:04:00,"p148","FALSE"
"c1146","User_131","palestine","Protests are spreading globally in support of humanitarian aid.",-234,2026-05-02 05:05:00,"p147","FALSE"
"c1147","User_14","worldnews","Protests are spreading globally in support of humanitarian aid.",150,2026-05-02 05:06:00,"p284","TRUE"
"c1148","User_518","israel","Economic impact of the war is being felt across the Middle East.",-14,2026-05-02 05:07:00,"p398","FALSE"
"c1149","User_242","palestine","Civilians are paying the highest price in this long-standing conflict.",-80,2026-05-02 05:08:00,"p7","FALSE"
"c1150","User_383","palestine","Diplomatic efforts are ongoing but progress is slow.",141,2026-05-02 05:09:00,"p284","TRUE"
"c1151","User_713","palestine","Discourse on social media is highly polarized and full of misinformation.",124,2026-05-02 05:10:00,"p66","FALSE"
"c1152","User_742","worldnews","New reports suggest a possible breakthrough in negotiations.",174,2026-05-02 05:11:00,"p343","FALSE"
"c1153","User_557","news","Public opinion is deeply divided on the best path to peace.",-5,2026-05-02 05:12:00,"p147","FALSE"
"c1154","User_155","israel","Protests are spreading globally in support of humanitarian aid.",-69,2026-05-02 05:13:00,"p206","FALSE"
"c1155","User_738","news","Protests are spreading globally in support of humanitarian aid.",125,2026-05-02 05:14:00,"p285","FALSE"
"c1156","User_303","news","Discourse on social media is highly polarized and full of misinformation.",-83,2026-05-02 05:15:00,"p86","FALSE"
"c1157","User_798","MiddleEastHistory","Historical context is essential to understand the current escalation.",183,2026-05-02 05:16:00,"p328","TRUE"
"c1158","User_374","politics","Historical context is essential to understand the current escalation.",56,2026-05-02 05:17:00,"p110","FALSE"
"c1159","User_151","israel","Economic impact of the war is being felt across the Middle East.",-116,2026-05-02 05:18:00,"p252","TRUE"
"c1160","User_631","israel","The conflict continues with heavy casualties on both sides.",19,2026-05-02 05:19:00,"p273","FALSE"
"c1161","User_291","palestine","New reports suggest a possible breakthrough in negotiations.",164,2026-05-02 05:20:00,"p254","FALSE"
"c1162","User_237","MiddleEastHistory","Security measures are being tightened in the region.",111,2026-05-02 05:21:00,"p322","FALSE"
"c1163","User_715","israel","New reports suggest a possible breakthrough in negotiations.",-16,2026-05-02 05:22:00,"p141","TRUE"
"c1164","User_115","palestine","Historical context is essential to understand the current escalation.",60,2026-05-02 05:23:00,"p194","TRUE"
"c1165","User_122","israel","The conflict continues with heavy casualties on both sides.",83,2026-05-02 05:24:00,"p398","FALSE"
"c1166","User_304","palestine","Security measures are being tightened in the region.",-9,2026-05-02 05:25:00,"p161","FALSE"
"c1167","User_50","worldnews","Diplomatic efforts are ongoing but progress is slow.",74,2026-05-02 05:26:00,"p288","FALSE"
"c1168","User_579","news","Discourse on social media is highly polarized and full of misinformation.",217,2026-05-02 05:27:00,"p99","FALSE"
"c1169","User_426","worldnews","Security measures are being tightened in the region.",60,2026-05-02 05:28:00,"p75","FALSE"
"c1170","User_598","worldnews","The role of international organizations is being questioned.",100,2026-05-02 05:29:00,"p103","FALSE"
"c1171","User_186","worldnews","Security measures are being tightened in the region.",141,2026-05-02 05:30:00,"p145","FALSE"
"c1172","User_800","politics","Discourse on social media is highly polarized and full of misinformation.",-183,2026-05-02 05:31:00,"p291","FALSE"
"c1173","User_262","news","International community calls for an immediate ceasefire.",93,2026-05-02 05:32:00,"p136","FALSE"
"c1174","User_760","worldnews","New reports suggest a possible breakthrough in negotiations.",240,2026-05-02 05:33:00,"p18","FALSE"
"c1175","User_559","worldnews","Discourse on social media is highly polarized and full of misinformation.",175,2026-05-02 05:34:00,"p293","TRUE"
"c1176","User_406","worldnews","Diplomatic efforts are ongoing but progress is slow.",42,2026-05-02 05:35:00,"p106","TRUE"
"c1177","User_605","israel","Public opinion is deeply divided on the best path to peace.",-87,2026-05-02 05:36:00,"p129","FALSE"
"c1178","User_45","worldnews","New reports suggest a possible breakthrough in negotiations.",39,2026-05-02 05:37:00,"p168","TRUE"
"c1179","User_247","israel","The role of international organizations is being questioned.",-86,2026-05-02 05:38:00,"p23","FALSE"
"c1180","User_11","israel","New reports suggest a possible breakthrough in negotiations.",48,2026-05-02 05:39:00,"p168","FALSE"
"c1181","User_439","worldnews","Economic impact of the war is being felt across the Middle East.",10,2026-05-02 05:40:00,"p267","TRUE"
"c1182","User_576","worldnews","The role of international organizations is being questioned.",-13,2026-05-02 05:41:00,"p367","FALSE"
"c1183","User_214","politics","Security measures are being tightened in the region.",135,2026-05-02 05:42:00,"p136","FALSE"
"c1184","User_164","MiddleEastHistory","The role of international organizations is being questioned.",-6,2026-05-02 05:43:00,"p335","TRUE"
"c1185","User_538","palestine","New reports suggest a possible breakthrough in negotiations.",193,2026-05-02 05:44:00,"p351","FALSE"
"c1186","User_683","MiddleEastHistory","The conflict continues with heavy casualties on both sides.",-36,2026-05-02 05:45:00,"p31","FALSE"
"c1187","User_598","israel","Civilians are paying the highest price in this long-standing conflict.",11,2026-05-02 05:46:00,"p187","FALSE"
"c1188","User_399","worldnews","Security measures are being tightened in the region.",111,2026-05-02 05:47:00,"p6","FALSE"
"c1189","User_181","worldnews","International community calls for an immediate ceasefire.",15,2026-05-02 05:48:00,"p285","FALSE"
"c1190","User_493","israel","New reports suggest a possible breakthrough in negotiations.",25,2026-05-02 05:49:00,"p163","FALSE"
"c1191","User_12","MiddleEastHistory","Civilians are paying the highest price in this long-standing conflict.",-45,2026-05-02 05:50:00,"p192","TRUE"
"c1192","User_310","worldnews","International community calls for an immediate ceasefire.",266,2026-05-02 05:51:00,"p392","FALSE"
"c1193","User_724","worldnews","Historical context is essential to understand the current escalation.",-10,2026-05-02 05:52:00,"p76","TRUE"
"c1194","User_450","worldnews","Discourse on social media is highly polarized and full of misinformation.",-157,2026-05-02 05:53:00,"p156","FALSE"
"c1195","User_748","palestine","Security measures are being tightened in the region.",100,2026-05-02 05:54:00,"p115","FALSE"
"c1196","User_72","news","Discourse on social media is highly polarized and full of misinformation.",21,2026-05-02 05:55:00,"p66","FALSE"
"c1197","User_664","israel","The conflict continues with heavy casualties on both sides.",-1,2026-05-02 05:56:00,"p60","FALSE"
"c1198","User_524","palestine","Historical context is essential to understand the current escalation.",174,2026-05-02 05:57:00,"p70","FALSE"
"c1199","User_446","news","The role of international organizations is being questioned.",122,2026-05-02 05:58:00,"p303","TRUE"
"c1200","User_613","israel","Security measures are being tightened in the region.",-200,2026-05-02 05:59:00,"p42","FALSE"
"c1201","User_760","worldnews","Discourse on social media is highly polarized and full of misinformation.",88,2026-05-02 06:00:00,"p318","FALSE"
"c1202","User_287","worldnews","Economic impact of the war is being felt across the Middle East.",226,2026-05-02 06:01:00,"p305","FALSE"
"c1203","User_214","MiddleEastHistory","Historical context is essential to understand the current escalation.",289,2026-05-02 06:02:00,"p113","FALSE"
"c1204","User_108","worldnews","Civilians are paying the highest price in this long-standing conflict.",-211,2026-05-02 06:03:00,"p382","FALSE"
"c1205","User_139","MiddleEastHistory","Protests are spreading globally in support of humanitarian aid.",-205,2026-05-02 06:04:00,"p295","FALSE"
"c1206","User_757","worldnews","Diplomatic efforts are ongoing but progress is slow.",22,2026-05-02 06:05:00,"p155","FALSE"
"c1207","User_54","israel","The conflict continues with heavy casualties on both sides.",-27,2026-05-02 06:06:00,"p224","FALSE"
"c1208","User_286","politics","Protests are spreading globally in support of humanitarian aid.",314,2026-05-02 06:07:00,"p146","TRUE"
"c1209","User_495","news","Protests are spreading globally in support of humanitarian aid.",-63,2026-05-02 06:08:00,"p134","FALSE"
"c1210","User_578","palestine","Security measures are being tightened in the region.",-153,2026-05-02 06:09:00,"p298","FALSE"
"c1211","User_170","israel","Historical context is essential to understand the current escalation.",-23,2026-05-02 06:10:00,"p141","FALSE"
"c1212","User_71","news","The role of international organizations is being questioned.",-48,2026-05-02 06:11:00,"p187","FALSE"
"c1213","User_683","worldnews","Protests are spreading globally in support of humanitarian aid.",175,2026-05-02 06:12:00,"p281","FALSE"
"c1214","User_258","israel","Public opinion is deeply divided on the best path to peace.",315,2026-05-02 06:13:00,"p158","FALSE"
"c1215","User_97","worldnews","New reports suggest a possible breakthrough in negotiations.",24,2026-05-02 06:14:00,"p371","TRUE"
"c1216","User_684","palestine","The role of international organizations is being questioned.",112,2026-05-02 06:15:00,"p178","FALSE"
"c1217","User_439","MiddleEastHistory","Civilians are paying the highest price in this long-standing conflict.",86,2026-05-02 06:16:00,"p125","TRUE"
"c1218","User_470","worldnews","New reports suggest a possible breakthrough in negotiations.",-29,2026-05-02 06:17:00,"p191","FALSE"
"c1219","User_196","worldnews","The role of international organizations is being questioned.",336,2026-05-02 06:18:00,"p325","FALSE"
"c1220","User_209","israel","Security measures are being tightened in the region.",-1,2026-05-02 06:19:00,"p397","FALSE"
"c1221","User_753","worldnews","Economic impact of the war is being felt across the Middle East.",-236,2026-05-02 06:20:00,"p22","FALSE"
"c1222","User_617","politics","Protests are spreading globally in support of humanitarian aid.",182,2026-05-02 06:21:00,"p288","FALSE"
"c1223","User_74","MiddleEastHistory","Discourse on social media is highly polarized and full of misinformation.",122,2026-05-02 06:22:00,"p378","FALSE"
"c1224","User_308","MiddleEastHistory","New reports suggest a possible breakthrough in negotiations.",-271,2026-05-02 06:23:00,"p40","FALSE"
"c1225","User_482","israel","Diplomatic efforts are ongoing but progress is slow.",130,2026-05-02 06:24:00,"p185","FALSE"
"c1226","User_435","news","Security measures are being tightened in the region.",-132,2026-05-02 06:25:00,"p163","FALSE"
"c1227","User_707","worldnews","Security measures are being tightened in the region.",54,2026-05-02 06:26:00,"p23","FALSE"
"c1228","User_76","israel","Public opinion is deeply divided on the best path to peace.",231,2026-05-02 06:27:00,"p372","FALSE"
"c1229","User_427","palestine","Diplomatic efforts are ongoing but progress is slow.",195,2026-05-02 06:28:00,"p303","FALSE"
"c1230","User_523","worldnews","Civilians are paying the highest price in this long-standing conflict.",13,2026-05-02 06:29:00,"p92","FALSE"
"c1231","User_95","worldnews","Diplomatic efforts are ongoing but progress is slow.",-75,2026-05-02 06:30:00,"p44","FALSE"
"c1232","User_190","israel","Discourse on social media is highly polarized and full of misinformation.",109,2026-05-02 06:31:00,"p355","FALSE"
"c1233","User_433","worldnews","Protests are spreading globally in support of humanitarian aid.",366,2026-05-02 06:32:00,"p138","FALSE"
"c1234","User_794","MiddleEastHistory","International community calls for an immediate ceasefire.",-41,2026-05-02 06:33:00,"p192","FALSE"
"c1235","User_195","politics","Protests are spreading globally in support of humanitarian aid.",113,2026-05-02 06:34:00,"p8","FALSE"
"c1236","User_11","politics","Economic impact of the war is being felt across the Middle East.",110,2026-05-02 06:35:00,"p287","FALSE"
"c1237","User_643","palestine","Historical context is essential to understand the current escalation.",227,2026-05-02 06:36:00,"p91","FALSE"
"c1238","User_142","palestine","Protests are spreading globally in support of humanitarian aid.",163,2026-05-02 06:37:00,"p20","FALSE"
"c1239","User_368","palestine","Security measures are being tightened in the region.",-337,2026-05-02 06:38:00,"p14","FALSE"
"c1240","User_289","MiddleEastHistory","Historical context is essential to understand the current escalation.",-13,2026-05-02 06:39:00,"p296","FALSE"
"c1241","User_520","worldnews","The conflict continues with heavy casualties on both sides.",-172,2026-05-02 06:40:00,"p38","TRUE"
"c1242","User_18","palestine","Historical context is essential to understand the current escalation.",-87,2026-05-02 06:41:00,"p323","FALSE"
"c1243","User_25","worldnews","International community calls for an immediate ceasefire.",-155,2026-05-02 06:42:00,"p129","FALSE"
"c1244","User_538","news","The conflict continues with heavy casualties on both sides.",207,2026-05-02 06:43:00,"p152","FALSE"
"c1245","User_238","news","Discourse on social media is highly polarized and full of misinformation.",110,2026-05-02 06:44:00,"p216","TRUE"
"c1246","User_526","worldnews","Protests are spreading globally in support of humanitarian aid.",151,2026-05-02 06:45:00,"p278","TRUE"
"c1247","User_115","israel","Discourse on social media is highly polarized and full of misinformation.",167,2026-05-02 06:46:00,"p52","TRUE"
"c1248","User_654","israel","Public opinion is deeply divided on the best path to peace.",47,2026-05-02 06:47:00,"p378","FALSE"
"c1249","User_641","worldnews","Discourse on social media is highly polarized and full of misinformation.",-96,2026-05-02 06:48:00,"p151","FALSE"
"c1250","User_627","palestine","Historical context is essential to understand the current escalation.",21,2026-05-02 06:49:00,"p294","TRUE"
"c1251","User_624","palestine","Public opinion is deeply divided on the best path to peace.",113,2026-05-02 06:50:00,"p298","FALSE"
"c1252","User_486","politics","Security measures are being tightened in the region.",267,2026-05-02 06:51:00,"p163","FALSE"
"c1253","User_713","israel","International community calls for an immediate ceasefire.",60,2026-05-02 06:52:00,"p370","FALSE"
"c1254","User_399","news","Economic impact of the war is being felt across the Middle East.",-130,2026-05-02 06:53:00,"p170","FALSE"
"c1255","User_94","MiddleEastHistory","Public opinion is deeply divided on the best path to peace.",-166,2026-05-02 06:54:00,"p34","FALSE"
"c1256","User_182","israel","Civilians are paying the highest price in this long-standing conflict.",-65,2026-05-02 06:55:00,"p112","FALSE"
"c1257","User_163","worldnews","Economic impact of the war is being felt across the Middle East.",7,2026-05-02 06:56:00,"p2","FALSE"
"c1258","User_625","palestine","Civilians are paying the highest price in this long-standing conflict.",-142,2026-05-02 06:57:00,"p9","FALSE"
"c1259","User_367","palestine","The conflict continues with heavy casualties on both sides.",77,2026-05-02 06:58:00,"p341","TRUE"
"c1260","User_784","MiddleEastHistory","Public opinion is deeply divided on the best path to peace.",-242,2026-05-02 06:59:00,"p172","TRUE"
"c1261","User_127","MiddleEastHistory","The conflict continues with heavy casualties on both sides.",-84,2026-05-02 07:00:00,"p212","FALSE"
"c1262","User_677","worldnews","The role of international organizations is being questioned.",-151,2026-05-02 07:01:00,"p1","FALSE"
"c1263","User_313","worldnews","International community calls for an immediate ceasefire.",-42,2026-05-02 07:02:00,"p209","FALSE"
"c1264","User_670","worldnews","International community calls for an immediate ceasefire.",-163,2026-05-02 07:03:00,"p234","FALSE"
"c1265","User_22","worldnews","Public opinion is deeply divided on the best path to peace.",-66,2026-05-02 07:04:00,"p389","FALSE"
"c1266","User_609","worldnews","Public opinion is deeply divided on the best path to peace.",226,2026-05-02 07:05:00,"p155","FALSE"
"c1267","User_81","worldnews","Economic impact of the war is being felt across the Middle East.",73,2026-05-02 07:06:00,"p129","FALSE"
"c1268","User_576","politics","The role of international organizations is being questioned.",68,2026-05-02 07:07:00,"p156","FALSE"
"c1269","User_63","israel","Economic impact of the war is being felt across the Middle East.",241,2026-05-02 07:08:00,"p88","FALSE"
"c1270","User_366","israel","The role of international organizations is being questioned.",-10,2026-05-02 07:09:00,"p26","FALSE"
"c1271","User_621","worldnews","New reports suggest a possible breakthrough in negotiations.",202,2026-05-02 07:10:00,"p92","FALSE"
"c1272","User_398","israel","Public opinion is deeply divided on the best path to peace.",271,2026-05-02 07:11:00,"p29","FALSE"
"c1273","User_631","worldnews","Diplomatic efforts are ongoing but progress is slow.",29,2026-05-02 07:12:00,"p210","FALSE"
"c1274","User_136","worldnews","The role of international organizations is being questioned.",34,2026-05-02 07:13:00,"p128","FALSE"
"c1275","User_435","worldnews","Economic impact of the war is being felt across the Middle East.",-74,2026-05-02 07:14:00,"p125","FALSE"
"c1276","User_54","politics","Security measures are being tightened in the region.",-2,2026-05-02 07:15:00,"p342","FALSE"
"c1277","User_574","worldnews","Discourse on social media is highly polarized and full of misinformation.",97,2026-05-02 07:16:00,"p178","TRUE"
"c1278","User_753","israel","Security measures are being tightened in the region.",72,2026-05-02 07:17:00,"p241","FALSE"
"c1279","User_199","worldnews","Civilians are paying the highest price in this long-standing conflict.",22,2026-05-02 07:18:00,"p39","FALSE"
"c1280","User_307","worldnews","New reports suggest a possible breakthrough in negotiations.",70,2026-05-02 07:19:00,"p330","FALSE"
"c1281","User_706","israel","International community calls for an immediate ceasefire.",109,2026-05-02 07:20:00,"p347","TRUE"
"c1282","User_128","news","New reports suggest a possible breakthrough in negotiations.",-108,2026-05-02 07:21:00,"p246","FALSE"
"c1283","User_259","MiddleEastHistory","The conflict continues with heavy casualties on both sides.",43,2026-05-02 07:22:00,"p301","FALSE"
"c1284","User_561","palestine","Diplomatic efforts are ongoing but progress is slow.",229,2026-05-02 07:23:00,"p337","FALSE"
"c1285","User_469","politics","Civilians are paying the highest price in this long-standing conflict.",-177,2026-05-02 07:24:00,"p163","FALSE"
"c1286","User_729","israel","Diplomatic efforts are ongoing but progress is slow.",9,2026-05-02 07:25:00,"p167","FALSE"
"c1287","User_225","worldnews","Economic impact of the war is being felt across the Middle East.",-83,2026-05-02 07:26:00,"p85","FALSE"
"c1288","User_219","worldnews","Public opinion is deeply divided on the best path to peace.",305,2026-05-02 07:27:00,"p273","FALSE"
"c1289","User_259","israel","New reports suggest a possible breakthrough in negotiations.",-55,2026-05-02 07:28:00,"p289","TRUE"
"c1290","User_402","news","Economic impact of the war is being felt across the Middle East.",119,2026-05-02 07:29:00,"p109","FALSE"
"c1291","User_609","palestine","International community calls for an immediate ceasefire.",-35,2026-05-02 07:30:00,"p277","FALSE"
"c1292","User_711","israel","Diplomatic efforts are ongoing but progress is slow.",-18,2026-05-02 07:31:00,"p125","FALSE"
"c1293","User_706","politics","Protests are spreading globally in support of humanitarian aid.",81,2026-05-02 07:32:00,"p305","FALSE"
"c1294","User_378","politics","Economic impact of the war is being felt across the Middle East.",-47,2026-05-02 07:33:00,"p99","FALSE"
"c1295","User_34","news","Security measures are being tightened in the region.",-64,2026-05-02 07:34:00,"p361","TRUE"
"c1296","User_296","israel","International community calls for an immediate ceasefire.",-108,2026-05-02 07:35:00,"p378","FALSE"
"c1297","User_345","palestine","The role of international organizations is being questioned.",79,2026-05-02 07:36:00,"p127","FALSE"
"c1298","User_256","worldnews","Civilians are paying the highest price in this long-standing conflict.",135,2026-05-02 07:37:00,"p51","FALSE"
"c1299","User_65","worldnews","Public opinion is deeply divided on the best path to peace.",-37,2026-05-02 07:38:00,"p80","FALSE"
"c1300","User_169","worldnews","The conflict continues with heavy casualties on both sides.",158,2026-05-02 07:39:00,"p311","FALSE"
"c1301","User_433","worldnews","Discourse on social media is highly polarized and full of misinformation.",-179,2026-05-02 07:40:00,"p330","TRUE"
"c1302","User_179","news","International community calls for an immediate ceasefire.",249,2026-05-02 07:41:00,"p134","FALSE"
"c1303","User_571","politics","Economic impact of the war is being felt across the Middle East.",-241,2026-05-02 07:42:00,"p313","FALSE"
"c1304","User_769","israel","Public opinion is deeply divided on the best path to peace.",-17,2026-05-02 07:43:00,"p140","FALSE"
"c1305","User_448","MiddleEastHistory","Discourse on social media is highly polarized and full of misinformation.",98,2026-05-02 07:44:00,"p207","FALSE"
"c1306","User_98","worldnews","Economic impact of the war is being felt across the Middle East.",395,2026-05-02 07:45:00,"p280","FALSE"
"c1307","User_365","worldnews","Economic impact of the war is being felt across the Middle East.",113,2026-05-02 07:46:00,"p35","FALSE"
"c1308","User_468","palestine","New reports suggest a possible breakthrough in negotiations.",-8,2026-05-02 07:47:00,"p180","FALSE"
"c1309","User_383","israel","The role of international organizations is being questioned.",75,2026-05-02 07:48:00,"p111","FALSE"
"c1310","User_60","palestine","Economic impact of the war is being felt across the Middle East.",-206,2026-05-02 07:49:00,"p288","TRUE"
"c1311","User_419","politics","Discourse on social media is highly polarized and full of misinformation.",253,2026-05-02 07:50:00,"p115","FALSE"
"c1312","User_346","worldnews","The role of international organizations is being questioned.",21,2026-05-02 07:51:00,"p352","FALSE"
"c1313","User_799","news","The conflict continues with heavy casualties on both sides.",-2,2026-05-02 07:52:00,"p239","FALSE"
"c1314","User_18","news","Economic impact of the war is being felt across the Middle East.",-96,2026-05-02 07:53:00,"p392","FALSE"
"c1315","User_672","worldnews","The role of international organizations is being questioned.",-163,2026-05-02 07:54:00,"p377","FALSE"
"c1316","User_207","news","Diplomatic efforts are ongoing but progress is slow.",-238,2026-05-02 07:55:00,"p171","FALSE"
"c1317","User_405","worldnews","Discourse on social media is highly polarized and full of misinformation.",-241,2026-05-02 07:56:00,"p133","FALSE"
"c1318","User_753","politics","Protests are spreading globally in support of humanitarian aid.",-125,2026-05-02 07:57:00,"p332","TRUE"
"c1319","User_593","israel","The role of international organizations is being questioned.",149,2026-05-02 07:58:00,"p48","FALSE"
"c1320","User_76","MiddleEastHistory","Protests are spreading globally in support of humanitarian aid.",111,2026-05-02 07:59:00,"p176","FALSE"
"c1321","User_769","israel","Diplomatic efforts are ongoing but progress is slow.",-46,2026-05-02 08:00:00,"p252","FALSE"
"c1322","User_68","worldnews","Security measures are being tightened in the region.",377,2026-05-02 08:01:00,"p126","FALSE"
"c1323","User_119","worldnews","International community calls for an immediate ceasefire.",257,2026-05-02 08:02:00,"p357","FALSE"
"c1324","User_2","israel","Historical context is essential to understand the current escalation.",0,2026-05-02 08:03:00,"p92","FALSE"
"c1325","User_167","palestine","Diplomatic efforts are ongoing but progress is slow.",-134,2026-05-02 08:04:00,"p31","FALSE"
"c1326","User_53","news","International community calls for an immediate ceasefire.",46,2026-05-02 08:05:00,"p383","FALSE"
"c1327","User_291","politics","Diplomatic efforts are ongoing but progress is slow.",-123,2026-05-02 08:06:00,"p21","FALSE"
"c1328","User_403","worldnews","Economic impact of the war is being felt across the Middle East.",-81,2026-05-02 08:07:00,"p290","TRUE"
"c1329","User_632","palestine","Protests are spreading globally in support of humanitarian aid.",277,2026-05-02 08:08:00,"p230","FALSE"
"c1330","User_304","palestine","Diplomatic efforts are ongoing but progress is slow.",75,2026-05-02 08:09:00,"p134","TRUE"
"c1331","User_770","palestine","The role of international organizations is being questioned.",201,2026-05-02 08:10:00,"p201","FALSE"
"c1332","User_198","worldnews","Economic impact of the war is being felt across the Middle East.",-101,2026-05-02 08:11:00,"p324","FALSE"
"c1333","User_82","politics","Discourse on social media is highly polarized and full of misinformation.",-10,2026-05-02 08:12:00,"p43","FALSE"
"c1334","User_98","politics","Discourse on social media is highly polarized and full of misinformation.",183,2026-05-02 08:13:00,"p261","FALSE"
"c1335","User_457","MiddleEastHistory","The role of international organizations is being questioned.",107,2026-05-02 08:14:00,"p344","FALSE"
"c1336","User_778","news","International community calls for an immediate ceasefire.",200,2026-05-02 08:15:00,"p70","FALSE"
"c1337","User_436","worldnews","Civilians are paying the highest price in this long-standing conflict.",-258,2026-05-02 08:16:00,"p311","FALSE"
"c1338","User_143","worldnews","The role of international organizations is being questioned.",-114,2026-05-02 08:17:00,"p77","FALSE"
"c1339","User_521","israel","Historical context is essential to understand the current escalation.",-109,2026-05-02 08:18:00,"p97","FALSE"
"c1340","User_26","palestine","Civilians are paying the highest price in this long-standing conflict.",68,2026-05-02 08:19:00,"p116","FALSE"
"c1341","User_613","politics","Diplomatic efforts are ongoing but progress is slow.",218,2026-05-02 08:20:00,"p226","TRUE"
"c1342","User_785","worldnews","New reports suggest a possible breakthrough in negotiations.",81,2026-05-02 08:21:00,"p60","FALSE"
"c1343","User_72","worldnews","Protests are spreading globally in support of humanitarian aid.",-11,2026-05-02 08:22:00,"p69","TRUE"
"c1344","User_651","worldnews","Diplomatic efforts are ongoing but progress is slow.",28,2026-05-02 08:23:00,"p30","FALSE"
"c1345","User_752","israel","The conflict continues with heavy casualties on both sides.",368,2026-05-02 08:24:00,"p231","TRUE"
"c1346","User_5","politics","Civilians are paying the highest price in this long-standing conflict.",129,2026-05-02 08:25:00,"p313","TRUE"
"c1347","User_231","palestine","Diplomatic efforts are ongoing but progress is slow.",37,2026-05-02 08:26:00,"p22","TRUE"
"c1348","User_206","politics","Historical context is essential to understand the current escalation.",67,2026-05-02 08:27:00,"p96","FALSE"
"c1349","User_68","news","The role of international organizations is being questioned.",119,2026-05-02 08:28:00,"p363","TRUE"
"c1350","User_479","worldnews","Economic impact of the war is being felt across the Middle East.",34,2026-05-02 08:29:00,"p62","FALSE"
"c1351","User_559","MiddleEastHistory","Protests are spreading globally in support of humanitarian aid.",237,2026-05-02 08:30:00,"p57","FALSE"
"c1352","User_300","israel","Discourse on social media is highly polarized and full of misinformation.",11,2026-05-02 08:31:00,"p18","FALSE"
"c1353","User_85","worldnews","The role of international organizations is being questioned.",120,2026-05-02 08:32:00,"p98","FALSE"
"c1354","User_219","worldnews","New reports suggest a possible breakthrough in negotiations.",251,2026-05-02 08:33:00,"p217","FALSE"
"c1355","User_203","politics","The role of international organizations is being questioned.",46,2026-05-02 08:34:00,"p76","FALSE"
"c1356","User_602","palestine","Discourse on social media is highly polarized and full of misinformation.",-7,2026-05-02 08:35:00,"p258","TRUE"
"c1357","User_602","MiddleEastHistory","Civilians are paying the highest price in this long-standing conflict.",127,2026-05-02 08:36:00,"p226","FALSE"
"c1358","User_598","worldnews","The role of international organizations is being questioned.",83,2026-05-02 08:37:00,"p43","FALSE"
"c1359","User_601","worldnews","Economic impact of the war is being felt across the Middle East.",26,2026-05-02 08:38:00,"p380","TRUE"
"c1360","User_465","worldnews","Economic impact of the war is being felt across the Middle East.",265,2026-05-02 08:39:00,"p395","TRUE"
"c1361","User_249","politics","Diplomatic efforts are ongoing but progress is slow.",124,2026-05-02 08:40:00,"p37","FALSE"
"c1362","User_73","palestine","Diplomatic efforts are ongoing but progress is slow.",75,2026-05-02 08:41:00,"p322","TRUE"
"c1363","User_197","worldnews","Security measures are being tightened in the region.",181,2026-05-02 08:42:00,"p56","FALSE"
"c1364","User_32","worldnews","Discourse on social media is highly polarized and full of misinformation.",60,2026-05-02 08:43:00,"p93","FALSE"
"c1365","User_551","worldnews","New reports suggest a possible breakthrough in negotiations.",132,2026-05-02 08:44:00,"p152","FALSE"
"c1366","User_432","worldnews","Protests are spreading globally in support of humanitarian aid.",-47,2026-05-02 08:45:00,"p214","FALSE"
"c1367","User_149","palestine","Diplomatic efforts are ongoing but progress is slow.",343,2026-05-02 08:46:00,"p185","FALSE"
"c1368","User_7","israel","Security measures are being tightened in the region.",-180,2026-05-02 08:47:00,"p225","FALSE"
"c1369","User_474","MiddleEastHistory","Security measures are being tightened in the region.",-17,2026-05-02 08:48:00,"p389","FALSE"
"c1370","User_35","MiddleEastHistory","The role of international organizations is being questioned.",-23,2026-05-02 08:49:00,"p163","FALSE"
"c1371","User_251","worldnews","Historical context is essential to understand the current escalation.",28,2026-05-02 08:50:00,"p204","FALSE"
"c1372","User_454","israel","The role of international organizations is being questioned.",-188,2026-05-02 08:51:00,"p107","TRUE"
"c1373","User_36","worldnews","The conflict continues with heavy casualties on both sides.",211,2026-05-02 08:52:00,"p189","FALSE"
"c1374","User_64","politics","Public opinion is deeply divided on the best path to peace.",44,2026-05-02 08:53:00,"p376","TRUE"
"c1375","User_200","news","Diplomatic efforts are ongoing but progress is slow.",83,2026-05-02 08:54:00,"p162","TRUE"
"c1376","User_164","israel","New reports suggest a possible breakthrough in negotiations.",-107,2026-05-02 08:55:00,"p272","FALSE"
"c1377","User_785","worldnews","The role of international organizations is being questioned.",119,2026-05-02 08:56:00,"p351","FALSE"
"c1378","User_437","palestine","Discourse on social media is highly polarized and full of misinformation.",130,2026-05-02 08:57:00,"p179","FALSE"
"c1379","User_42","MiddleEastHistory","Economic impact of the war is being felt across the Middle East.",-165,2026-05-02 08:58:00,"p293","FALSE"
"c1380","User_699","MiddleEastHistory","Diplomatic efforts are ongoing but progress is slow.",-27,2026-05-02 08:59:00,"p299","FALSE"
"c1381","User_639","palestine","International community calls for an immediate ceasefire.",162,2026-05-02 09:00:00,"p228","FALSE"
"c1382","User_591","politics","Protests are spreading globally in support of humanitarian aid.",-113,2026-05-02 09:01:00,"p230","FALSE"
"c1383","User_123","MiddleEastHistory","Economic impact of the war is being felt across the Middle East.",112,2026-05-02 09:02:00,"p2","FALSE"
"c1384","User_359","israel","The conflict continues with heavy casualties on both sides.",-12,2026-05-02 09:03:00,"p381","FALSE"
"c1385","User_588","news","The role of international organizations is being questioned.",30,2026-05-02 09:04:00,"p176","FALSE"
"c1386","User_511","worldnews","Discourse on social media is highly polarized and full of misinformation.",151,2026-05-02 09:05:00,"p171","FALSE"
"c1387","User_172","palestine","International community calls for an immediate ceasefire.",157,2026-05-02 09:06:00,"p266","FALSE"
"c1388","User_356","politics","The conflict continues with heavy casualties on both sides.",-218,2026-05-02 09:07:00,"p247","FALSE"
"c1389","User_781","palestine","The conflict continues with heavy casualties on both sides.",83,2026-05-02 09:08:00,"p183","TRUE"
"c1390","User_522","politics","Diplomatic efforts are ongoing but progress is slow.",94,2026-05-02 09:09:00,"p263","FALSE"
"c1391","User_725","palestine","The role of international organizations is being questioned.",97,2026-05-02 09:10:00,"p153","FALSE"
"c1392","User_568","palestine","New reports suggest a possible breakthrough in negotiations.",-67,2026-05-02 09:11:00,"p152","FALSE"
"c1393","User_326","palestine","International community calls for an immediate ceasefire.",25,2026-05-02 09:12:00,"p248","FALSE"
"c1394","User_789","worldnews","Diplomatic efforts are ongoing but progress is slow.",-99,2026-05-02 09:13:00,"p349","FALSE"
"c1395","User_127","palestine","Diplomatic efforts are ongoing but progress is slow.",172,2026-05-02 09:14:00,"p239","FALSE"
"c1396","User_550","palestine","Diplomatic efforts are ongoing but progress is slow.",-380,2026-05-02 09:15:00,"p306","FALSE"
"c1397","User_92","worldnews","International community calls for an immediate ceasefire.",344,2026-05-02 09:16:00,"p186","FALSE"
"c1398","User_556","MiddleEastHistory","Discourse on social media is highly polarized and full of misinformation.",-277,2026-05-02 09:17:00,"p189","FALSE"
"c1399","User_360","israel","Diplomatic efforts are ongoing but progress is slow.",11,2026-05-02 09:18:00,"p328","TRUE"
"c1400","User_331","worldnews","International community calls for an immediate ceasefire.",-109,2026-05-02 09:19:00,"p122","FALSE"
"c1401","User_604","worldnews","Economic impact of the war is being felt across the Middle East.",42,2026-05-02 09:20:00,"p278","FALSE"
"c1402","User_218","news","Protests are spreading globally in support of humanitarian aid.",-113,2026-05-02 09:21:00,"p140","TRUE"
"c1403","User_239","israel","The conflict continues with heavy casualties on both sides.",-9,2026-05-02 09:22:00,"p237","FALSE"
"c1404","User_256","palestine","New reports suggest a possible breakthrough in negotiations.",338,2026-05-02 09:23:00,"p41","FALSE"
"c1405","User_64","worldnews","Diplomatic efforts are ongoing but progress is slow.",43,2026-05-02 09:24:00,"p195","FALSE"
"c1406","User_233","israel","New reports suggest a possible breakthrough in negotiations.",73,2026-05-02 09:25:00,"p118","FALSE"
"c1407","User_505","MiddleEastHistory","Protests are spreading globally in support of humanitarian aid.",24,2026-05-02 09:26:00,"p182","FALSE"
"c1408","User_750","israel","Public opinion is deeply divided on the best path to peace.",111,2026-05-02 09:27:00,"p166","FALSE"
"c1409","User_100","news","Security measures are being tightened in the region.",-127,2026-05-02 09:28:00,"p280","FALSE"
"c1410","User_781","israel","Civilians are paying the highest price in this long-standing conflict.",-61,2026-05-02 09:29:00,"p251","FALSE"
"c1411","User_278","israel","Civilians are paying the highest price in this long-standing conflict.",-160,2026-05-02 09:30:00,"p399","TRUE"
"c1412","User_190","politics","Economic impact of the war is being felt across the Middle East.",77,2026-05-02 09:31:00,"p105","FALSE"
"c1413","User_312","worldnews","Historical context is essential to understand the current escalation.",-55,2026-05-02 09:32:00,"p223","TRUE"
"c1414","User_714","palestine","International community calls for an immediate ceasefire.",233,2026-05-02 09:33:00,"p36","FALSE"
"c1415","User_156","worldnews","Economic impact of the war is being felt across the Middle East.",-2,2026-05-02 09:34:00,"p123","FALSE"
"c1416","User_380","news","Civilians are paying the highest price in this long-standing conflict.",-9,2026-05-02 09:35:00,"p167","FALSE"
"c1417","User_66","israel","New reports suggest a possible breakthrough in negotiations.",-40,2026-05-02 09:36:00,"p236","FALSE"
"c1418","User_669","politics","Economic impact of the war is being felt across the Middle East.",155,2026-05-02 09:37:00,"p153","FALSE"
"c1419","User_465","worldnews","International community calls for an immediate ceasefire.",98,2026-05-02 09:38:00,"p115","FALSE"
"c1420","User_573","worldnews","International community calls for an immediate ceasefire.",24,2026-05-02 09:39:00,"p195","TRUE"
"c1421","User_499","worldnews","Public opinion is deeply divided on the best path to peace.",-91,2026-05-02 09:40:00,"p125","FALSE"
"c1422","User_588","worldnews","New reports suggest a possible breakthrough in negotiations.",-88,2026-05-02 09:41:00,"p11","FALSE"
"c1423","User_161","worldnews","Diplomatic efforts are ongoing but progress is slow.",129,2026-05-02 09:42:00,"p254","FALSE"
"c1424","User_609","news","Economic impact of the war is being felt across the Middle East.",148,2026-05-02 09:43:00,"p36","FALSE"
"c1425","User_759","politics","International community calls for an immediate ceasefire.",569,2026-05-02 09:44:00,"p59","FALSE"
"c1426","User_12","palestine","Diplomatic efforts are ongoing but progress is slow.",1,2026-05-02 09:45:00,"p165","TRUE"
"c1427","User_156","news","Public opinion is deeply divided on the best path to peace.",-142,2026-05-02 09:46:00,"p333","FALSE"
"c1428","User_423","news","New reports suggest a possible breakthrough in negotiations.",13,2026-05-02 09:47:00,"p391","FALSE"
"c1429","User_428","israel","Protests are spreading globally in support of humanitarian aid.",-58,2026-05-02 09:48:00,"p378","FALSE"
"c1430","User_514","palestine","International community calls for an immediate ceasefire.",-146,2026-05-02 09:49:00,"p179","TRUE"
"c1431","User_113","palestine","Public opinion is deeply divided on the best path to peace.",-20,2026-05-02 09:50:00,"p393","FALSE"
"c1432","User_425","worldnews","Security measures are being tightened in the region.",-92,2026-05-02 09:51:00,"p264","FALSE"
"c1433","User_243","israel","Protests are spreading globally in support of humanitarian aid.",-193,2026-05-02 09:52:00,"p106","FALSE"
"c1434","User_627","worldnews","Economic impact of the war is being felt across the Middle East.",334,2026-05-02 09:53:00,"p216","FALSE"
"c1435","User_713","worldnews","The role of international organizations is being questioned.",16,2026-05-02 09:54:00,"p233","FALSE"
"c1436","User_419","israel","Security measures are being tightened in the region.",-35,2026-05-02 09:55:00,"p256","FALSE"
"c1437","User_710","news","Civilians are paying the highest price in this long-standing conflict.",39,2026-05-02 09:56:00,"p296","FALSE"
"c1438","User_119","worldnews","Discourse on social media is highly polarized and full of misinformation.",79,2026-05-02 09:57:00,"p351","FALSE"
"c1439","User_574","politics","Discourse on social media is highly polarized and full of misinformation.",106,2026-05-02 09:58:00,"p282","FALSE"
"c1440","User_118","MiddleEastHistory","Public opinion is deeply divided on the best path to peace.",41,2026-05-02 09:59:00,"p214","FALSE"
"c1441","User_57","worldnews","The conflict continues with heavy casualties on both sides.",196,2026-05-02 10:00:00,"p168","FALSE"
"c1442","User_749","worldnews","Economic impact of the war is being felt across the Middle East.",-13,2026-05-02 10:01:00,"p151","FALSE"
"c1443","User_796","MiddleEastHistory","New reports suggest a possible breakthrough in negotiations.",128,2026-05-02 10:02:00,"p351","FALSE"
"c1444","User_101","MiddleEastHistory","Diplomatic efforts are ongoing but progress is slow.",-110,2026-05-02 10:03:00,"p91","FALSE"
"c1445","User_405","politics","Public opinion is deeply divided on the best path to peace.",-144,2026-05-02 10:04:00,"p185","FALSE"
"c1446","User_505","news","Public opinion is deeply divided on the best path to peace.",46,2026-05-02 10:05:00,"p22","FALSE"
"c1447","User_688","palestine","Discourse on social media is highly polarized and full of misinformation.",237,2026-05-02 10:06:00,"p204","FALSE"
"c1448","User_621","politics","Protests are spreading globally in support of humanitarian aid.",133,2026-05-02 10:07:00,"p321","FALSE"
"c1449","User_639","worldnews","Economic impact of the war is being felt across the Middle East.",225,2026-05-02 10:08:00,"p164","FALSE"
"c1450","User_649","israel","The conflict continues with heavy casualties on both sides.",-194,2026-05-02 10:09:00,"p114","FALSE"
"c1451","User_417","palestine","The role of international organizations is being questioned.",-86,2026-05-02 10:10:00,"p188","FALSE"
"c1452","User_265","worldnews","International community calls for an immediate ceasefire.",273,2026-05-02 10:11:00,"p316","FALSE"
"c1453","User_58","worldnews","The conflict continues with heavy casualties on both sides.",88,2026-05-02 10:12:00,"p122","FALSE"
"c1454","User_463","israel","Diplomatic efforts are ongoing but progress is slow.",85,2026-05-02 10:13:00,"p236","TRUE"
"c1455","User_600","israel","International community calls for an immediate ceasefire.",17,2026-05-02 10:14:00,"p18","FALSE"
"c1456","User_785","politics","International community calls for an immediate ceasefire.",23,2026-05-02 10:15:00,"p20","FALSE"
"c1457","User_329","worldnews","Security measures are being tightened in the region.",21,2026-05-02 10:16:00,"p215","FALSE"
"c1458","User_603","MiddleEastHistory","Protests are spreading globally in support of humanitarian aid.",116,2026-05-02 10:17:00,"p172","FALSE"
"c1459","User_642","worldnews","Discourse on social media is highly polarized and full of misinformation.",11,2026-05-02 10:18:00,"p291","FALSE"
"c1460","User_31","news","Protests are spreading globally in support of humanitarian aid.",85,2026-05-02 10:19:00,"p74","FALSE"
"c1461","User_187","worldnews","Protests are spreading globally in support of humanitarian aid.",39,2026-05-02 10:20:00,"p154","FALSE"
"c1462","User_288","news","The role of international organizations is being questioned.",328,2026-05-02 10:21:00,"p111","TRUE"
"c1463","User_304","worldnews","International community calls for an immediate ceasefire.",-216,2026-05-02 10:22:00,"p232","FALSE"
"c1464","User_46","MiddleEastHistory","The conflict continues with heavy casualties on both sides.",291,2026-05-02 10:23:00,"p165","FALSE"
"c1465","User_359","israel","Protests are spreading globally in support of humanitarian aid.",217,2026-05-02 10:24:00,"p146","FALSE"
"c1466","User_365","palestine","The conflict continues with heavy casualties on both sides.",146,2026-05-02 10:25:00,"p341","FALSE"
"c1467","User_707","palestine","Diplomatic efforts are ongoing but progress is slow.",-91,2026-05-02 10:26:00,"p16","FALSE"
"c1468","User_457","MiddleEastHistory","The role of international organizations is being questioned.",120,2026-05-02 10:27:00,"p223","FALSE"
"c1469","User_624","worldnews","Discourse on social media is highly polarized and full of misinformation.",209,2026-05-02 10:28:00,"p182","FALSE"
"c1470","User_10","worldnews","Historical context is essential to understand the current escalation.",142,2026-05-02 10:29:00,"p292","FALSE"
"c1471","User_568","politics","Protests are spreading globally in support of humanitarian aid.",-48,2026-05-02 10:30:00,"p397","TRUE"
"c1472","User_558","palestine","Economic impact of the war is being felt across the Middle East.",-222,2026-05-02 10:31:00,"p47","FALSE"
"c1473","User_231","worldnews","International community calls for an immediate ceasefire.",224,2026-05-02 10:32:00,"p165","FALSE"
"c1474","User_637","palestine","Security measures are being tightened in the region.",-12,2026-05-02 10:33:00,"p353","FALSE"
"c1475","User_255","worldnews","Protests are spreading globally in support of humanitarian aid.",-173,2026-05-02 10:34:00,"p186","FALSE"
"c1476","User_457","politics","Civilians are paying the highest price in this long-standing conflict.",38,2026-05-02 10:35:00,"p393","FALSE"
"c1477","User_688","MiddleEastHistory","Security measures are being tightened in the region.",-42,2026-05-02 10:36:00,"p57","FALSE"
"c1478","User_542","israel","The conflict continues with heavy casualties on both sides.",172,2026-05-02 10:37:00,"p350","TRUE"
"c1479","User_337","politics","International community calls for an immediate ceasefire.",31,2026-05-02 10:38:00,"p110","FALSE"
"c1480","User_665","MiddleEastHistory","Economic impact of the war is being felt across the Middle East.",197,2026-05-02 10:39:00,"p231","FALSE"
"c1481","User_90","MiddleEastHistory","Public opinion is deeply divided on the best path to peace.",182,2026-05-02 10:40:00,"p93","FALSE"
"c1482","User_216","palestine","Discourse on social media is highly polarized and full of misinformation.",227,2026-05-02 10:41:00,"p160","TRUE"
"c1483","User_61","palestine","The role of international organizations is being questioned.",-200,2026-05-02 10:42:00,"p77","FALSE"
"c1484","User_88","worldnews","International community calls for an immediate ceasefire.",-71,2026-05-02 10:43:00,"p157","FALSE"
"c1485","User_763","palestine","Discourse on social media is highly polarized and full of misinformation.",50,2026-05-02 10:44:00,"p113","FALSE"
"c1486","User_441","news","Public opinion is deeply divided on the best path to peace.",707,2026-05-02 10:45:00,"p234","TRUE"
"c1487","User_163","israel","The conflict continues with heavy casualties on both sides.",-21,2026-05-02 10:46:00,"p110","FALSE"
"c1488","User_147","israel","Protests are spreading globally in support of humanitarian aid.",215,2026-05-02 10:47:00,"p141","FALSE"
"c1489","User_518","worldnews","Diplomatic efforts are ongoing but progress is slow.",158,2026-05-02 10:48:00,"p334","FALSE"
"c1490","User_586","israel","New reports suggest a possible breakthrough in negotiations.",107,2026-05-02 10:49:00,"p141","FALSE"
"c1491","User_465","worldnews","Civilians are paying the highest price in this long-standing conflict.",170,2026-05-02 10:50:00,"p50","FALSE"
"c1492","User_378","politics","Public opinion is deeply divided on the best path to peace.",-110,2026-05-02 10:51:00,"p70","TRUE"
"c1493","User_48","palestine","The conflict continues with heavy casualties on both sides.",116,2026-05-02 10:52:00,"p116","FALSE"
"c1494","User_542","israel","Historical context is essential to understand the current escalation.",-292,2026-05-02 10:53:00,"p335","FALSE"
"c1495","User_226","worldnews","Economic impact of the war is being felt across the Middle East.",-9,2026-05-02 10:54:00,"p392","FALSE"
"c1496","User_686","worldnews","Public opinion is deeply divided on the best path to peace.",-35,2026-05-02 10:55:00,"p16","FALSE"
"c1497","User_579","worldnews","Historical context is essential to understand the current escalation.",-369,2026-05-02 10:56:00,"p211","FALSE"
"c1498","User_84","news","Historical context is essential to understand the current escalation.",-135,2026-05-02 10:57:00,"p292","FALSE"
"c1499","User_668","worldnews","Diplomatic efforts are ongoing but progress is slow.",162,2026-05-02 10:58:00,"p206","FALSE"
"c1500","User_702","politics","Economic impact of the war is being felt across the Middle East.",-7,2026-05-02 10:59:00,"p299","TRUE"
"c1501","User_448","worldnews","The role of international organizations is being questioned.",115,2026-05-02 11:00:00,"p350","FALSE"
"c1502","User_465","worldnews","Protests are spreading globally in support of humanitarian aid.",278,2026-05-02 11:01:00,"p343","FALSE"
"c1503","User_718","news","Economic impact of the war is being felt across the Middle East.",203,2026-05-02 11:02:00,"p51","FALSE"
"c1504","User_60","israel","Diplomatic efforts are ongoing but progress is slow.",95,2026-05-02 11:03:00,"p152","FALSE"
"c1505","User_538","politics","Historical context is essential to understand the current escalation.",69,2026-05-02 11:04:00,"p303","FALSE"
"c1506","User_467","palestine","Economic impact of the war is being felt across the Middle East.",192,2026-05-02 11:05:00,"p133","FALSE"
"c1507","User_406","israel","Economic impact of the war is being felt across the Middle East.",255,2026-05-02 11:06:00,"p345","FALSE"
"c1508","User_265","palestine","Diplomatic efforts are ongoing but progress is slow.",85,2026-05-02 11:07:00,"p97","FALSE"
"c1509","User_396","worldnews","Diplomatic efforts are ongoing but progress is slow.",-39,2026-05-02 11:08:00,"p303","FALSE"
"c1510","User_607","worldnews","The conflict continues with heavy casualties on both sides.",176,2026-05-02 11:09:00,"p186","FALSE"
"c1511","User_187","worldnews","The conflict continues with heavy casualties on both sides.",18,2026-05-02 11:10:00,"p291","FALSE"
"c1512","User_17","palestine","The role of international organizations is being questioned.",206,2026-05-02 11:11:00,"p211","FALSE"
"c1513","User_55","israel","Security measures are being tightened in the region.",-76,2026-05-02 11:12:00,"p287","FALSE"
"c1514","User_748","worldnews","Public opinion is deeply divided on the best path to peace.",-96,2026-05-02 11:13:00,"p359","FALSE"
"c1515","User_695","palestine","Civilians are paying the highest price in this long-standing conflict.",-173,2026-05-02 11:14:00,"p334","FALSE"
"c1516","User_693","israel","Discourse on social media is highly polarized and full of misinformation.",58,2026-05-02 11:15:00,"p234","FALSE"
"c1517","User_643","palestine","New reports suggest a possible breakthrough in negotiations.",39,2026-05-02 11:16:00,"p275","TRUE"
"c1518","User_185","worldnews","Economic impact of the war is being felt across the Middle East.",-175,2026-05-02 11:17:00,"p217","FALSE"
"c1519","User_631","news","Economic impact of the war is being felt across the Middle East.",233,2026-05-02 11:18:00,"p268","FALSE"
"c1520","User_761","israel","Public opinion is deeply divided on the best path to peace.",-141,2026-05-02 11:19:00,"p98","FALSE"
"c1521","User_192","worldnews","Security measures are being tightened in the region.",-87,2026-05-02 11:20:00,"p358","FALSE"
"c1522","User_3","palestine","Security measures are being tightened in the region.",-91,2026-05-02 11:21:00,"p349","TRUE"
"c1523","User_325","israel","Security measures are being tightened in the region.",147,2026-05-02 11:22:00,"p51","TRUE"
"c1524","User_332","news","Diplomatic efforts are ongoing but progress is slow.",423,2026-05-02 11:23:00,"p102","FALSE"
"c1525","User_96","israel","New reports suggest a possible breakthrough in negotiations.",112,2026-05-02 11:24:00,"p245","FALSE"
"c1526","User_644","palestine","The role of international organizations is being questioned.",32,2026-05-02 11:25:00,"p153","FALSE"
"c1527","User_667","politics","Economic impact of the war is being felt across the Middle East.",174,2026-05-02 11:26:00,"p77","FALSE"
"c1528","User_429","palestine","The conflict continues with heavy casualties on both sides.",-85,2026-05-02 11:27:00,"p346","FALSE"
"c1529","User_290","palestine","Historical context is essential to understand the current escalation.",250,2026-05-02 11:28:00,"p162","FALSE"
"c1530","User_112","worldnews","Civilians are paying the highest price in this long-standing conflict.",162,2026-05-02 11:29:00,"p214","FALSE"
"c1531","User_490","palestine","The conflict continues with heavy casualties on both sides.",186,2026-05-02 11:30:00,"p261","FALSE"
"c1532","User_224","politics","Public opinion is deeply divided on the best path to peace.",184,2026-05-02 11:31:00,"p369","FALSE"
"c1533","User_547","israel","New reports suggest a possible breakthrough in negotiations.",225,2026-05-02 11:32:00,"p365","FALSE"
"c1534","User_164","politics","New reports suggest a possible breakthrough in negotiations.",-141,2026-05-02 11:33:00,"p370","FALSE"
"c1535","User_570","worldnews","Public opinion is deeply divided on the best path to peace.",107,2026-05-02 11:34:00,"p391","FALSE"
"c1536","User_144","politics","The role of international organizations is being questioned.",33,2026-05-02 11:35:00,"p305","FALSE"
"c1537","User_543","palestine","Diplomatic efforts are ongoing but progress is slow.",1,2026-05-02 11:36:00,"p60","FALSE"
"c1538","User_149","worldnews","Security measures are being tightened in the region.",41,2026-05-02 11:37:00,"p21","FALSE"
"c1539","User_271","palestine","International community calls for an immediate ceasefire.",109,2026-05-02 11:38:00,"p98","FALSE"
"c1540","User_90","israel","Civilians are paying the highest price in this long-standing conflict.",55,2026-05-02 11:39:00,"p70","FALSE"
"c1541","User_307","news","Economic impact of the war is being felt across the Middle East.",41,2026-05-02 11:40:00,"p177","FALSE"
"c1542","User_617","israel","The role of international organizations is being questioned.",-78,2026-05-02 11:41:00,"p111","FALSE"
"c1543","User_214","worldnews","International community calls for an immediate ceasefire.",45,2026-05-02 11:42:00,"p177","FALSE"
"c1544","User_380","worldnews","Diplomatic efforts are ongoing but progress is slow.",6,2026-05-02 11:43:00,"p250","FALSE"
"c1545","User_376","worldnews","International community calls for an immediate ceasefire.",200,2026-05-02 11:44:00,"p109","TRUE"
"c1546","User_561","israel","Protests are spreading globally in support of humanitarian aid.",88,2026-05-02 11:45:00,"p329","FALSE"
"c1547","User_14","worldnews","Public opinion is deeply divided on the best path to peace.",478,2026-05-02 11:46:00,"p391","FALSE"
"c1548","User_233","worldnews","International community calls for an immediate ceasefire.",198,2026-05-02 11:47:00,"p65","FALSE"
"c1549","User_135","news","Protests are spreading globally in support of humanitarian aid.",-16,2026-05-02 11:48:00,"p30","FALSE"
"c1550","User_523","worldnews","International community calls for an immediate ceasefire.",92,2026-05-02 11:49:00,"p389","FALSE"
"c1551","User_266","worldnews","International community calls for an immediate ceasefire.",226,2026-05-02 11:50:00,"p147","FALSE"
"c1552","User_99","israel","Public opinion is deeply divided on the best path to peace.",219,2026-05-02 11:51:00,"p262","FALSE"
"c1553","User_798","MiddleEastHistory","Protests are spreading globally in support of humanitarian aid.",-184,2026-05-02 11:52:00,"p274","FALSE"
"c1554","User_63","palestine","The conflict continues with heavy casualties on both sides.",121,2026-05-02 11:53:00,"p361","FALSE"
"c1555","User_133","news","Protests are spreading globally in support of humanitarian aid.",175,2026-05-02 11:54:00,"p327","FALSE"
"c1556","User_17","worldnews","Public opinion is deeply divided on the best path to peace.",32,2026-05-02 11:55:00,"p185","FALSE"
"c1557","User_629","politics","Civilians are paying the highest price in this long-standing conflict.",266,2026-05-02 11:56:00,"p360","TRUE"
"c1558","User_148","politics","The conflict continues with heavy casualties on both sides.",225,2026-05-02 11:57:00,"p388","FALSE"
"c1559","User_189","palestine","Historical context is essential to understand the current escalation.",268,2026-05-02 11:58:00,"p58","FALSE"
"c1560","User_567","israel","The conflict continues with heavy casualties on both sides.",-117,2026-05-02 11:59:00,"p100","FALSE"
"c1561","User_590","politics","Economic impact of the war is being felt across the Middle East.",159,2026-05-02 12:00:00,"p29","FALSE"
"c1562","User_140","news","Discourse on social media is highly polarized and full of misinformation.",21,2026-05-02 12:01:00,"p15","FALSE"
"c1563","User_557","politics","Historical context is essential to understand the current escalation.",178,2026-05-02 12:02:00,"p34","FALSE"
"c1564","User_468","palestine","New reports suggest a possible breakthrough in negotiations.",-161,2026-05-02 12:03:00,"p293","FALSE"
"c1565","User_111","news","Public opinion is deeply divided on the best path to peace.",51,2026-05-02 12:04:00,"p201","FALSE"
"c1566","User_132","worldnews","New reports suggest a possible breakthrough in negotiations.",298,2026-05-02 12:05:00,"p54","FALSE"
"c1567","User_578","news","Civilians are paying the highest price in this long-standing conflict.",115,2026-05-02 12:06:00,"p330","FALSE"
"c1568","User_621","palestine","Diplomatic efforts are ongoing but progress is slow.",374,2026-05-02 12:07:00,"p375","FALSE"
"c1569","User_551","worldnews","The conflict continues with heavy casualties on both sides.",-43,2026-05-02 12:08:00,"p380","FALSE"
"c1570","User_607","israel","The conflict continues with heavy casualties on both sides.",100,2026-05-02 12:09:00,"p165","FALSE"
"c1571","User_697","MiddleEastHistory","Discourse on social media is highly polarized and full of misinformation.",-271,2026-05-02 12:10:00,"p151","FALSE"
"c1572","User_125","worldnews","The conflict continues with heavy casualties on both sides.",-54,2026-05-02 12:11:00,"p303","FALSE"
"c1573","User_428","MiddleEastHistory","Economic impact of the war is being felt across the Middle East.",-151,2026-05-02 12:12:00,"p373","FALSE"
"c1574","User_266","MiddleEastHistory","International community calls for an immediate ceasefire.",265,2026-05-02 12:13:00,"p198","FALSE"
"c1575","User_542","worldnews","Public opinion is deeply divided on the best path to peace.",-56,2026-05-02 12:14:00,"p238","FALSE"
"c1576","User_27","israel","Discourse on social media is highly polarized and full of misinformation.",-24,2026-05-02 12:15:00,"p305","FALSE"
"c1577","User_747","news","Diplomatic efforts are ongoing but progress is slow.",190,2026-05-02 12:16:00,"p74","FALSE"
"c1578","User_320","worldnews","International community calls for an immediate ceasefire.",40,2026-05-02 12:17:00,"p347","FALSE"
"c1579","User_58","news","Historical context is essential to understand the current escalation.",-102,2026-05-02 12:18:00,"p191","FALSE"
"c1580","User_333","palestine","Economic impact of the war is being felt across the Middle East.",89,2026-05-02 12:19:00,"p317","FALSE"
"c1581","User_798","MiddleEastHistory","New reports suggest a possible breakthrough in negotiations.",190,2026-05-02 12:20:00,"p216","TRUE"
"c1582","User_98","palestine","The role of international organizations is being questioned.",-53,2026-05-02 12:21:00,"p37","TRUE"
"c1583","User_123","israel","Diplomatic efforts are ongoing but progress is slow.",-320,2026-05-02 12:22:00,"p3","TRUE"
"c1584","User_387","israel","Protests are spreading globally in support of humanitarian aid.",-294,2026-05-02 12:23:00,"p24","TRUE"
"c1585","User_558","israel","Diplomatic efforts are ongoing but progress is slow.",248,2026-05-02 12:24:00,"p109","FALSE"
"c1586","User_788","MiddleEastHistory","The role of international organizations is being questioned.",150,2026-05-02 12:25:00,"p126","FALSE"
"c1587","User_10","politics","New reports suggest a possible breakthrough in negotiations.",80,2026-05-02 12:26:00,"p81","FALSE"
"c1588","User_428","israel","Discourse on social media is highly polarized and full of misinformation.",260,2026-05-02 12:27:00,"p15","FALSE"
"c1589","User_111","worldnews","Diplomatic efforts are ongoing but progress is slow.",112,2026-05-02 12:28:00,"p319","FALSE"
"c1590","User_410","israel","Economic impact of the war is being felt across the Middle East.",49,2026-05-02 12:29:00,"p288","FALSE"
"c1591","User_324","palestine","Discourse on social media is highly polarized and full of misinformation.",296,2026-05-02 12:30:00,"p53","FALSE"
"c1592","User_141","palestine","Protests are spreading globally in support of humanitarian aid.",-18,2026-05-02 12:31:00,"p288","FALSE"
"c1593","User_781","palestine","Discourse on social media is highly polarized and full of misinformation.",-121,2026-05-02 12:32:00,"p390","FALSE"
"c1594","User_105","politics","Diplomatic efforts are ongoing but progress is slow.",42,2026-05-02 12:33:00,"p252","FALSE"
"c1595","User_418","worldnews","Discourse on social media is highly polarized and full of misinformation.",20,2026-05-02 12:34:00,"p88","FALSE"
"c1596","User_372","news","The role of international organizations is being questioned.",267,2026-05-02 12:35:00,"p190","FALSE"
"c1597","User_580","politics","Security measures are being tightened in the region.",-35,2026-05-02 12:36:00,"p155","FALSE"
"c1598","User_14","worldnews","Economic impact of the war is being felt across the Middle East.",158,2026-05-02 12:37:00,"p255","FALSE"
"c1599","User_609","palestine","Security measures are being tightened in the region.",-260,2026-05-02 12:38:00,"p249","FALSE"
"c1600","User_291","palestine","Protests are spreading globally in support of humanitarian aid.",220,2026-05-02 12:39:00,"p70","FALSE"
"c1601","User_101","palestine","Security measures are being tightened in the region.",126,2026-05-02 12:40:00,"p334","FALSE"
"c1602","User_293","palestine","Historical context is essential to understand the current escalation.",80,2026-05-02 12:41:00,"p227","TRUE"
"c1603","User_224","palestine","Security measures are being tightened in the region.",-218,2026-05-02 12:42:00,"p16","FALSE"
"c1604","User_316","worldnews","Public opinion is deeply divided on the best path to peace.",393,2026-05-02 12:43:00,"p76","FALSE"
"c1605","User_377","palestine","New reports suggest a possible breakthrough in negotiations.",342,2026-05-02 12:44:00,"p17","TRUE"
"c1606","User_664","worldnews","New reports suggest a possible breakthrough in negotiations.",271,2026-05-02 12:45:00,"p195","FALSE"
"c1607","User_526","news","Economic impact of the war is being felt across the Middle East.",13,2026-05-02 12:46:00,"p176","FALSE"
"c1608","User_642","israel","Security measures are being tightened in the region.",6,2026-05-02 12:47:00,"p114","FALSE"
"c1609","User_729","MiddleEastHistory","Civilians are paying the highest price in this long-standing conflict.",-114,2026-05-02 12:48:00,"p197","FALSE"
"c1610","User_159","news","Civilians are paying the highest price in this long-standing conflict.",161,2026-05-02 12:49:00,"p344","TRUE"
"c1611","User_506","palestine","The role of international organizations is being questioned.",261,2026-05-02 12:50:00,"p34","FALSE"
"c1612","User_179","worldnews","Historical context is essential to understand the current escalation.",29,2026-05-02 12:51:00,"p197","FALSE"
"c1613","User_145","palestine","The role of international organizations is being questioned.",395,2026-05-02 12:52:00,"p69","TRUE"
"c1614","User_356","palestine","Protests are spreading globally in support of humanitarian aid.",-171,2026-05-02 12:53:00,"p386","FALSE"
"c1615","User_709","palestine","Historical context is essential to understand the current escalation.",312,2026-05-02 12:54:00,"p140","FALSE"
"c1616","User_48","MiddleEastHistory","New reports suggest a possible breakthrough in negotiations.",232,2026-05-02 12:55:00,"p113","FALSE"
"c1617","User_738","news","Civilians are paying the highest price in this long-standing conflict.",-244,2026-05-02 12:56:00,"p157","FALSE"
"c1618","User_552","palestine","Diplomatic efforts are ongoing but progress is slow.",-262,2026-05-02 12:57:00,"p291","FALSE"
"c1619","User_403","MiddleEastHistory","Diplomatic efforts are ongoing but progress is slow.",-156,2026-05-02 12:58:00,"p10","FALSE"
"c1620","User_466","MiddleEastHistory","Public opinion is deeply divided on the best path to peace.",415,2026-05-02 12:59:00,"p134","FALSE"
"c1621","User_184","israel","Security measures are being tightened in the region.",-120,2026-05-02 13:00:00,"p109","FALSE"
"c1622","User_663","worldnews","Public opinion is deeply divided on the best path to peace.",187,2026-05-02 13:01:00,"p186","FALSE"
"c1623","User_233","worldnews","Civilians are paying the highest price in this long-standing conflict.",-58,2026-05-02 13:02:00,"p229","FALSE"
"c1624","User_595","politics","Historical context is essential to understand the current escalation.",-108,2026-05-02 13:03:00,"p95","TRUE"
"c1625","User_684","israel","Discourse on social media is highly polarized and full of misinformation.",-191,2026-05-02 13:04:00,"p51","FALSE"
"c1626","User_90","worldnews","Security measures are being tightened in the region.",-72,2026-05-02 13:05:00,"p121","FALSE"
"c1627","User_646","politics","Historical context is essential to understand the current escalation.",131,2026-05-02 13:06:00,"p152","TRUE"
"c1628","User_310","MiddleEastHistory","The conflict continues with heavy casualties on both sides.",-103,2026-05-02 13:07:00,"p206","FALSE"
"c1629","User_470","politics","Historical context is essential to understand the current escalation.",-42,2026-05-02 13:08:00,"p252","FALSE"
"c1630","User_11","worldnews","Security measures are being tightened in the region.",105,2026-05-02 13:09:00,"p363","TRUE"
"c1631","User_501","worldnews","The conflict continues with heavy casualties on both sides.",93,2026-05-02 13:10:00,"p334","FALSE"
"c1632","User_282","politics","Diplomatic efforts are ongoing but progress is slow.",-83,2026-05-02 13:11:00,"p167","FALSE"
"c1633","User_182","politics","Civilians are paying the highest price in this long-standing conflict.",74,2026-05-02 13:12:00,"p393","FALSE"
"c1634","User_80","politics","Discourse on social media is highly polarized and full of misinformation.",-9,2026-05-02 13:13:00,"p323","FALSE"
"c1635","User_41","israel","New reports suggest a possible breakthrough in negotiations.",98,2026-05-02 13:14:00,"p292","FALSE"
"c1636","User_714","israel","Protests are spreading globally in support of humanitarian aid.",66,2026-05-02 13:15:00,"p221","FALSE"
"c1637","User_339","politics","The conflict continues with heavy casualties on both sides.",-20,2026-05-02 13:16:00,"p291","FALSE"
"c1638","User_324","MiddleEastHistory","Public opinion is deeply divided on the best path to peace.",-81,2026-05-02 13:17:00,"p15","FALSE"
"c1639","User_151","worldnews","The conflict continues with heavy casualties on both sides.",-26,2026-05-02 13:18:00,"p237","FALSE"
"c1640","User_94","israel","Diplomatic efforts are ongoing but progress is slow.",-132,2026-05-02 13:19:00,"p166","FALSE"
"c1641","User_182","israel","The conflict continues with heavy casualties on both sides.",214,2026-05-02 13:20:00,"p94","FALSE"
"c1642","User_404","news","Economic impact of the war is being felt across the Middle East.",-22,2026-05-02 13:21:00,"p346","FALSE"
"c1643","User_689","worldnews","Diplomatic efforts are ongoing but progress is slow.",-259,2026-05-02 13:22:00,"p350","TRUE"
"c1644","User_243","worldnews","Security measures are being tightened in the region.",-57,2026-05-02 13:23:00,"p16","FALSE"
"c1645","User_530","news","Discourse on social media is highly polarized and full of misinformation.",-34,2026-05-02 13:24:00,"p28","TRUE"
"c1646","User_242","worldnews","Security measures are being tightened in the region.",207,2026-05-02 13:25:00,"p23","FALSE"
"c1647","User_342","israel","Public opinion is deeply divided on the best path to peace.",83,2026-05-02 13:26:00,"p253","FALSE"
"c1648","User_303","palestine","International community calls for an immediate ceasefire.",2,2026-05-02 13:27:00,"p180","FALSE"
"c1649","User_761","palestine","Historical context is essential to understand the current escalation.",-299,2026-05-02 13:28:00,"p30","FALSE"
"c1650","User_254","politics","Diplomatic efforts are ongoing but progress is slow.",232,2026-05-02 13:29:00,"p356","FALSE"
"c1651","User_37","MiddleEastHistory","The conflict continues with heavy casualties on both sides.",172,2026-05-02 13:30:00,"p386","FALSE"
"c1652","User_359","palestine","Civilians are paying the highest price in this long-standing conflict.",-42,2026-05-02 13:31:00,"p356","TRUE"
"c1653","User_104","israel","Diplomatic efforts are ongoing but progress is slow.",-185,2026-05-02 13:32:00,"p30","TRUE"
"c1654","User_296","politics","International community calls for an immediate ceasefire.",134,2026-05-02 13:33:00,"p324","TRUE"
"c1655","User_99","worldnews","The conflict continues with heavy casualties on both sides.",253,2026-05-02 13:34:00,"p32","FALSE"
"c1656","User_90","politics","Security measures are being tightened in the region.",-51,2026-05-02 13:35:00,"p204","FALSE"
"c1657","User_107","worldnews","Historical context is essential to understand the current escalation.",161,2026-05-02 13:36:00,"p178","FALSE"
"c1658","User_12","worldnews","Economic impact of the war is being felt across the Middle East.",58,2026-05-02 13:37:00,"p384","FALSE"
"c1659","User_97","palestine","Security measures are being tightened in the region.",234,2026-05-02 13:38:00,"p379","FALSE"
"c1660","User_608","news","International community calls for an immediate ceasefire.",88,2026-05-02 13:39:00,"p160","FALSE"
"c1661","User_25","israel","International community calls for an immediate ceasefire.",-38,2026-05-02 13:40:00,"p16","FALSE"
"c1662","User_133","worldnews","International community calls for an immediate ceasefire.",19,2026-05-02 13:41:00,"p83","FALSE"
"c1663","User_745","israel","Civilians are paying the highest price in this long-standing conflict.",-10,2026-05-02 13:42:00,"p192","FALSE"
"c1664","User_126","politics","Public opinion is deeply divided on the best path to peace.",323,2026-05-02 13:43:00,"p191","FALSE"
"c1665","User_534","israel","Economic impact of the war is being felt across the Middle East.",-71,2026-05-02 13:44:00,"p321","FALSE"
"c1666","User_197","israel","Protests are spreading globally in support of humanitarian aid.",170,2026-05-02 13:45:00,"p100","FALSE"
"c1667","User_783","MiddleEastHistory","The role of international organizations is being questioned.",49,2026-05-02 13:46:00,"p191","FALSE"
"c1668","User_213","MiddleEastHistory","The role of international organizations is being questioned.",87,2026-05-02 13:47:00,"p45","FALSE"
"c1669","User_15","news","Historical context is essential to understand the current escalation.",-44,2026-05-02 13:48:00,"p373","FALSE"
"c1670","User_707","israel","Discourse on social media is highly polarized and full of misinformation.",-58,2026-05-02 13:49:00,"p108","FALSE"
"c1671","User_132","israel","Discourse on social media is highly polarized and full of misinformation.",168,2026-05-02 13:50:00,"p67","FALSE"
"c1672","User_525","israel","Historical context is essential to understand the current escalation.",-111,2026-05-02 13:51:00,"p313","TRUE"
"c1673","User_671","worldnews","The conflict continues with heavy casualties on both sides.",130,2026-05-02 13:52:00,"p363","FALSE"
"c1674","User_553","politics","The role of international organizations is being questioned.",116,2026-05-02 13:53:00,"p172","FALSE"
"c1675","User_29","politics","International community calls for an immediate ceasefire.",24,2026-05-02 13:54:00,"p225","FALSE"
"c1676","User_681","news","Economic impact of the war is being felt across the Middle East.",-5,2026-05-02 13:55:00,"p50","FALSE"
"c1677","User_587","worldnews","Diplomatic efforts are ongoing but progress is slow.",-128,2026-05-02 13:56:00,"p181","FALSE"
"c1678","User_460","israel","Historical context is essential to understand the current escalation.",119,2026-05-02 13:57:00,"p386","FALSE"
"c1679","User_675","palestine","Public opinion is deeply divided on the best path to peace.",-43,2026-05-02 13:58:00,"p88","FALSE"
"c1680","User_141","MiddleEastHistory","Civilians are paying the highest price in this long-standing conflict.",190,2026-05-02 13:59:00,"p340","FALSE"
"c1681","User_623","palestine","Economic impact of the war is being felt across the Middle East.",57,2026-05-02 14:00:00,"p368","FALSE"
"c1682","User_292","worldnews","Historical context is essential to understand the current escalation.",-215,2026-05-02 14:01:00,"p328","FALSE"
"c1683","User_624","news","Historical context is essential to understand the current escalation.",249,2026-05-02 14:02:00,"p312","FALSE"
"c1684","User_315","politics","The conflict continues with heavy casualties on both sides.",86,2026-05-02 14:03:00,"p132","FALSE"
"c1685","User_568","worldnews","Public opinion is deeply divided on the best path to peace.",-88,2026-05-02 14:04:00,"p55","FALSE"
"c1686","User_243","worldnews","Economic impact of the war is being felt across the Middle East.",-32,2026-05-02 14:05:00,"p303","FALSE"
"c1687","User_454","israel","Diplomatic efforts are ongoing but progress is slow.",-139,2026-05-02 14:06:00,"p167","FALSE"
"c1688","User_790","MiddleEastHistory","Historical context is essential to understand the current escalation.",-220,2026-05-02 14:07:00,"p220","FALSE"
"c1689","User_661","worldnews","Discourse on social media is highly polarized and full of misinformation.",34,2026-05-02 14:08:00,"p236","FALSE"
"c1690","User_700","politics","Protests are spreading globally in support of humanitarian aid.",206,2026-05-02 14:09:00,"p23","TRUE"
"c1691","User_65","politics","New reports suggest a possible breakthrough in negotiations.",35,2026-05-02 14:10:00,"p327","TRUE"
"c1692","User_182","MiddleEastHistory","The role of international organizations is being questioned.",-134,2026-05-02 14:11:00,"p30","FALSE"
"c1693","User_397","israel","Protests are spreading globally in support of humanitarian aid.",260,2026-05-02 14:12:00,"p54","FALSE"
"c1694","User_457","israel","The conflict continues with heavy casualties on both sides.",145,2026-05-02 14:13:00,"p303","FALSE"
"c1695","User_637","israel","Civilians are paying the highest price in this long-standing conflict.",261,2026-05-02 14:14:00,"p378","FALSE"
"c1696","User_329","israel","Protests are spreading globally in support of humanitarian aid.",88,2026-05-02 14:15:00,"p209","FALSE"
"c1697","User_484","worldnews","The conflict continues with heavy casualties on both sides.",-152,2026-05-02 14:16:00,"p64","FALSE"
"c1698","User_736","israel","International community calls for an immediate ceasefire.",52,2026-05-02 14:17:00,"p51","FALSE"
"c1699","User_250","politics","Civilians are paying the highest price in this long-standing conflict.",-26,2026-05-02 14:18:00,"p360","FALSE"
"c1700","User_305","worldnews","Discourse on social media is highly polarized and full of misinformation.",220,2026-05-02 14:19:00,"p222","FALSE"
"c1701","User_491","MiddleEastHistory","Economic impact of the war is being felt across the Middle East.",247,2026-05-02 14:20:00,"p30","TRUE"
"c1702","User_117","worldnews","The conflict continues with heavy casualties on both sides.",-215,2026-05-02 14:21:00,"p78","FALSE"
"c1703","User_766","palestine","The role of international organizations is being questioned.",-42,2026-05-02 14:22:00,"p21","FALSE"
"c1704","User_439","worldnews","Security measures are being tightened in the region.",-56,2026-05-02 14:23:00,"p136","TRUE"
"c1705","User_205","worldnews","Discourse on social media is highly polarized and full of misinformation.",-6,2026-05-02 14:24:00,"p90","FALSE"
"c1706","User_715","MiddleEastHistory","Discourse on social media is highly polarized and full of misinformation.",122,2026-05-02 14:25:00,"p202","FALSE"
"c1707","User_699","politics","Civilians are paying the highest price in this long-standing conflict.",-139,2026-05-02 14:26:00,"p368","FALSE"
"c1708","User_485","worldnews","International community calls for an immediate ceasefire.",191,2026-05-02 14:27:00,"p13","FALSE"
"c1709","User_117","news","Economic impact of the war is being felt across the Middle East.",-139,2026-05-02 14:28:00,"p250","FALSE"
"c1710","User_1","worldnews","The role of international organizations is being questioned.",-179,2026-05-02 14:29:00,"p373","FALSE"
"c1711","User_393","politics","Protests are spreading globally in support of humanitarian aid.",206,2026-05-02 14:30:00,"p317","FALSE"
"c1712","User_791","israel","Security measures are being tightened in the region.",-23,2026-05-02 14:31:00,"p26","FALSE"
"c1713","User_613","worldnews","Security measures are being tightened in the region.",50,2026-05-02 14:32:00,"p257","TRUE"
"c1714","User_43","politics","Diplomatic efforts are ongoing but progress is slow.",52,2026-05-02 14:33:00,"p362","FALSE"
"c1715","User_569","worldnews","Protests are spreading globally in support of humanitarian aid.",15,2026-05-02 14:34:00,"p302","FALSE"
"c1716","User_91","worldnews","The conflict continues with heavy casualties on both sides.",-47,2026-05-02 14:35:00,"p57","FALSE"
"c1717","User_686","worldnews","Economic impact of the war is being felt across the Middle East.",87,2026-05-02 14:36:00,"p5","FALSE"
"c1718","User_215","MiddleEastHistory","The role of international organizations is being questioned.",62,2026-05-02 14:37:00,"p273","FALSE"
"c1719","User_90","MiddleEastHistory","Economic impact of the war is being felt across the Middle East.",-226,2026-05-02 14:38:00,"p334","FALSE"
"c1720","User_255","israel","International community calls for an immediate ceasefire.",11,2026-05-02 14:39:00,"p303","FALSE"
"c1721","User_167","israel","Public opinion is deeply divided on the best path to peace.",-3,2026-05-02 14:40:00,"p193","FALSE"
"c1722","User_133","palestine","Historical context is essential to understand the current escalation.",229,2026-05-02 14:41:00,"p81","TRUE"
"c1723","User_214","israel","Security measures are being tightened in the region.",137,2026-05-02 14:42:00,"p103","FALSE"
"c1724","User_280","worldnews","Economic impact of the war is being felt across the Middle East.",-270,2026-05-02 14:43:00,"p365","FALSE"
"c1725","User_154","politics","New reports suggest a possible breakthrough in negotiations.",-24,2026-05-02 14:44:00,"p322","FALSE"
"c1726","User_668","israel","Public opinion is deeply divided on the best path to peace.",41,2026-05-02 14:45:00,"p357","FALSE"
"c1727","User_407","israel","Diplomatic efforts are ongoing but progress is slow.",-63,2026-05-02 14:46:00,"p148","FALSE"
"c1728","User_330","politics","Historical context is essential to understand the current escalation.",89,2026-05-02 14:47:00,"p269","FALSE"
"c1729","User_627","palestine","New reports suggest a possible breakthrough in negotiations.",323,2026-05-02 14:48:00,"p62","FALSE"
"c1730","User_307","palestine","Diplomatic efforts are ongoing but progress is slow.",-235,2026-05-02 14:49:00,"p272","TRUE"
"c1731","User_704","news","Economic impact of the war is being felt across the Middle East.",-126,2026-05-02 14:50:00,"p257","FALSE"
"c1732","User_444","israel","International community calls for an immediate ceasefire.",202,2026-05-02 14:51:00,"p105","FALSE"
"c1733","User_602","israel","Discourse on social media is highly polarized and full of misinformation.",-97,2026-05-02 14:52:00,"p174","FALSE"
"c1734","User_268","worldnews","Discourse on social media is highly polarized and full of misinformation.",-10,2026-05-02 14:53:00,"p254","FALSE"
"c1735","User_192","worldnews","Diplomatic efforts are ongoing but progress is slow.",76,2026-05-02 14:54:00,"p154","FALSE"
"c1736","User_227","MiddleEastHistory","Historical context is essential to understand the current escalation.",19,2026-05-02 14:55:00,"p373","FALSE"
"c1737","User_708","israel","Security measures are being tightened in the region.",-238,2026-05-02 14:56:00,"p241","FALSE"
"c1738","User_603","palestine","Historical context is essential to understand the current escalation.",51,2026-05-02 14:57:00,"p39","FALSE"
"c1739","User_245","worldnews","The conflict continues with heavy casualties on both sides.",-80,2026-05-02 14:58:00,"p179","TRUE"
"c1740","User_607","worldnews","International community calls for an immediate ceasefire.",-93,2026-05-02 14:59:00,"p67","FALSE"
"c1741","User_486","news","The role of international organizations is being questioned.",-21,2026-05-02 15:00:00,"p335","FALSE"
"c1742","User_747","worldnews","International community calls for an immediate ceasefire.",-261,2026-05-02 15:01:00,"p111","FALSE"
"c1743","User_1","worldnews","Public opinion is deeply divided on the best path to peace.",66,2026-05-02 15:02:00,"p60","TRUE"
"c1744","User_255","worldnews","Discourse on social media is highly polarized and full of misinformation.",-119,2026-05-02 15:03:00,"p118","FALSE"
"c1745","User_730","news","International community calls for an immediate ceasefire.",214,2026-05-02 15:04:00,"p54","FALSE"
"c1746","User_501","israel","Economic impact of the war is being felt across the Middle East.",-36,2026-05-02 15:05:00,"p335","FALSE"
"c1747","User_273","worldnews","New reports suggest a possible breakthrough in negotiations.",24,2026-05-02 15:06:00,"p150","FALSE"
"c1748","User_765","worldnews","Civilians are paying the highest price in this long-standing conflict.",174,2026-05-02 15:07:00,"p61","FALSE"
"c1749","User_290","palestine","Diplomatic efforts are ongoing but progress is slow.",151,2026-05-02 15:08:00,"p303","TRUE"
"c1750","User_477","palestine","The role of international organizations is being questioned.",61,2026-05-02 15:09:00,"p378","FALSE"
"c1751","User_626","palestine","Diplomatic efforts are ongoing but progress is slow.",-128,2026-05-02 15:10:00,"p341","FALSE"
"c1752","User_668","palestine","International community calls for an immediate ceasefire.",150,2026-05-02 15:11:00,"p346","FALSE"
"c1753","User_225","israel","Historical context is essential to understand the current escalation.",-25,2026-05-02 15:12:00,"p387","TRUE"
"c1754","User_299","MiddleEastHistory","Protests are spreading globally in support of humanitarian aid.",85,2026-05-02 15:13:00,"p290","FALSE"
"c1755","User_120","israel","The role of international organizations is being questioned.",67,2026-05-02 15:14:00,"p50","TRUE"
"c1756","User_299","politics","Security measures are being tightened in the region.",192,2026-05-02 15:15:00,"p130","FALSE"
"c1757","User_707","news","The conflict continues with heavy casualties on both sides.",24,2026-05-02 15:16:00,"p314","FALSE"
"c1758","User_608","palestine","Public opinion is deeply divided on the best path to peace.",148,2026-05-02 15:17:00,"p294","TRUE"
"c1759","User_22","politics","Security measures are being tightened in the region.",183,2026-05-02 15:18:00,"p305","TRUE"
"c1760","User_22","palestine","Civilians are paying the highest price in this long-standing conflict.",28,2026-05-02 15:19:00,"p184","FALSE"
"c1761","User_37","MiddleEastHistory","Protests are spreading globally in support of humanitarian aid.",-254,2026-05-02 15:20:00,"p98","FALSE"
"c1762","User_560","news","Economic impact of the war is being felt across the Middle East.",243,2026-05-02 15:21:00,"p258","FALSE"
"c1763","User_423","worldnews","The role of international organizations is being questioned.",-60,2026-05-02 15:22:00,"p341","FALSE"
"c1764","User_738","palestine","The conflict continues with heavy casualties on both sides.",-158,2026-05-02 15:23:00,"p35","TRUE"
"c1765","User_409","israel","Diplomatic efforts are ongoing but progress is slow.",-103,2026-05-02 15:24:00,"p284","FALSE"
"c1766","User_143","palestine","The role of international organizations is being questioned.",142,2026-05-02 15:25:00,"p35","FALSE"
"c1767","User_105","worldnews","Protests are spreading globally in support of humanitarian aid.",77,2026-05-02 15:26:00,"p325","FALSE"
"c1768","User_582","worldnews","Diplomatic efforts are ongoing but progress is slow.",-92,2026-05-02 15:27:00,"p260","FALSE"
"c1769","User_181","palestine","Public opinion is deeply divided on the best path to peace.",-104,2026-05-02 15:28:00,"p266","FALSE"
"c1770","User_592","politics","Security measures are being tightened in the region.",-79,2026-05-02 15:29:00,"p1","FALSE"
"c1771","User_316","palestine","International community calls for an immediate ceasefire.",-77,2026-05-02 15:30:00,"p337","FALSE"
"c1772","User_343","israel","Public opinion is deeply divided on the best path to peace.",42,2026-05-02 15:31:00,"p388","FALSE"
"c1773","User_402","worldnews","The role of international organizations is being questioned.",184,2026-05-02 15:32:00,"p341","TRUE"
"c1774","User_773","worldnews","Discourse on social media is highly polarized and full of misinformation.",157,2026-05-02 15:33:00,"p271","FALSE"
"c1775","User_168","israel","Historical context is essential to understand the current escalation.",3,2026-05-02 15:34:00,"p215","TRUE"
"c1776","User_328","worldnews","International community calls for an immediate ceasefire.",-10,2026-05-02 15:35:00,"p122","FALSE"
"c1777","User_136","worldnews","Economic impact of the war is being felt across the Middle East.",166,2026-05-02 15:36:00,"p126","FALSE"
"c1778","User_752","palestine","Discourse on social media is highly polarized and full of misinformation.",61,2026-05-02 15:37:00,"p156","FALSE"
"c1779","User_800","israel","Civilians are paying the highest price in this long-standing conflict.",226,2026-05-02 15:38:00,"p307","FALSE"
"c1780","User_267","news","The role of international organizations is being questioned.",-171,2026-05-02 15:39:00,"p131","FALSE"
"c1781","User_203","politics","Civilians are paying the highest price in this long-standing conflict.",8,2026-05-02 15:40:00,"p230","FALSE"
"c1782","User_255","MiddleEastHistory","International community calls for an immediate ceasefire.",177,2026-05-02 15:41:00,"p47","FALSE"
"c1783","User_431","israel","Diplomatic efforts are ongoing but progress is slow.",-49,2026-05-02 15:42:00,"p243","FALSE"
"c1784","User_480","israel","Security measures are being tightened in the region.",127,2026-05-02 15:43:00,"p121","FALSE"
"c1785","User_341","palestine","New reports suggest a possible breakthrough in negotiations.",-44,2026-05-02 15:44:00,"p219","FALSE"
"c1786","User_102","politics","New reports suggest a possible breakthrough in negotiations.",119,2026-05-02 15:45:00,"p228","FALSE"
"c1787","User_179","israel","Security measures are being tightened in the region.",59,2026-05-02 15:46:00,"p335","FALSE"
"c1788","User_521","palestine","Public opinion is deeply divided on the best path to peace.",112,2026-05-02 15:47:00,"p339","FALSE"
"c1789","User_64","MiddleEastHistory","Protests are spreading globally in support of humanitarian aid.",-124,2026-05-02 15:48:00,"p131","FALSE"
"c1790","User_586","palestine","The conflict continues with heavy casualties on both sides.",235,2026-05-02 15:49:00,"p302","FALSE"
"c1791","User_139","palestine","Civilians are paying the highest price in this long-standing conflict.",39,2026-05-02 15:50:00,"p134","FALSE"
"c1792","User_699","worldnews","New reports suggest a possible breakthrough in negotiations.",320,2026-05-02 15:51:00,"p288","FALSE"
"c1793","User_504","politics","Economic impact of the war is being felt across the Middle East.",-64,2026-05-02 15:52:00,"p58","FALSE"
"c1794","User_244","israel","The role of international organizations is being questioned.",13,2026-05-02 15:53:00,"p84","FALSE"
"c1795","User_724","worldnews","Security measures are being tightened in the region.",226,2026-05-02 15:54:00,"p35","TRUE"
"c1796","User_189","MiddleEastHistory","International community calls for an immediate ceasefire.",66,2026-05-02 15:55:00,"p248","FALSE"
"c1797","User_512","news","Historical context is essential to understand the current escalation.",117,2026-05-02 15:56:00,"p231","FALSE"
"c1798","User_473","news","Security measures are being tightened in the region.",80,2026-05-02 15:57:00,"p142","TRUE"
"c1799","User_356","worldnews","Historical context is essential to understand the current escalation.",-139,2026-05-02 15:58:00,"p133","FALSE"
"c1800","User_608","worldnews","Protests are spreading globally in support of humanitarian aid.",-16,2026-05-02 15:59:00,"p337","FALSE"
"c1801","User_105","palestine","Economic impact of the war is being felt across the Middle East.",92,2026-05-02 16:00:00,"p216","FALSE"
"c1802","User_352","palestine","The role of international organizations is being questioned.",-59,2026-05-02 16:01:00,"p26","FALSE"
"c1803","User_120","worldnews","New reports suggest a possible breakthrough in negotiations.",12,2026-05-02 16:02:00,"p219","FALSE"
"c1804","User_157","israel","Diplomatic efforts are ongoing but progress is slow.",122,2026-05-02 16:03:00,"p92","FALSE"
"c1805","User_171","israel","Economic impact of the war is being felt across the Middle East.",-5,2026-05-02 16:04:00,"p270","FALSE"
"c1806","User_528","news","Public opinion is deeply divided on the best path to peace.",80,2026-05-02 16:05:00,"p380","FALSE"
"c1807","User_494","news","Diplomatic efforts are ongoing but progress is slow.",-79,2026-05-02 16:06:00,"p361","TRUE"
"c1808","User_323","israel","Economic impact of the war is being felt across the Middle East.",-301,2026-05-02 16:07:00,"p315","FALSE"
"c1809","User_248","palestine","Diplomatic efforts are ongoing but progress is slow.",149,2026-05-02 16:08:00,"p346","FALSE"
"c1810","User_789","israel","Historical context is essential to understand the current escalation.",-25,2026-05-02 16:09:00,"p297","FALSE"
"c1811","User_437","israel","Protests are spreading globally in support of humanitarian aid.",-44,2026-05-02 16:10:00,"p59","FALSE"
"c1812","User_172","israel","The conflict continues with heavy casualties on both sides.",8,2026-05-02 16:11:00,"p364","FALSE"
"c1813","User_780","palestine","The conflict continues with heavy casualties on both sides.",173,2026-05-02 16:12:00,"p251","TRUE"
"c1814","User_158","worldnews","Diplomatic efforts are ongoing but progress is slow.",146,2026-05-02 16:13:00,"p19","FALSE"
"c1815","User_688","politics","Discourse on social media is highly polarized and full of misinformation.",-102,2026-05-02 16:14:00,"p274","FALSE"
"c1816","User_475","news","Discourse on social media is highly polarized and full of misinformation.",166,2026-05-02 16:15:00,"p140","FALSE"
"c1817","User_299","worldnews","Protests are spreading globally in support of humanitarian aid.",-218,2026-05-02 16:16:00,"p107","FALSE"
"c1818","User_621","news","Protests are spreading globally in support of humanitarian aid.",31,2026-05-02 16:17:00,"p18","FALSE"
"c1819","User_159","israel","New reports suggest a possible breakthrough in negotiations.",-141,2026-05-02 16:18:00,"p264","TRUE"
"c1820","User_167","worldnews","Security measures are being tightened in the region.",80,2026-05-02 16:19:00,"p70","FALSE"
"c1821","User_661","news","Diplomatic efforts are ongoing but progress is slow.",145,2026-05-02 16:20:00,"p393","TRUE"
"c1822","User_743","MiddleEastHistory","New reports suggest a possible breakthrough in negotiations.",15,2026-05-02 16:21:00,"p308","TRUE"
"c1823","User_159","worldnews","International community calls for an immediate ceasefire.",61,2026-05-02 16:22:00,"p8","FALSE"
"c1824","User_357","MiddleEastHistory","Historical context is essential to understand the current escalation.",3,2026-05-02 16:23:00,"p308","FALSE"
"c1825","User_272","MiddleEastHistory","The role of international organizations is being questioned.",89,2026-05-02 16:24:00,"p380","TRUE"
"c1826","User_358","worldnews","Discourse on social media is highly polarized and full of misinformation.",-194,2026-05-02 16:25:00,"p162","FALSE"
"c1827","User_760","worldnews","The conflict continues with heavy casualties on both sides.",-76,2026-05-02 16:26:00,"p257","FALSE"
"c1828","User_30","worldnews","International community calls for an immediate ceasefire.",-388,2026-05-02 16:27:00,"p133","FALSE"
"c1829","User_708","MiddleEastHistory","The conflict continues with heavy casualties on both sides.",47,2026-05-02 16:28:00,"p372","FALSE"
"c1830","User_269","politics","Historical context is essential to understand the current escalation.",319,2026-05-02 16:29:00,"p171","FALSE"
"c1831","User_725","palestine","The role of international organizations is being questioned.",-4,2026-05-02 16:30:00,"p194","FALSE"
"c1832","User_400","worldnews","Security measures are being tightened in the region.",-224,2026-05-02 16:31:00,"p98","FALSE"
"c1833","User_207","israel","Diplomatic efforts are ongoing but progress is slow.",122,2026-05-02 16:32:00,"p67","TRUE"
"c1834","User_292","politics","Diplomatic efforts are ongoing but progress is slow.",185,2026-05-02 16:33:00,"p7","FALSE"
"c1835","User_683","MiddleEastHistory","Historical context is essential to understand the current escalation.",-94,2026-05-02 16:34:00,"p350","TRUE"
"c1836","User_648","worldnews","Civilians are paying the highest price in this long-standing conflict.",-398,2026-05-02 16:35:00,"p259","FALSE"
"c1837","User_419","worldnews","Public opinion is deeply divided on the best path to peace.",-175,2026-05-02 16:36:00,"p160","TRUE"
"c1838","User_62","worldnews","Historical context is essential to understand the current escalation.",-116,2026-05-02 16:37:00,"p241","FALSE"
"c1839","User_674","palestine","Security measures are being tightened in the region.",205,2026-05-02 16:38:00,"p265","FALSE"
"c1840","User_591","news","International community calls for an immediate ceasefire.",8,2026-05-02 16:39:00,"p313","FALSE"
"c1841","User_62","israel","Security measures are being tightened in the region.",135,2026-05-02 16:40:00,"p136","TRUE"
"c1842","User_479","palestine","Protests are spreading globally in support of humanitarian aid.",-83,2026-05-02 16:41:00,"p31","FALSE"
"c1843","User_438","worldnews","Discourse on social media is highly polarized and full of misinformation.",-62,2026-05-02 16:42:00,"p78","FALSE"
"c1844","User_705","israel","International community calls for an immediate ceasefire.",2,2026-05-02 16:43:00,"p387","FALSE"
"c1845","User_100","worldnews","The conflict continues with heavy casualties on both sides.",34,2026-05-02 16:44:00,"p379","FALSE"
"c1846","User_7","israel","Discourse on social media is highly polarized and full of misinformation.",317,2026-05-02 16:45:00,"p29","FALSE"
"c1847","User_766","worldnews","Protests are spreading globally in support of humanitarian aid.",-214,2026-05-02 16:46:00,"p46","TRUE"
"c1848","User_522","palestine","Economic impact of the war is being felt across the Middle East.",-124,2026-05-02 16:47:00,"p169","FALSE"
"c1849","User_84","israel","Historical context is essential to understand the current escalation.",181,2026-05-02 16:48:00,"p380","FALSE"
"c1850","User_681","politics","The role of international organizations is being questioned.",-18,2026-05-02 16:49:00,"p76","FALSE"
"c1851","User_728","palestine","Protests are spreading globally in support of humanitarian aid.",4,2026-05-02 16:50:00,"p379","FALSE"
"c1852","User_681","MiddleEastHistory","International community calls for an immediate ceasefire.",-1,2026-05-02 16:51:00,"p260","FALSE"
"c1853","User_690","israel","Civilians are paying the highest price in this long-standing conflict.",-119,2026-05-02 16:52:00,"p317","FALSE"
"c1854","User_493","palestine","Public opinion is deeply divided on the best path to peace.",321,2026-05-02 16:53:00,"p161","FALSE"
"c1855","User_270","palestine","Historical context is essential to understand the current escalation.",-109,2026-05-02 16:54:00,"p300","FALSE"
"c1856","User_55","worldnews","International community calls for an immediate ceasefire.",-102,2026-05-02 16:55:00,"p25","FALSE"
"c1857","User_126","worldnews","Security measures are being tightened in the region.",195,2026-05-02 16:56:00,"p86","TRUE"
"c1858","User_485","worldnews","Protests are spreading globally in support of humanitarian aid.",-73,2026-05-02 16:57:00,"p50","FALSE"
"c1859","User_56","news","Historical context is essential to understand the current escalation.",-32,2026-05-02 16:58:00,"p10","FALSE"
"c1860","User_93","worldnews","Protests are spreading globally in support of humanitarian aid.",31,2026-05-02 16:59:00,"p122","FALSE"
"c1861","User_322","worldnews","Security measures are being tightened in the region.",4,2026-05-02 17:00:00,"p339","FALSE"
"c1862","User_405","news","Diplomatic efforts are ongoing but progress is slow.",46,2026-05-02 17:01:00,"p109","TRUE"
"c1863","User_245","worldnews","Diplomatic efforts are ongoing but progress is slow.",-9,2026-05-02 17:02:00,"p189","FALSE"
"c1864","User_244","politics","Protests are spreading globally in support of humanitarian aid.",-203,2026-05-02 17:03:00,"p282","FALSE"
"c1865","User_121","MiddleEastHistory","Civilians are paying the highest price in this long-standing conflict.",-242,2026-05-02 17:04:00,"p374","FALSE"
"c1866","User_570","MiddleEastHistory","The conflict continues with heavy casualties on both sides.",307,2026-05-02 17:05:00,"p352","FALSE"
"c1867","User_302","worldnews","New reports suggest a possible breakthrough in negotiations.",100,2026-05-02 17:06:00,"p171","FALSE"
"c1868","User_722","palestine","Diplomatic efforts are ongoing but progress is slow.",-26,2026-05-02 17:07:00,"p356","FALSE"
"c1869","User_23","palestine","Economic impact of the war is being felt across the Middle East.",178,2026-05-02 17:08:00,"p306","FALSE"
"c1870","User_190","MiddleEastHistory","Protests are spreading globally in support of humanitarian aid.",-165,2026-05-02 17:09:00,"p80","FALSE"
"c1871","User_144","palestine","New reports suggest a possible breakthrough in negotiations.",198,2026-05-02 17:10:00,"p316","FALSE"
"c1872","User_454","worldnews","Security measures are being tightened in the region.",68,2026-05-02 17:11:00,"p338","FALSE"
"c1873","User_747","worldnews","Protests are spreading globally in support of humanitarian aid.",-162,2026-05-02 17:12:00,"p394","FALSE"
"c1874","User_380","palestine","Discourse on social media is highly polarized and full of misinformation.",-156,2026-05-02 17:13:00,"p223","TRUE"
"c1875","User_276","worldnews","Protests are spreading globally in support of humanitarian aid.",81,2026-05-02 17:14:00,"p382","FALSE"
"c1876","User_399","news","Protests are spreading globally in support of humanitarian aid.",8,2026-05-02 17:15:00,"p320","FALSE"
"c1877","User_69","MiddleEastHistory","New reports suggest a possible breakthrough in negotiations.",265,2026-05-02 17:16:00,"p206","FALSE"
"c1878","User_332","worldnews","Discourse on social media is highly polarized and full of misinformation.",285,2026-05-02 17:17:00,"p10","FALSE"
"c1879","User_362","palestine","Civilians are paying the highest price in this long-standing conflict.",-108,2026-05-02 17:18:00,"p189","FALSE"
"c1880","User_225","news","Discourse on social media is highly polarized and full of misinformation.",116,2026-05-02 17:19:00,"p255","FALSE"
"c1881","User_278","palestine","Protests are spreading globally in support of humanitarian aid.",-78,2026-05-02 17:20:00,"p87","FALSE"
"c1882","User_560","palestine","Economic impact of the war is being felt across the Middle East.",-82,2026-05-02 17:21:00,"p159","TRUE"
"c1883","User_253","news","Discourse on social media is highly polarized and full of misinformation.",-41,2026-05-02 17:22:00,"p123","FALSE"
"c1884","User_68","MiddleEastHistory","Discourse on social media is highly polarized and full of misinformation.",180,2026-05-02 17:23:00,"p276","FALSE"
"c1885","User_746","palestine","International community calls for an immediate ceasefire.",122,2026-05-02 17:24:00,"p76","FALSE"
"c1886","User_304","israel","Historical context is essential to understand the current escalation.",-43,2026-05-02 17:25:00,"p295","FALSE"
"c1887","User_668","news","Civilians are paying the highest price in this long-standing conflict.",-44,2026-05-02 17:26:00,"p132","FALSE"
"c1888","User_595","politics","The role of international organizations is being questioned.",387,2026-05-02 17:27:00,"p370","FALSE"
"c1889","User_325","politics","Economic impact of the war is being felt across the Middle East.",-16,2026-05-02 17:28:00,"p373","FALSE"
"c1890","User_472","palestine","Economic impact of the war is being felt across the Middle East.",-104,2026-05-02 17:29:00,"p65","FALSE"
"c1891","User_297","worldnews","Security measures are being tightened in the region.",-112,2026-05-02 17:30:00,"p354","FALSE"
"c1892","User_318","worldnews","Historical context is essential to understand the current escalation.",-66,2026-05-02 17:31:00,"p98","FALSE"
"c1893","User_680","worldnews","Economic impact of the war is being felt across the Middle East.",-34,2026-05-02 17:32:00,"p220","FALSE"
"c1894","User_377","worldnews","The role of international organizations is being questioned.",-63,2026-05-02 17:33:00,"p25","FALSE"
"c1895","User_742","israel","Security measures are being tightened in the region.",123,2026-05-02 17:34:00,"p36","FALSE"
"c1896","User_590","palestine","Discourse on social media is highly polarized and full of misinformation.",-57,2026-05-02 17:35:00,"p77","FALSE"
"c1897","User_224","politics","International community calls for an immediate ceasefire.",-40,2026-05-02 17:36:00,"p52","TRUE"
"c1898","User_336","politics","Public opinion is deeply divided on the best path to peace.",-46,2026-05-02 17:37:00,"p171","FALSE"
"c1899","User_200","israel","Discourse on social media is highly polarized and full of misinformation.",-105,2026-05-02 17:38:00,"p184","TRUE"
"c1900","User_452","MiddleEastHistory","Security measures are being tightened in the region.",-64,2026-05-02 17:39:00,"p56","FALSE"
"c1901","User_773","politics","International community calls for an immediate ceasefire.",-284,2026-05-02 17:40:00,"p180","FALSE"
"c1902","User_232","palestine","Diplomatic efforts are ongoing but progress is slow.",172,2026-05-02 17:41:00,"p21","FALSE"
"c1903","User_437","worldnews","Historical context is essential to understand the current escalation.",146,2026-05-02 17:42:00,"p164","FALSE"
"c1904","User_698","israel","International community calls for an immediate ceasefire.",-21,2026-05-02 17:43:00,"p266","FALSE"
"c1905","User_12","israel","Security measures are being tightened in the region.",-107,2026-05-02 17:44:00,"p89","FALSE"
"c1906","User_571","israel","Civilians are paying the highest price in this long-standing conflict.",-1,2026-05-02 17:45:00,"p51","FALSE"
"c1907","User_312","worldnews","Historical context is essential to understand the current escalation.",-17,2026-05-02 17:46:00,"p380","FALSE"
"c1908","User_4","palestine","Historical context is essential to understand the current escalation.",150,2026-05-02 17:47:00,"p17","FALSE"
"c1909","User_211","israel","Historical context is essential to understand the current escalation.",-237,2026-05-02 17:48:00,"p197","FALSE"
"c1910","User_327","palestine","Public opinion is deeply divided on the best path to peace.",108,2026-05-02 17:49:00,"p217","FALSE"
"c1911","User_630","worldnews","Civilians are paying the highest price in this long-standing conflict.",5,2026-05-02 17:50:00,"p303","FALSE"
"c1912","User_625","palestine","Historical context is essential to understand the current escalation.",347,2026-05-02 17:51:00,"p195","FALSE"
"c1913","User_41","israel","The role of international organizations is being questioned.",-52,2026-05-02 17:52:00,"p241","FALSE"
"c1914","User_701","palestine","The role of international organizations is being questioned.",-29,2026-05-02 17:53:00,"p239","FALSE"
"c1915","User_416","news","The role of international organizations is being questioned.",157,2026-05-02 17:54:00,"p130","FALSE"
"c1916","User_5","israel","The conflict continues with heavy casualties on both sides.",142,2026-05-02 17:55:00,"p331","FALSE"
"c1917","User_283","israel","New reports suggest a possible breakthrough in negotiations.",32,2026-05-02 17:56:00,"p267","FALSE"
"c1918","User_483","worldnews","Security measures are being tightened in the region.",-165,2026-05-02 17:57:00,"p359","FALSE"
"c1919","User_623","worldnews","Civilians are paying the highest price in this long-standing conflict.",54,2026-05-02 17:58:00,"p295","FALSE"
"c1920","User_443","palestine","Discourse on social media is highly polarized and full of misinformation.",70,2026-05-02 17:59:00,"p316","FALSE"
"c1921","User_87","MiddleEastHistory","Public opinion is deeply divided on the best path to peace.",131,2026-05-02 18:00:00,"p329","TRUE"
"c1922","User_510","palestine","New reports suggest a possible breakthrough in negotiations.",311,2026-05-02 18:01:00,"p333","FALSE"
"c1923","User_91","worldnews","The conflict continues with heavy casualties on both sides.",-192,2026-05-02 18:02:00,"p63","FALSE"
"c1924","User_471","news","International community calls for an immediate ceasefire.",-245,2026-05-02 18:03:00,"p347","FALSE"
"c1925","User_72","israel","International community calls for an immediate ceasefire.",-16,2026-05-02 18:04:00,"p185","FALSE"
"c1926","User_253","israel","Civilians are paying the highest price in this long-standing conflict.",114,2026-05-02 18:05:00,"p64","FALSE"
"c1927","User_230","news","Economic impact of the war is being felt across the Middle East.",196,2026-05-02 18:06:00,"p22","FALSE"
"c1928","User_299","worldnews","Economic impact of the war is being felt across the Middle East.",-259,2026-05-02 18:07:00,"p322","FALSE"
"c1929","User_125","worldnews","The conflict continues with heavy casualties on both sides.",-131,2026-05-02 18:08:00,"p356","FALSE"
"c1930","User_57","worldnews","The conflict continues with heavy casualties on both sides.",-118,2026-05-02 18:09:00,"p307","FALSE"
"c1931","User_645","MiddleEastHistory","New reports suggest a possible breakthrough in negotiations.",-114,2026-05-02 18:10:00,"p380","FALSE"
"c1932","User_769","israel","Diplomatic efforts are ongoing but progress is slow.",117,2026-05-02 18:11:00,"p339","FALSE"
"c1933","User_12","worldnews","The conflict continues with heavy casualties on both sides.",-205,2026-05-02 18:12:00,"p85","FALSE"
"c1934","User_187","worldnews","Protests are spreading globally in support of humanitarian aid.",104,2026-05-02 18:13:00,"p148","FALSE"
"c1935","User_727","palestine","Civilians are paying the highest price in this long-standing conflict.",-312,2026-05-02 18:14:00,"p57","TRUE"
"c1936","User_665","worldnews","The conflict continues with heavy casualties on both sides.",-69,2026-05-02 18:15:00,"p126","TRUE"
"c1937","User_357","MiddleEastHistory","The conflict continues with heavy casualties on both sides.",-2,2026-05-02 18:16:00,"p219","FALSE"
"c1938","User_790","worldnews","Historical context is essential to understand the current escalation.",-54,2026-05-02 18:17:00,"p260","TRUE"
"c1939","User_440","israel","Historical context is essential to understand the current escalation.",149,2026-05-02 18:18:00,"p112","FALSE"
"c1940","User_492","israel","Security measures are being tightened in the region.",89,2026-05-02 18:19:00,"p210","FALSE"
"c1941","User_197","israel","Civilians are paying the highest price in this long-standing conflict.",385,2026-05-02 18:20:00,"p264","FALSE"
"c1942","User_135","MiddleEastHistory","New reports suggest a possible breakthrough in negotiations.",-42,2026-05-02 18:21:00,"p351","TRUE"
"c1943","User_20","politics","The role of international organizations is being questioned.",158,2026-05-02 18:22:00,"p192","FALSE"
"c1944","User_554","politics","Public opinion is deeply divided on the best path to peace.",-28,2026-05-02 18:23:00,"p98","FALSE"
"c1945","User_88","palestine","Diplomatic efforts are ongoing but progress is slow.",120,2026-05-02 18:24:00,"p371","FALSE"
"c1946","User_247","worldnews","International community calls for an immediate ceasefire.",-149,2026-05-02 18:25:00,"p318","FALSE"
"c1947","User_448","israel","Security measures are being tightened in the region.",11,2026-05-02 18:26:00,"p306","FALSE"
"c1948","User_407","palestine","Security measures are being tightened in the region.",160,2026-05-02 18:27:00,"p316","FALSE"
"c1949","User_10","worldnews","International community calls for an immediate ceasefire.",391,2026-05-02 18:28:00,"p319","FALSE"
"c1950","User_572","worldnews","Economic impact of the war is being felt across the Middle East.",-26,2026-05-02 18:29:00,"p397","TRUE"
"c1951","User_481","palestine","Protests are spreading globally in support of humanitarian aid.",318,2026-05-02 18:30:00,"p209","FALSE"
"c1952","User_179","politics","Economic impact of the war is being felt across the Middle East.",136,2026-05-02 18:31:00,"p150","FALSE"
"c1953","User_42","MiddleEastHistory","The role of international organizations is being questioned.",293,2026-05-02 18:32:00,"p6","FALSE"
"c1954","User_100","israel","International community calls for an immediate ceasefire.",-198,2026-05-02 18:33:00,"p358","FALSE"
"c1955","User_57","israel","International community calls for an immediate ceasefire.",-41,2026-05-02 18:34:00,"p67","FALSE"
"c1956","User_534","politics","Diplomatic efforts are ongoing but progress is slow.",-191,2026-05-02 18:35:00,"p60","FALSE"
"c1957","User_55","news","International community calls for an immediate ceasefire.",-156,2026-05-02 18:36:00,"p53","TRUE"
"c1958","User_196","worldnews","New reports suggest a possible breakthrough in negotiations.",26,2026-05-02 18:37:00,"p332","FALSE"
"c1959","User_162","palestine","Historical context is essential to understand the current escalation.",207,2026-05-02 18:38:00,"p294","FALSE"
"c1960","User_116","palestine","Historical context is essential to understand the current escalation.",-111,2026-05-02 18:39:00,"p153","FALSE"
"c1961","User_633","israel","Public opinion is deeply divided on the best path to peace.",-122,2026-05-02 18:40:00,"p134","FALSE"
"c1962","User_536","worldnews","Security measures are being tightened in the region.",241,2026-05-02 18:41:00,"p155","TRUE"
"c1963","User_238","palestine","Economic impact of the war is being felt across the Middle East.",198,2026-05-02 18:42:00,"p136","FALSE"
"c1964","User_298","israel","The conflict continues with heavy casualties on both sides.",-19,2026-05-02 18:43:00,"p241","FALSE"
"c1965","User_396","news","Protests are spreading globally in support of humanitarian aid.",-15,2026-05-02 18:44:00,"p29","FALSE"
"c1966","User_93","MiddleEastHistory","Economic impact of the war is being felt across the Middle East.",157,2026-05-02 18:45:00,"p63","FALSE"
"c1967","User_552","israel","Public opinion is deeply divided on the best path to peace.",177,2026-05-02 18:46:00,"p140","TRUE"
"c1968","User_511","news","Civilians are paying the highest price in this long-standing conflict.",158,2026-05-02 18:47:00,"p323","FALSE"
"c1969","User_283","news","Civilians are paying the highest price in this long-standing conflict.",-200,2026-05-02 18:48:00,"p115","FALSE"
"c1970","User_308","palestine","International community calls for an immediate ceasefire.",28,2026-05-02 18:49:00,"p359","FALSE"
"c1971","User_675","palestine","Public opinion is deeply divided on the best path to peace.",172,2026-05-02 18:50:00,"p242","FALSE"
"c1972","User_743","politics","Diplomatic efforts are ongoing but progress is slow.",137,2026-05-02 18:51:00,"p55","FALSE"
"c1973","User_780","israel","Public opinion is deeply divided on the best path to peace.",198,2026-05-02 18:52:00,"p111","FALSE"
"c1974","User_540","politics","The role of international organizations is being questioned.",40,2026-05-02 18:53:00,"p339","FALSE"
"c1975","User_462","israel","Economic impact of the war is being felt across the Middle East.",313,2026-05-02 18:54:00,"p13","TRUE"
"c1976","User_110","worldnews","Historical context is essential to understand the current escalation.",-57,2026-05-02 18:55:00,"p38","FALSE"
"c1977","User_465","palestine","New reports suggest a possible breakthrough in negotiations.",169,2026-05-02 18:56:00,"p270","TRUE"
"c1978","User_569","worldnews","Diplomatic efforts are ongoing but progress is slow.",13,2026-05-02 18:57:00,"p141","FALSE"
"c1979","User_134","MiddleEastHistory","The conflict continues with heavy casualties on both sides.",294,2026-05-02 18:58:00,"p398","FALSE"
"c1980","User_103","palestine","The conflict continues with heavy casualties on both sides.",10,2026-05-02 18:59:00,"p253","FALSE"
"c1981","User_75","israel","Security measures are being tightened in the region.",113,2026-05-02 19:00:00,"p335","FALSE"
"c1982","User_394","palestine","Discourse on social media is highly polarized and full of misinformation.",190,2026-05-02 19:01:00,"p63","FALSE"
"c1983","User_425","MiddleEastHistory","Public opinion is deeply divided on the best path to peace.",252,2026-05-02 19:02:00,"p208","FALSE"
"c1984","User_211","palestine","Discourse on social media is highly polarized and full of misinformation.",176,2026-05-02 19:03:00,"p393","FALSE"
"c1985","User_661","worldnews","Historical context is essential to understand the current escalation.",72,2026-05-02 19:04:00,"p122","FALSE"
"c1986","User_221","israel","The conflict continues with heavy casualties on both sides.",-212,2026-05-02 19:05:00,"p308","FALSE"
"c1987","User_455","news","Discourse on social media is highly polarized and full of misinformation.",199,2026-05-02 19:06:00,"p387","TRUE"
"c1988","User_516","worldnews","The role of international organizations is being questioned.",253,2026-05-02 19:07:00,"p125","FALSE"
"c1989","User_454","israel","The role of international organizations is being questioned.",-40,2026-05-02 19:08:00,"p58","TRUE"
"c1990","User_629","news","Historical context is essential to understand the current escalation.",235,2026-05-02 19:09:00,"p157","TRUE"
"c1991","User_483","palestine","New reports suggest a possible breakthrough in negotiations.",310,2026-05-02 19:10:00,"p287","FALSE"
"c1992","User_619","israel","Historical context is essential to understand the current escalation.",206,2026-05-02 19:11:00,"p397","FALSE"
"c1993","User_710","israel","Discourse on social media is highly polarized and full of misinformation.",-29,2026-05-02 19:12:00,"p14","FALSE"
"c1994","User_58","MiddleEastHistory","Diplomatic efforts are ongoing but progress is slow.",-14,2026-05-02 19:13:00,"p349","FALSE"
"c1995","User_650","worldnews","The role of international organizations is being questioned.",-73,2026-05-02 19:14:00,"p387","FALSE"
"c1996","User_189","worldnews","Discourse on social media is highly polarized and full of misinformation.",-237,2026-05-02 19:15:00,"p233","FALSE"
"c1997","User_9","worldnews","Discourse on social media is highly polarized and full of misinformation.",-164,2026-05-02 19:16:00,"p111","FALSE"
"c1998","User_110","politics","International community calls for an immediate ceasefire.",68,2026-05-02 19:17:00,"p150","FALSE"
"c1999","User_194","israel","The conflict continues with heavy casualties on both sides.",-198,2026-05-02 19:18:00,"p324","FALSE"
"c2000","User_571","israel","Discourse on social media is highly polarized and full of misinformation.",-6,2026-05-02 19:19:00,"p317","TRUE"
"c2001","User_753","israel","Economic impact of the war is being felt across the Middle East.",72,2026-05-02 19:20:00,"p49","FALSE"
"c2002","User_442","politics","The role of international organizations is being questioned.",-153,2026-05-02 19:21:00,"p372","FALSE"
"c2003","User_463","palestine","Protests are spreading globally in support of humanitarian aid.",246,2026-05-02 19:22:00,"p241","FALSE"
"c2004","User_672","politics","Civilians are paying the highest price in this long-standing conflict.",122,2026-05-02 19:23:00,"p210","FALSE"
"c2005","User_416","worldnews","Historical context is essential to understand the current escalation.",-4,2026-05-02 19:24:00,"p85","FALSE"
"c2006","User_708","palestine","Security measures are being tightened in the region.",244,2026-05-02 19:25:00,"p342","FALSE"
"c2007","User_579","palestine","Public opinion is deeply divided on the best path to peace.",-127,2026-05-02 19:26:00,"p349","FALSE"
"c2008","User_527","israel","Civilians are paying the highest price in this long-standing conflict.",125,2026-05-02 19:27:00,"p76","FALSE"
"c2009","User_458","news","The role of international organizations is being questioned.",-154,2026-05-02 19:28:00,"p212","FALSE"
"c2010","User_549","israel","Diplomatic efforts are ongoing but progress is slow.",-123,2026-05-02 19:29:00,"p138","FALSE"
"c2011","User_625","news","Economic impact of the war is being felt across the Middle East.",35,2026-05-02 19:30:00,"p180","FALSE"
"c2012","User_307","israel","Economic impact of the war is being felt across the Middle East.",52,2026-05-02 19:31:00,"p357","FALSE"
"c2013","User_66","news","Economic impact of the war is being felt across the Middle East.",99,2026-05-02 19:32:00,"p350","FALSE"
"c2014","User_111","israel","Protests are spreading globally in support of humanitarian aid.",-124,2026-05-02 19:33:00,"p120","FALSE"
"c2015","User_466","worldnews","International community calls for an immediate ceasefire.",-240,2026-05-02 19:34:00,"p318","TRUE"
"c2016","User_495","israel","Historical context is essential to understand the current escalation.",-39,2026-05-02 19:35:00,"p236","FALSE"
"c2017","User_388","news","Historical context is essential to understand the current escalation.",82,2026-05-02 19:36:00,"p92","FALSE"
"c2018","User_427","israel","New reports suggest a possible breakthrough in negotiations.",-128,2026-05-02 19:37:00,"p298","FALSE"
"c2019","User_181","MiddleEastHistory","Economic impact of the war is being felt across the Middle East.",0,2026-05-02 19:38:00,"p369","FALSE"
"c2020","User_513","politics","Economic impact of the war is being felt across the Middle East.",-1,2026-05-02 19:39:00,"p274","FALSE"
"c2021","User_452","worldnews","International community calls for an immediate ceasefire.",168,2026-05-02 19:40:00,"p207","TRUE"
"c2022","User_658","palestine","The role of international organizations is being questioned.",8,2026-05-02 19:41:00,"p40","FALSE"
"c2023","User_178","israel","The conflict continues with heavy casualties on both sides.",13,2026-05-02 19:42:00,"p172","FALSE"
"c2024","User_229","worldnews","International community calls for an immediate ceasefire.",-51,2026-05-02 19:43:00,"p220","FALSE"
"c2025","User_678","israel","Discourse on social media is highly polarized and full of misinformation.",-194,2026-05-02 19:44:00,"p372","FALSE"
"c2026","User_712","palestine","Protests are spreading globally in support of humanitarian aid.",174,2026-05-02 19:45:00,"p245","FALSE"
"c2027","User_485","palestine","Security measures are being tightened in the region.",210,2026-05-02 19:46:00,"p301","FALSE"
"c2028","User_164","palestine","New reports suggest a possible breakthrough in negotiations.",181,2026-05-02 19:47:00,"p362","FALSE"
"c2029","User_778","politics","The role of international organizations is being questioned.",-52,2026-05-02 19:48:00,"p224","TRUE"
"c2030","User_614","israel","Security measures are being tightened in the region.",-55,2026-05-02 19:49:00,"p51","FALSE"
"c2031","User_644","MiddleEastHistory","Civilians are paying the highest price in this long-standing conflict.",147,2026-05-02 19:50:00,"p291","FALSE"
"c2032","User_287","palestine","Diplomatic efforts are ongoing but progress is slow.",-51,2026-05-02 19:51:00,"p194","FALSE"
"c2033","User_129","worldnews","The role of international organizations is being questioned.",197,2026-05-02 19:52:00,"p64","FALSE"
"c2034","User_291","palestine","International community calls for an immediate ceasefire.",179,2026-05-02 19:53:00,"p382","FALSE"
"c2035","User_772","israel","Diplomatic efforts are ongoing but progress is slow.",263,2026-05-02 19:54:00,"p108","TRUE"
"c2036","User_163","israel","The role of international organizations is being questioned.",10,2026-05-02 19:55:00,"p301","FALSE"
"c2037","User_30","palestine","Economic impact of the war is being felt across the Middle East.",-94,2026-05-02 19:56:00,"p28","FALSE"
"c2038","User_224","israel","Economic impact of the war is being felt across the Middle East.",116,2026-05-02 19:57:00,"p364","FALSE"
"c2039","User_132","israel","The conflict continues with heavy casualties on both sides.",-270,2026-05-02 19:58:00,"p370","TRUE"
"c2040","User_772","worldnews","Protests are spreading globally in support of humanitarian aid.",54,2026-05-02 19:59:00,"p103","FALSE"
"c2041","User_532","news","Historical context is essential to understand the current escalation.",240,2026-05-02 20:00:00,"p381","TRUE"
"c2042","User_294","israel","Economic impact of the war is being felt across the Middle East.",67,2026-05-02 20:01:00,"p216","FALSE"
"c2043","User_80","MiddleEastHistory","Diplomatic efforts are ongoing but progress is slow.",310,2026-05-02 20:02:00,"p362","FALSE"
"c2044","User_47","worldnews","Diplomatic efforts are ongoing but progress is slow.",329,2026-05-02 20:03:00,"p272","FALSE"
"c2045","User_316","MiddleEastHistory","Discourse on social media is highly polarized and full of misinformation.",-87,2026-05-02 20:04:00,"p278","FALSE"
"c2046","User_389","worldnews","International community calls for an immediate ceasefire.",167,2026-05-02 20:05:00,"p370","FALSE"
"c2047","User_167","MiddleEastHistory","International community calls for an immediate ceasefire.",-38,2026-05-02 20:06:00,"p386","FALSE"
"c2048","User_361","israel","Economic impact of the war is being felt across the Middle East.",98,2026-05-02 20:07:00,"p146","FALSE"
"c2049","User_392","worldnews","Diplomatic efforts are ongoing but progress is slow.",68,2026-05-02 20:08:00,"p118","FALSE"
"c2050","User_452","palestine","Historical context is essential to understand the current escalation.",130,2026-05-02 20:09:00,"p200","TRUE"
"c2051","User_196","MiddleEastHistory","New reports suggest a possible breakthrough in negotiations.",-146,2026-05-02 20:10:00,"p105","FALSE"
"c2052","User_167","politics","Public opinion is deeply divided on the best path to peace.",124,2026-05-02 20:11:00,"p197","TRUE"
"c2053","User_69","palestine","International community calls for an immediate ceasefire.",-61,2026-05-02 20:12:00,"p173","FALSE"
"c2054","User_89","palestine","Discourse on social media is highly polarized and full of misinformation.",19,2026-05-02 20:13:00,"p400","FALSE"
"c2055","User_788","worldnews","Civilians are paying the highest price in this long-standing conflict.",-140,2026-05-02 20:14:00,"p91","FALSE"
"c2056","User_549","politics","Diplomatic efforts are ongoing but progress is slow.",63,2026-05-02 20:15:00,"p396","FALSE"
"c2057","User_1","worldnews","Economic impact of the war is being felt across the Middle East.",36,2026-05-02 20:16:00,"p75","FALSE"
"c2058","User_514","israel","Public opinion is deeply divided on the best path to peace.",60,2026-05-02 20:17:00,"p359","FALSE"
"c2059","User_287","israel","International community calls for an immediate ceasefire.",-54,2026-05-02 20:18:00,"p17","FALSE"
"c2060","User_411","worldnews","The conflict continues with heavy casualties on both sides.",115,2026-05-02 20:19:00,"p80","FALSE"
"c2061","User_588","politics","Historical context is essential to understand the current escalation.",3,2026-05-02 20:20:00,"p29","FALSE"
"c2062","User_406","politics","Protests are spreading globally in support of humanitarian aid.",-38,2026-05-02 20:21:00,"p54","FALSE"
"c2063","User_516","israel","Economic impact of the war is being felt across the Middle East.",-24,2026-05-02 20:22:00,"p39","FALSE"
"c2064","User_360","worldnews","Economic impact of the war is being felt across the Middle East.",-178,2026-05-02 20:23:00,"p109","FALSE"
"c2065","User_290","worldnews","New reports suggest a possible breakthrough in negotiations.",83,2026-05-02 20:24:00,"p2","FALSE"
"c2066","User_260","MiddleEastHistory","Diplomatic efforts are ongoing but progress is slow.",113,2026-05-02 20:25:00,"p24","FALSE"
"c2067","User_324","israel","Discourse on social media is highly polarized and full of misinformation.",-33,2026-05-02 20:26:00,"p206","FALSE"
"c2068","User_496","israel","Discourse on social media is highly polarized and full of misinformation.",71,2026-05-02 20:27:00,"p192","FALSE"
"c2069","User_450","news","Economic impact of the war is being felt across the Middle East.",401,2026-05-02 20:28:00,"p190","FALSE"
"c2070","User_344","MiddleEastHistory","The conflict continues with heavy casualties on both sides.",-196,2026-05-02 20:29:00,"p284","FALSE"
"c2071","User_589","news","Economic impact of the war is being felt across the Middle East.",-93,2026-05-02 20:30:00,"p233","FALSE"
"c2072","User_526","politics","Economic impact of the war is being felt across the Middle East.",395,2026-05-02 20:31:00,"p311","FALSE"
"c2073","User_625","news","Economic impact of the war is being felt across the Middle East.",149,2026-05-02 20:32:00,"p332","FALSE"
"c2074","User_687","worldnews","Public opinion is deeply divided on the best path to peace.",-96,2026-05-02 20:33:00,"p134","FALSE"
"c2075","User_240","israel","Civilians are paying the highest price in this long-standing conflict.",-443,2026-05-02 20:34:00,"p88","FALSE"
"c2076","User_442","israel","The role of international organizations is being questioned.",-40,2026-05-02 20:35:00,"p332","FALSE"
"c2077","User_525","palestine","Public opinion is deeply divided on the best path to peace.",149,2026-05-02 20:36:00,"p365","FALSE"
"c2078","User_238","worldnews","Discourse on social media is highly polarized and full of misinformation.",183,2026-05-02 20:37:00,"p328","FALSE"
"c2079","User_269","politics","International community calls for an immediate ceasefire.",96,2026-05-02 20:38:00,"p105","FALSE"
"c2080","User_475","worldnews","Civilians are paying the highest price in this long-standing conflict.",49,2026-05-02 20:39:00,"p27","FALSE"
"c2081","User_393","news","Civilians are paying the highest price in this long-standing conflict.",119,2026-05-02 20:40:00,"p378","FALSE"
"c2082","User_192","MiddleEastHistory","Diplomatic efforts are ongoing but progress is slow.",311,2026-05-02 20:41:00,"p275","FALSE"
"c2083","User_229","israel","New reports suggest a possible breakthrough in negotiations.",-79,2026-05-02 20:42:00,"p206","FALSE"
"c2084","User_146","israel","The conflict continues with heavy casualties on both sides.",-18,2026-05-02 20:43:00,"p215","FALSE"
"c2085","User_549","israel","The conflict continues with heavy casualties on both sides.",180,2026-05-02 20:44:00,"p238","FALSE"
"c2086","User_338","palestine","Civilians are paying the highest price in this long-standing conflict.",-18,2026-05-02 20:45:00,"p54","FALSE"
"c2087","User_86","worldnews","The role of international organizations is being questioned.",121,2026-05-02 20:46:00,"p293","FALSE"
"c2088","User_248","worldnews","The conflict continues with heavy casualties on both sides.",-10,2026-05-02 20:47:00,"p159","FALSE"
"c2089","User_159","MiddleEastHistory","Diplomatic efforts are ongoing but progress is slow.",455,2026-05-02 20:48:00,"p161","FALSE"
"c2090","User_699","palestine","Diplomatic efforts are ongoing but progress is slow.",43,2026-05-02 20:49:00,"p140","FALSE"
"c2091","User_798","worldnews","Discourse on social media is highly polarized and full of misinformation.",324,2026-05-02 20:50:00,"p40","FALSE"
"c2092","User_716","worldnews","Historical context is essential to understand the current escalation.",81,2026-05-02 20:51:00,"p367","FALSE"
"c2093","User_460","worldnews","Economic impact of the war is being felt across the Middle East.",43,2026-05-02 20:52:00,"p98","FALSE"
"c2094","User_511","israel","International community calls for an immediate ceasefire.",304,2026-05-02 20:53:00,"p154","FALSE"
"c2095","User_794","worldnews","Economic impact of the war is being felt across the Middle East.",59,2026-05-02 20:54:00,"p266","FALSE"
"c2096","User_400","worldnews","Historical context is essential to understand the current escalation.",215,2026-05-02 20:55:00,"p229","FALSE"
"c2097","User_710","MiddleEastHistory","Economic impact of the war is being felt across the Middle East.",203,2026-05-02 20:56:00,"p359","FALSE"
"c2098","User_587","palestine","Security measures are being tightened in the region.",-122,2026-05-02 20:57:00,"p375","FALSE"
"c2099","User_495","worldnews","International community calls for an immediate ceasefire.",-87,2026-05-02 20:58:00,"p343","FALSE"
"c2100","User_217","israel","The role of international organizations is being questioned.",161,2026-05-02 20:59:00,"p178","FALSE"
"c2101","User_546","palestine","International community calls for an immediate ceasefire.",-53,2026-05-02 21:00:00,"p309","FALSE"
"c2102","User_211","palestine","Protests are spreading globally in support of humanitarian aid.",237,2026-05-02 21:01:00,"p158","FALSE"
"c2103","User_777","israel","The conflict continues with heavy casualties on both sides.",-32,2026-05-02 21:02:00,"p151","FALSE"
"c2104","User_361","news","Economic impact of the war is being felt across the Middle East.",53,2026-05-02 21:03:00,"p353","FALSE"
"c2105","User_499","worldnews","Economic impact of the war is being felt across the Middle East.",-4,2026-05-02 21:04:00,"p68","FALSE"
"c2106","User_133","palestine","Public opinion is deeply divided on the best path to peace.",-291,2026-05-02 21:05:00,"p18","FALSE"
"c2107","User_702","worldnews","Economic impact of the war is being felt across the Middle East.",229,2026-05-02 21:06:00,"p370","TRUE"
"c2108","User_319","worldnews","The conflict continues with heavy casualties on both sides.",125,2026-05-02 21:07:00,"p370","FALSE"
"c2109","User_791","israel","Civilians are paying the highest price in this long-standing conflict.",-141,2026-05-02 21:08:00,"p69","TRUE"
"c2110","User_746","israel","Diplomatic efforts are ongoing but progress is slow.",46,2026-05-02 21:09:00,"p141","FALSE"
"c2111","User_80","MiddleEastHistory","Historical context is essential to understand the current escalation.",-103,2026-05-02 21:10:00,"p360","FALSE"
"c2112","User_793","worldnews","Security measures are being tightened in the region.",82,2026-05-02 21:11:00,"p248","FALSE"
"c2113","User_375","news","Historical context is essential to understand the current escalation.",15,2026-05-02 21:12:00,"p177","FALSE"
"c2114","User_571","palestine","Historical context is essential to understand the current escalation.",-12,2026-05-02 21:13:00,"p274","FALSE"
"c2115","User_614","palestine","Discourse on social media is highly polarized and full of misinformation.",-12,2026-05-02 21:14:00,"p65","FALSE"
"c2116","User_275","worldnews","Civilians are paying the highest price in this long-standing conflict.",62,2026-05-02 21:15:00,"p245","FALSE"
"c2117","User_257","palestine","Security measures are being tightened in the region.",-164,2026-05-02 21:16:00,"p274","FALSE"
"c2118","User_181","israel","International community calls for an immediate ceasefire.",350,2026-05-02 21:17:00,"p118","FALSE"
"c2119","User_616","politics","New reports suggest a possible breakthrough in negotiations.",10,2026-05-02 21:18:00,"p318","TRUE"
"c2120","User_164","MiddleEastHistory","Diplomatic efforts are ongoing but progress is slow.",221,2026-05-02 21:19:00,"p300","FALSE"
"c2121","User_187","israel","New reports suggest a possible breakthrough in negotiations.",-15,2026-05-02 21:20:00,"p272","FALSE"
"c2122","User_360","israel","Security measures are being tightened in the region.",-38,2026-05-02 21:21:00,"p285","FALSE"
"c2123","User_470","palestine","Civilians are paying the highest price in this long-standing conflict.",70,2026-05-02 21:22:00,"p263","FALSE"
"c2124","User_619","palestine","Discourse on social media is highly polarized and full of misinformation.",-78,2026-05-02 21:23:00,"p367","TRUE"
"c2125","User_429","news","International community calls for an immediate ceasefire.",240,2026-05-02 21:24:00,"p363","TRUE"
"c2126","User_281","palestine","Protests are spreading globally in support of humanitarian aid.",292,2026-05-02 21:25:00,"p282","FALSE"
"c2127","User_678","worldnews","Diplomatic efforts are ongoing but progress is slow.",108,2026-05-02 21:26:00,"p79","FALSE"
"c2128","User_129","news","The role of international organizations is being questioned.",-146,2026-05-02 21:27:00,"p270","FALSE"
"c2129","User_492","palestine","Civilians are paying the highest price in this long-standing conflict.",-14,2026-05-02 21:28:00,"p254","FALSE"
"c2130","User_263","news","Civilians are paying the highest price in this long-standing conflict.",131,2026-05-02 21:29:00,"p305","FALSE"
"c2131","User_296","worldnews","International community calls for an immediate ceasefire.",227,2026-05-02 21:30:00,"p155","TRUE"
"c2132","User_647","palestine","Historical context is essential to understand the current escalation.",-73,2026-05-02 21:31:00,"p301","FALSE"
"c2133","User_155","israel","Diplomatic efforts are ongoing but progress is slow.",8,2026-05-02 21:32:00,"p85","FALSE"
"c2134","User_12","worldnews","Diplomatic efforts are ongoing but progress is slow.",233,2026-05-02 21:33:00,"p219","FALSE"
"c2135","User_640","palestine","Civilians are paying the highest price in this long-standing conflict.",336,2026-05-02 21:34:00,"p119","TRUE"
"c2136","User_552","news","The role of international organizations is being questioned.",-30,2026-05-02 21:35:00,"p8","FALSE"
"c2137","User_722","worldnews","Economic impact of the war is being felt across the Middle East.",54,2026-05-02 21:36:00,"p172","FALSE"
"c2138","User_438","MiddleEastHistory","The conflict continues with heavy casualties on both sides.",262,2026-05-02 21:37:00,"p329","FALSE"
"c2139","User_697","palestine","Diplomatic efforts are ongoing but progress is slow.",31,2026-05-02 21:38:00,"p229","FALSE"
"c2140","User_309","israel","The role of international organizations is being questioned.",255,2026-05-02 21:39:00,"p210","FALSE"
"c2141","User_25","worldnews","Public opinion is deeply divided on the best path to peace.",130,2026-05-02 21:40:00,"p144","FALSE"
"c2142","User_355","israel","Diplomatic efforts are ongoing but progress is slow.",-72,2026-05-02 21:41:00,"p154","FALSE"
"c2143","User_299","palestine","New reports suggest a possible breakthrough in negotiations.",115,2026-05-02 21:42:00,"p315","FALSE"
"c2144","User_698","worldnews","Discourse on social media is highly polarized and full of misinformation.",128,2026-05-02 21:43:00,"p275","FALSE"
"c2145","User_219","MiddleEastHistory","Protests are spreading globally in support of humanitarian aid.",291,2026-05-02 21:44:00,"p98","FALSE"
"c2146","User_469","palestine","International community calls for an immediate ceasefire.",105,2026-05-02 21:45:00,"p47","FALSE"
"c2147","User_765","israel","International community calls for an immediate ceasefire.",353,2026-05-02 21:46:00,"p89","FALSE"
"c2148","User_247","MiddleEastHistory","Public opinion is deeply divided on the best path to peace.",55,2026-05-02 21:47:00,"p397","FALSE"
"c2149","User_359","israel","New reports suggest a possible breakthrough in negotiations.",78,2026-05-02 21:48:00,"p301","TRUE"
"c2150","User_332","worldnews","Security measures are being tightened in the region.",242,2026-05-02 21:49:00,"p25","FALSE"
"c2151","User_347","politics","Diplomatic efforts are ongoing but progress is slow.",-93,2026-05-02 21:50:00,"p183","FALSE"
"c2152","User_592","israel","Historical context is essential to understand the current escalation.",-43,2026-05-02 21:51:00,"p135","TRUE"
"c2153","User_203","israel","The conflict continues with heavy casualties on both sides.",125,2026-05-02 21:52:00,"p29","FALSE"
"c2154","User_473","palestine","Civilians are paying the highest price in this long-standing conflict.",107,2026-05-02 21:53:00,"p149","FALSE"
"c2155","User_295","news","Historical context is essential to understand the current escalation.",260,2026-05-02 21:54:00,"p121","FALSE"
"c2156","User_244","MiddleEastHistory","Protests are spreading globally in support of humanitarian aid.",81,2026-05-02 21:55:00,"p108","FALSE"
"c2157","User_223","worldnews","Discourse on social media is highly polarized and full of misinformation.",78,2026-05-02 21:56:00,"p265","FALSE"
"c2158","User_588","palestine","Civilians are paying the highest price in this long-standing conflict.",27,2026-05-02 21:57:00,"p352","FALSE"
"c2159","User_583","palestine","The conflict continues with heavy casualties on both sides.",84,2026-05-02 21:58:00,"p85","FALSE"
"c2160","User_280","politics","Historical context is essential to understand the current escalation.",66,2026-05-02 21:59:00,"p133","FALSE"
"c2161","User_795","worldnews","Discourse on social media is highly polarized and full of misinformation.",147,2026-05-02 22:00:00,"p105","FALSE"
"c2162","User_404","worldnews","Historical context is essential to understand the current escalation.",-155,2026-05-02 22:01:00,"p329","FALSE"
"c2163","User_402","israel","Protests are spreading globally in support of humanitarian aid.",24,2026-05-02 22:02:00,"p395","FALSE"
"c2164","User_740","palestine","Diplomatic efforts are ongoing but progress is slow.",182,2026-05-02 22:03:00,"p126","FALSE"
"c2165","User_702","worldnews","Civilians are paying the highest price in this long-standing conflict.",96,2026-05-02 22:04:00,"p301","FALSE"
"c2166","User_232","politics","International community calls for an immediate ceasefire.",123,2026-05-02 22:05:00,"p183","FALSE"
"c2167","User_552","politics","Historical context is essential to understand the current escalation.",308,2026-05-02 22:06:00,"p34","FALSE"
"c2168","User_235","worldnews","New reports suggest a possible breakthrough in negotiations.",207,2026-05-02 22:07:00,"p206","TRUE"
"c2169","User_245","news","Security measures are being tightened in the region.",-130,2026-05-02 22:08:00,"p251","TRUE"
"c2170","User_436","worldnews","New reports suggest a possible breakthrough in negotiations.",489,2026-05-02 22:09:00,"p250","FALSE"
"c2171","User_360","palestine","Security measures are being tightened in the region.",-74,2026-05-02 22:10:00,"p225","FALSE"
"c2172","User_24","worldnews","Public opinion is deeply divided on the best path to peace.",174,2026-05-02 22:11:00,"p341","TRUE"
"c2173","User_714","worldnews","New reports suggest a possible breakthrough in negotiations.",-75,2026-05-02 22:12:00,"p146","FALSE"
"c2174","User_349","palestine","Diplomatic efforts are ongoing but progress is slow.",15,2026-05-02 22:13:00,"p356","FALSE"
"c2175","User_64","MiddleEastHistory","Historical context is essential to understand the current escalation.",136,2026-05-02 22:14:00,"p161","FALSE"
"c2176","User_663","worldnews","Protests are spreading globally in support of humanitarian aid.",64,2026-05-02 22:15:00,"p317","FALSE"
"c2177","User_33","worldnews","Protests are spreading globally in support of humanitarian aid.",-178,2026-05-02 22:16:00,"p359","FALSE"
"c2178","User_753","palestine","Public opinion is deeply divided on the best path to peace.",-56,2026-05-02 22:17:00,"p387","FALSE"
"c2179","User_663","israel","Public opinion is deeply divided on the best path to peace.",32,2026-05-02 22:18:00,"p284","FALSE"
"c2180","User_356","israel","The conflict continues with heavy casualties on both sides.",328,2026-05-02 22:19:00,"p173","FALSE"
"c2181","User_211","news","Civilians are paying the highest price in this long-standing conflict.",-128,2026-05-02 22:20:00,"p30","FALSE"
"c2182","User_272","worldnews","Historical context is essential to understand the current escalation.",-141,2026-05-02 22:21:00,"p55","FALSE"
"c2183","User_615","israel","Protests are spreading globally in support of humanitarian aid.",102,2026-05-02 22:22:00,"p160","FALSE"
"c2184","User_163","worldnews","Public opinion is deeply divided on the best path to peace.",-51,2026-05-02 22:23:00,"p131","FALSE"
"c2185","User_461","news","International community calls for an immediate ceasefire.",-70,2026-05-02 22:24:00,"p234","TRUE"
"c2186","User_203","worldnews","Diplomatic efforts are ongoing but progress is slow.",39,2026-05-02 22:25:00,"p367","FALSE"
"c2187","User_144","news","The conflict continues with heavy casualties on both sides.",27,2026-05-02 22:26:00,"p320","FALSE"
"c2188","User_643","worldnews","Diplomatic efforts are ongoing but progress is slow.",-90,2026-05-02 22:27:00,"p64","FALSE"
"c2189","User_55","MiddleEastHistory","Diplomatic efforts are ongoing but progress is slow.",-133,2026-05-02 22:28:00,"p45","FALSE"
"c2190","User_470","israel","Diplomatic efforts are ongoing but progress is slow.",-27,2026-05-02 22:29:00,"p72","TRUE"
"c2191","User_101","worldnews","Protests are spreading globally in support of humanitarian aid.",149,2026-05-02 22:30:00,"p28","FALSE"
"c2192","User_464","worldnews","The conflict continues with heavy casualties on both sides.",-15,2026-05-02 22:31:00,"p259","FALSE"
"c2193","User_238","israel","The role of international organizations is being questioned.",55,2026-05-02 22:32:00,"p7","TRUE"
"c2194","User_87","news","Economic impact of the war is being felt across the Middle East.",37,2026-05-02 22:33:00,"p97","FALSE"
"c2195","User_155","worldnews","International community calls for an immediate ceasefire.",-19,2026-05-02 22:34:00,"p363","FALSE"
"c2196","User_121","worldnews","Diplomatic efforts are ongoing but progress is slow.",-322,2026-05-02 22:35:00,"p209","FALSE"
"c2197","User_272","worldnews","Diplomatic efforts are ongoing but progress is slow.",-207,2026-05-02 22:36:00,"p380","FALSE"
"c2198","User_664","palestine","The role of international organizations is being questioned.",255,2026-05-02 22:37:00,"p234","FALSE"
"c2199","User_441","israel","Security measures are being tightened in the region.",-313,2026-05-02 22:38:00,"p124","FALSE"
"c2200","User_492","worldnews","The conflict continues with heavy casualties on both sides.",127,2026-05-02 22:39:00,"p328","FALSE"
"c2201","User_634","israel","Protests are spreading globally in support of humanitarian aid.",163,2026-05-02 22:40:00,"p307","TRUE"
"c2202","User_337","MiddleEastHistory","Historical context is essential to understand the current escalation.",-24,2026-05-02 22:41:00,"p242","FALSE"
"c2203","User_592","palestine","Historical context is essential to understand the current escalation.",59,2026-05-02 22:42:00,"p112","TRUE"
"c2204","User_709","palestine","Security measures are being tightened in the region.",38,2026-05-02 22:43:00,"p42","TRUE"
"c2205","User_137","news","Protests are spreading globally in support of humanitarian aid.",230,2026-05-02 22:44:00,"p179","TRUE"
"c2206","User_682","palestine","Historical context is essential to understand the current escalation.",-198,2026-05-02 22:45:00,"p80","FALSE"
"c2207","User_287","israel","Protests are spreading globally in support of humanitarian aid.",-50,2026-05-02 22:46:00,"p37","FALSE"
"c2208","User_473","israel","The conflict continues with heavy casualties on both sides.",40,2026-05-02 22:47:00,"p42","FALSE"
"c2209","User_318","worldnews","Protests are spreading globally in support of humanitarian aid.",199,2026-05-02 22:48:00,"p345","FALSE"
"c2210","User_492","news","Protests are spreading globally in support of humanitarian aid.",21,2026-05-02 22:49:00,"p185","FALSE"
"c2211","User_642","politics","New reports suggest a possible breakthrough in negotiations.",29,2026-05-02 22:50:00,"p160","FALSE"
"c2212","User_409","worldnews","Historical context is essential to understand the current escalation.",27,2026-05-02 22:51:00,"p241","FALSE"
"c2213","User_585","politics","Civilians are paying the highest price in this long-standing conflict.",79,2026-05-02 22:52:00,"p312","FALSE"
"c2214","User_792","palestine","Security measures are being tightened in the region.",-227,2026-05-02 22:53:00,"p210","FALSE"
"c2215","User_565","worldnews","Public opinion is deeply divided on the best path to peace.",-52,2026-05-02 22:54:00,"p14","FALSE"
"c2216","User_639","israel","Protests are spreading globally in support of humanitarian aid.",-95,2026-05-02 22:55:00,"p6","FALSE"
"c2217","User_682","israel","New reports suggest a possible breakthrough in negotiations.",-20,2026-05-02 22:56:00,"p211","TRUE"
"c2218","User_308","news","Diplomatic efforts are ongoing but progress is slow.",-22,2026-05-02 22:57:00,"p373","FALSE"
"c2219","User_645","worldnews","Security measures are being tightened in the region.",84,2026-05-02 22:58:00,"p189","FALSE"
"c2220","User_330","worldnews","The role of international organizations is being questioned.",60,2026-05-02 22:59:00,"p263","FALSE"
"c2221","User_493","worldnews","International community calls for an immediate ceasefire.",164,2026-05-02 23:00:00,"p10","FALSE"
"c2222","User_224","news","New reports suggest a possible breakthrough in negotiations.",204,2026-05-02 23:01:00,"p55","FALSE"
"c2223","User_193","palestine","Economic impact of the war is being felt across the Middle East.",-191,2026-05-02 23:02:00,"p184","FALSE"
"c2224","User_713","palestine","Historical context is essential to understand the current escalation.",-151,2026-05-02 23:03:00,"p237","FALSE"
"c2225","User_563","israel","The role of international organizations is being questioned.",139,2026-05-02 23:04:00,"p60","FALSE"
"c2226","User_397","israel","Discourse on social media is highly polarized and full of misinformation.",23,2026-05-02 23:05:00,"p130","FALSE"
"c2227","User_35","worldnews","Diplomatic efforts are ongoing but progress is slow.",257,2026-05-02 23:06:00,"p201","FALSE"
"c2228","User_190","news","Security measures are being tightened in the region.",81,2026-05-02 23:07:00,"p5","FALSE"
"c2229","User_787","worldnews","International community calls for an immediate ceasefire.",-142,2026-05-02 23:08:00,"p395","FALSE"
"c2230","User_649","news","Diplomatic efforts are ongoing but progress is slow.",50,2026-05-02 23:09:00,"p169","FALSE"
"c2231","User_355","worldnews","Protests are spreading globally in support of humanitarian aid.",65,2026-05-02 23:10:00,"p310","FALSE"
"c2232","User_106","worldnews","New reports suggest a possible breakthrough in negotiations.",-201,2026-05-02 23:11:00,"p260","FALSE"
"c2233","User_458","worldnews","Economic impact of the war is being felt across the Middle East.",-10,2026-05-02 23:12:00,"p63","FALSE"
"c2234","User_293","israel","The role of international organizations is being questioned.",-162,2026-05-02 23:13:00,"p86","FALSE"
"c2235","User_185","politics","International community calls for an immediate ceasefire.",7,2026-05-02 23:14:00,"p302","FALSE"
"c2236","User_477","worldnews","New reports suggest a possible breakthrough in negotiations.",-133,2026-05-02 23:15:00,"p194","FALSE"
"c2237","User_9","worldnews","New reports suggest a possible breakthrough in negotiations.",131,2026-05-02 23:16:00,"p61","TRUE"
"c2238","User_631","israel","Discourse on social media is highly polarized and full of misinformation.",-154,2026-05-02 23:17:00,"p271","TRUE"
"c2239","User_248","israel","Historical context is essential to understand the current escalation.",1,2026-05-02 23:18:00,"p95","FALSE"
"c2240","User_526","israel","International community calls for an immediate ceasefire.",198,2026-05-02 23:19:00,"p395","TRUE"
"c2241","User_584","MiddleEastHistory","Historical context is essential to understand the current escalation.",26,2026-05-02 23:20:00,"p23","FALSE"
"c2242","User_774","palestine","New reports suggest a possible breakthrough in negotiations.",275,2026-05-02 23:21:00,"p173","FALSE"
"c2243","User_432","politics","International community calls for an immediate ceasefire.",-171,2026-05-02 23:22:00,"p56","FALSE"
"c2244","User_753","MiddleEastHistory","International community calls for an immediate ceasefire.",70,2026-05-02 23:23:00,"p384","TRUE"
"c2245","User_757","israel","Security measures are being tightened in the region.",20,2026-05-02 23:24:00,"p263","FALSE"
"c2246","User_357","israel","International community calls for an immediate ceasefire.",-146,2026-05-02 23:25:00,"p90","FALSE"
"c2247","User_269","israel","International community calls for an immediate ceasefire.",250,2026-05-02 23:26:00,"p329","FALSE"
"c2248","User_577","palestine","New reports suggest a possible breakthrough in negotiations.",-169,2026-05-02 23:27:00,"p196","FALSE"
"c2249","User_719","worldnews","Civilians are paying the highest price in this long-standing conflict.",-200,2026-05-02 23:28:00,"p167","FALSE"
"c2250","User_619","worldnews","Historical context is essential to understand the current escalation.",240,2026-05-02 23:29:00,"p246","FALSE"
"c2251","User_234","news","The role of international organizations is being questioned.",383,2026-05-02 23:30:00,"p335","FALSE"
"c2252","User_438","worldnews","The role of international organizations is being questioned.",-89,2026-05-02 23:31:00,"p342","FALSE"
"c2253","User_799","news","Historical context is essential to understand the current escalation.",54,2026-05-02 23:32:00,"p27","FALSE"
"c2254","User_87","worldnews","Security measures are being tightened in the region.",219,2026-05-02 23:33:00,"p266","FALSE"
"c2255","User_47","worldnews","Public opinion is deeply divided on the best path to peace.",285,2026-05-02 23:34:00,"p257","FALSE"
"c2256","User_547","politics","Economic impact of the war is being felt across the Middle East.",509,2026-05-02 23:35:00,"p36","TRUE"
"c2257","User_173","israel","The conflict continues with heavy casualties on both sides.",-211,2026-05-02 23:36:00,"p99","FALSE"
"c2258","User_421","palestine","Discourse on social media is highly polarized and full of misinformation.",-95,2026-05-02 23:37:00,"p355","TRUE"
"c2259","User_611","MiddleEastHistory","Diplomatic efforts are ongoing but progress is slow.",-54,2026-05-02 23:38:00,"p246","FALSE"
"c2260","User_748","news","Protests are spreading globally in support of humanitarian aid.",38,2026-05-02 23:39:00,"p29","FALSE"
"c2261","User_328","politics","Protests are spreading globally in support of humanitarian aid.",-40,2026-05-02 23:40:00,"p215","FALSE"
"c2262","User_370","palestine","Civilians are paying the highest price in this long-standing conflict.",-111,2026-05-02 23:41:00,"p245","FALSE"
"c2263","User_454","palestine","Historical context is essential to understand the current escalation.",11,2026-05-02 23:42:00,"p279","FALSE"
"c2264","User_601","palestine","Historical context is essential to understand the current escalation.",-8,2026-05-02 23:43:00,"p387","FALSE"
"c2265","User_517","worldnews","Protests are spreading globally in support of humanitarian aid.",91,2026-05-02 23:44:00,"p18","FALSE"
"c2266","User_254","worldnews","Civilians are paying the highest price in this long-standing conflict.",-302,2026-05-02 23:45:00,"p294","TRUE"
"c2267","User_94","worldnews","The role of international organizations is being questioned.",-3,2026-05-02 23:46:00,"p282","FALSE"
"c2268","User_757","israel","The conflict continues with heavy casualties on both sides.",201,2026-05-02 23:47:00,"p108","FALSE"
"c2269","User_281","MiddleEastHistory","Discourse on social media is highly polarized and full of misinformation.",-107,2026-05-02 23:48:00,"p235","FALSE"
"c2270","User_248","palestine","Public opinion is deeply divided on the best path to peace.",162,2026-05-02 23:49:00,"p194","FALSE"
"c2271","User_246","worldnews","The conflict continues with heavy casualties on both sides.",-36,2026-05-02 23:50:00,"p73","FALSE"
"c2272","User_777","palestine","New reports suggest a possible breakthrough in negotiations.",77,2026-05-02 23:51:00,"p295","TRUE"
"c2273","User_709","palestine","Historical context is essential to understand the current escalation.",59,2026-05-02 23:52:00,"p161","FALSE"
"c2274","User_518","MiddleEastHistory","New reports suggest a possible breakthrough in negotiations.",262,2026-05-02 23:53:00,"p136","TRUE"
"c2275","User_178","palestine","Economic impact of the war is being felt across the Middle East.",94,2026-05-02 23:54:00,"p81","FALSE"
"c2276","User_450","israel","Diplomatic efforts are ongoing but progress is slow.",21,2026-05-02 23:55:00,"p342","FALSE"
"c2277","User_723","MiddleEastHistory","Discourse on social media is highly polarized and full of misinformation.",205,2026-05-02 23:56:00,"p90","FALSE"
"c2278","User_73","politics","Security measures are being tightened in the region.",43,2026-05-02 23:57:00,"p390","FALSE"
"c2279","User_509","MiddleEastHistory","The role of international organizations is being questioned.",212,2026-05-02 23:58:00,"p192","FALSE"
"c2280","User_156","MiddleEastHistory","New reports suggest a possible breakthrough in negotiations.",39,2026-05-02 23:59:00,"p18","TRUE"
"c2281","User_125","politics","Economic impact of the war is being felt across the Middle East.",144,2026-05-03,"p337","FALSE"
"c2282","User_755","politics","Public opinion is deeply divided on the best path to peace.",123,2026-05-03 00:01:00,"p198","FALSE"
"c2283","User_409","palestine","Diplomatic efforts are ongoing but progress is slow.",-82,2026-05-03 00:02:00,"p396","FALSE"
"c2284","User_194","palestine","Protests are spreading globally in support of humanitarian aid.",191,2026-05-03 00:03:00,"p107","FALSE"
"c2285","User_788","israel","Economic impact of the war is being felt across the Middle East.",-178,2026-05-03 00:04:00,"p241","FALSE"
"c2286","User_681","palestine","Economic impact of the war is being felt across the Middle East.",58,2026-05-03 00:05:00,"p140","FALSE"
"c2287","User_159","worldnews","International community calls for an immediate ceasefire.",38,2026-05-03 00:06:00,"p289","TRUE"
"c2288","User_766","israel","Discourse on social media is highly polarized and full of misinformation.",308,2026-05-03 00:07:00,"p329","FALSE"
"c2289","User_540","worldnews","Public opinion is deeply divided on the best path to peace.",-154,2026-05-03 00:08:00,"p4","FALSE"
"c2290","User_137","worldnews","The role of international organizations is being questioned.",178,2026-05-03 00:09:00,"p272","FALSE"
"c2291","User_635","news","The conflict continues with heavy casualties on both sides.",-258,2026-05-03 00:10:00,"p304","FALSE"
"c2292","User_497","MiddleEastHistory","Economic impact of the war is being felt across the Middle East.",135,2026-05-03 00:11:00,"p92","FALSE"
"c2293","User_7","MiddleEastHistory","The conflict continues with heavy casualties on both sides.",155,2026-05-03 00:12:00,"p237","FALSE"
"c2294","User_567","news","Diplomatic efforts are ongoing but progress is slow.",37,2026-05-03 00:13:00,"p63","FALSE"
"c2295","User_418","politics","International community calls for an immediate ceasefire.",401,2026-05-03 00:14:00,"p238","FALSE"
"c2296","User_41","israel","The role of international organizations is being questioned.",7,2026-05-03 00:15:00,"p43","FALSE"
"c2297","User_790","worldnews","Civilians are paying the highest price in this long-standing conflict.",68,2026-05-03 00:16:00,"p64","FALSE"
"c2298","User_323","news","Discourse on social media is highly polarized and full of misinformation.",-116,2026-05-03 00:17:00,"p234","FALSE"
"c2299","User_528","palestine","Diplomatic efforts are ongoing but progress is slow.",-111,2026-05-03 00:18:00,"p265","FALSE"
"c2300","User_87","worldnews","Discourse on social media is highly polarized and full of misinformation.",-134,2026-05-03 00:19:00,"p288","FALSE"
"c2301","User_674","worldnews","Civilians are paying the highest price in this long-standing conflict.",183,2026-05-03 00:20:00,"p257","TRUE"
"c2302","User_11","worldnews","Economic impact of the war is being felt across the Middle East.",259,2026-05-03 00:21:00,"p359","FALSE"
"c2303","User_793","israel","Discourse on social media is highly polarized and full of misinformation.",50,2026-05-03 00:22:00,"p211","FALSE"
"c2304","User_105","israel","Security measures are being tightened in the region.",88,2026-05-03 00:23:00,"p313","FALSE"
"c2305","User_205","MiddleEastHistory","Diplomatic efforts are ongoing but progress is slow.",200,2026-05-03 00:24:00,"p273","FALSE"
"c2306","User_296","palestine","Economic impact of the war is being felt across the Middle East.",-162,2026-05-03 00:25:00,"p96","FALSE"
"c2307","User_30","politics","Diplomatic efforts are ongoing but progress is slow.",-141,2026-05-03 00:26:00,"p270","FALSE"
"c2308","User_386","palestine","The role of international organizations is being questioned.",-26,2026-05-03 00:27:00,"p344","TRUE"
"c2309","User_5","israel","Civilians are paying the highest price in this long-standing conflict.",54,2026-05-03 00:28:00,"p315","FALSE"
"c2310","User_504","worldnews","Public opinion is deeply divided on the best path to peace.",-110,2026-05-03 00:29:00,"p341","FALSE"
"c2311","User_229","israel","Historical context is essential to understand the current escalation.",158,2026-05-03 00:30:00,"p393","TRUE"
"c2312","User_714","news","Civilians are paying the highest price in this long-standing conflict.",-125,2026-05-03 00:31:00,"p355","FALSE"
"c2313","User_94","palestine","International community calls for an immediate ceasefire.",-7,2026-05-03 00:32:00,"p105","FALSE"
"c2314","User_599","worldnews","Discourse on social media is highly polarized and full of misinformation.",69,2026-05-03 00:33:00,"p268","TRUE"
"c2315","User_312","worldnews","Public opinion is deeply divided on the best path to peace.",219,2026-05-03 00:34:00,"p377","FALSE"
"c2316","User_15","worldnews","Economic impact of the war is being felt across the Middle East.",-38,2026-05-03 00:35:00,"p277","FALSE"
"c2317","User_479","politics","Protests are spreading globally in support of humanitarian aid.",244,2026-05-03 00:36:00,"p12","FALSE"
"c2318","User_196","politics","The role of international organizations is being questioned.",-87,2026-05-03 00:37:00,"p274","FALSE"
"c2319","User_730","politics","The role of international organizations is being questioned.",301,2026-05-03 00:38:00,"p283","FALSE"
"c2320","User_235","palestine","Historical context is essential to understand the current escalation.",93,2026-05-03 00:39:00,"p359","FALSE"
"c2321","User_772","palestine","The role of international organizations is being questioned.",17,2026-05-03 00:40:00,"p20","FALSE"
"c2322","User_690","worldnews","International community calls for an immediate ceasefire.",-33,2026-05-03 00:41:00,"p202","FALSE"
"c2323","User_630","worldnews","New reports suggest a possible breakthrough in negotiations.",232,2026-05-03 00:42:00,"p356","FALSE"
"c2324","User_188","politics","Civilians are paying the highest price in this long-standing conflict.",242,2026-05-03 00:43:00,"p25","FALSE"
"c2325","User_284","worldnews","Public opinion is deeply divided on the best path to peace.",65,2026-05-03 00:44:00,"p181","FALSE"
"c2326","User_153","israel","Discourse on social media is highly polarized and full of misinformation.",154,2026-05-03 00:45:00,"p105","FALSE"
"c2327","User_175","israel","Protests are spreading globally in support of humanitarian aid.",-81,2026-05-03 00:46:00,"p289","FALSE"
"c2328","User_5","palestine","Diplomatic efforts are ongoing but progress is slow.",245,2026-05-03 00:47:00,"p142","FALSE"
"c2329","User_325","MiddleEastHistory","Economic impact of the war is being felt across the Middle East.",-212,2026-05-03 00:48:00,"p81","FALSE"
"c2330","User_432","palestine","Historical context is essential to understand the current escalation.",164,2026-05-03 00:49:00,"p353","FALSE"
"c2331","User_10","israel","Public opinion is deeply divided on the best path to peace.",318,2026-05-03 00:50:00,"p175","FALSE"
"c2332","User_112","palestine","The conflict continues with heavy casualties on both sides.",-87,2026-05-03 00:51:00,"p365","TRUE"
"c2333","User_3","worldnews","Civilians are paying the highest price in this long-standing conflict.",143,2026-05-03 00:52:00,"p355","TRUE"
"c2334","User_509","palestine","Diplomatic efforts are ongoing but progress is slow.",-50,2026-05-03 00:53:00,"p10","TRUE"
"c2335","User_609","worldnews","Historical context is essential to understand the current escalation.",-29,2026-05-03 00:54:00,"p291","FALSE"
"c2336","User_427","worldnews","Historical context is essential to understand the current escalation.",37,2026-05-03 00:55:00,"p11","FALSE"
"c2337","User_35","israel","The conflict continues with heavy casualties on both sides.",44,2026-05-03 00:56:00,"p303","FALSE"
"c2338","User_7","politics","Protests are spreading globally in support of humanitarian aid.",188,2026-05-03 00:57:00,"p248","TRUE"
"c2339","User_52","worldnews","New reports suggest a possible breakthrough in negotiations.",-82,2026-05-03 00:58:00,"p395","FALSE"
"c2340","User_197","news","Economic impact of the war is being felt across the Middle East.",-90,2026-05-03 00:59:00,"p33","FALSE"
"c2341","User_43","worldnews","Civilians are paying the highest price in this long-standing conflict.",407,2026-05-03 01:00:00,"p317","FALSE"
"c2342","User_683","israel","Historical context is essential to understand the current escalation.",96,2026-05-03 01:01:00,"p347","FALSE"
"c2343","User_404","palestine","The role of international organizations is being questioned.",-47,2026-05-03 01:02:00,"p199","FALSE"
"c2344","User_91","politics","Public opinion is deeply divided on the best path to peace.",-75,2026-05-03 01:03:00,"p185","FALSE"
"c2345","User_683","worldnews","Public opinion is deeply divided on the best path to peace.",126,2026-05-03 01:04:00,"p390","FALSE"
"c2346","User_637","palestine","Public opinion is deeply divided on the best path to peace.",19,2026-05-03 01:05:00,"p185","FALSE"
"c2347","User_225","worldnews","International community calls for an immediate ceasefire.",-178,2026-05-03 01:06:00,"p88","FALSE"
"c2348","User_299","news","Historical context is essential to understand the current escalation.",14,2026-05-03 01:07:00,"p148","TRUE"
"c2349","User_255","MiddleEastHistory","Diplomatic efforts are ongoing but progress is slow.",-243,2026-05-03 01:08:00,"p293","FALSE"
"c2350","User_348","palestine","The conflict continues with heavy casualties on both sides.",-57,2026-05-03 01:09:00,"p288","TRUE"
"c2351","User_524","news","The conflict continues with heavy casualties on both sides.",-145,2026-05-03 01:10:00,"p59","FALSE"
"c2352","User_580","israel","Economic impact of the war is being felt across the Middle East.",136,2026-05-03 01:11:00,"p131","FALSE"
"c2353","User_386","worldnews","Public opinion is deeply divided on the best path to peace.",174,2026-05-03 01:12:00,"p94","FALSE"
"c2354","User_640","israel","The role of international organizations is being questioned.",-301,2026-05-03 01:13:00,"p397","FALSE"
"c2355","User_537","palestine","Protests are spreading globally in support of humanitarian aid.",164,2026-05-03 01:14:00,"p59","FALSE"
"c2356","User_590","MiddleEastHistory","The conflict continues with heavy casualties on both sides.",-115,2026-05-03 01:15:00,"p289","FALSE"
"c2357","User_140","MiddleEastHistory","International community calls for an immediate ceasefire.",245,2026-05-03 01:16:00,"p120","FALSE"
"c2358","User_634","palestine","Public opinion is deeply divided on the best path to peace.",15,2026-05-03 01:17:00,"p294","TRUE"
"c2359","User_657","palestine","Economic impact of the war is being felt across the Middle East.",-56,2026-05-03 01:18:00,"p62","FALSE"
"c2360","User_612","MiddleEastHistory","The role of international organizations is being questioned.",-124,2026-05-03 01:19:00,"p385","FALSE"
"c2361","User_581","news","Economic impact of the war is being felt across the Middle East.",-99,2026-05-03 01:20:00,"p357","FALSE"
"c2362","User_568","worldnews","Public opinion is deeply divided on the best path to peace.",51,2026-05-03 01:21:00,"p351","FALSE"
"c2363","User_338","politics","The role of international organizations is being questioned.",225,2026-05-03 01:22:00,"p398","TRUE"
"c2364","User_237","MiddleEastHistory","Discourse on social media is highly polarized and full of misinformation.",279,2026-05-03 01:23:00,"p34","FALSE"
"c2365","User_714","news","International community calls for an immediate ceasefire.",-222,2026-05-03 01:24:00,"p377","FALSE"
"c2366","User_32","news","International community calls for an immediate ceasefire.",-45,2026-05-03 01:25:00,"p328","FALSE"
"c2367","User_336","news","The conflict continues with heavy casualties on both sides.",-120,2026-05-03 01:26:00,"p79","FALSE"
"c2368","User_287","palestine","Historical context is essential to understand the current escalation.",178,2026-05-03 01:27:00,"p99","FALSE"
"c2369","User_357","israel","Civilians are paying the highest price in this long-standing conflict.",-210,2026-05-03 01:28:00,"p232","FALSE"
"c2370","User_563","palestine","Civilians are paying the highest price in this long-standing conflict.",-140,2026-05-03 01:29:00,"p74","FALSE"
"c2371","User_784","worldnews","Civilians are paying the highest price in this long-standing conflict.",-40,2026-05-03 01:30:00,"p74","FALSE"
"c2372","User_334","news","The conflict continues with heavy casualties on both sides.",-46,2026-05-03 01:31:00,"p367","FALSE"
"c2373","User_294","worldnews","Civilians are paying the highest price in this long-standing conflict.",132,2026-05-03 01:32:00,"p207","FALSE"
"c2374","User_180","news","Historical context is essential to understand the current escalation.",208,2026-05-03 01:33:00,"p43","FALSE"
"c2375","User_158","MiddleEastHistory","The conflict continues with heavy casualties on both sides.",191,2026-05-03 01:34:00,"p27","FALSE"
"c2376","User_230","worldnews","Historical context is essential to understand the current escalation.",124,2026-05-03 01:35:00,"p46","FALSE"
"c2377","User_696","MiddleEastHistory","The conflict continues with heavy casualties on both sides.",76,2026-05-03 01:36:00,"p344","FALSE"
"c2378","User_201","politics","Historical context is essential to understand the current escalation.",-14,2026-05-03 01:37:00,"p341","FALSE"
"c2379","User_74","israel","Diplomatic efforts are ongoing but progress is slow.",-166,2026-05-03 01:38:00,"p375","FALSE"
"c2380","User_615","palestine","Protests are spreading globally in support of humanitarian aid.",-2,2026-05-03 01:39:00,"p196","FALSE"
"c2381","User_254","israel","New reports suggest a possible breakthrough in negotiations.",-246,2026-05-03 01:40:00,"p97","FALSE"
"c2382","User_155","israel","Protests are spreading globally in support of humanitarian aid.",73,2026-05-03 01:41:00,"p233","FALSE"
"c2383","User_325","worldnews","Security measures are being tightened in the region.",118,2026-05-03 01:42:00,"p270","FALSE"
"c2384","User_408","politics","International community calls for an immediate ceasefire.",39,2026-05-03 01:43:00,"p373","FALSE"
"c2385","User_600","MiddleEastHistory","Economic impact of the war is being felt across the Middle East.",-300,2026-05-03 01:44:00,"p27","TRUE"
"c2386","User_678","worldnews","Civilians are paying the highest price in this long-standing conflict.",-152,2026-05-03 01:45:00,"p373","FALSE"
"c2387","User_360","palestine","The role of international organizations is being questioned.",-183,2026-05-03 01:46:00,"p325","FALSE"
"c2388","User_441","israel","The conflict continues with heavy casualties on both sides.",82,2026-05-03 01:47:00,"p169","FALSE"
"c2389","User_114","news","Civilians are paying the highest price in this long-standing conflict.",-61,2026-05-03 01:48:00,"p138","FALSE"
"c2390","User_486","israel","Historical context is essential to understand the current escalation.",86,2026-05-03 01:49:00,"p211","TRUE"
"c2391","User_715","news","Civilians are paying the highest price in this long-standing conflict.",153,2026-05-03 01:50:00,"p323","FALSE"
"c2392","User_117","politics","The conflict continues with heavy casualties on both sides.",144,2026-05-03 01:51:00,"p340","FALSE"
"c2393","User_378","palestine","The role of international organizations is being questioned.",-92,2026-05-03 01:52:00,"p296","FALSE"
"c2394","User_494","palestine","Security measures are being tightened in the region.",-52,2026-05-03 01:53:00,"p246","TRUE"
"c2395","User_625","worldnews","Diplomatic efforts are ongoing but progress is slow.",18,2026-05-03 01:54:00,"p359","FALSE"
"c2396","User_695","MiddleEastHistory","Discourse on social media is highly polarized and full of misinformation.",-106,2026-05-03 01:55:00,"p278","FALSE"
"c2397","User_601","worldnews","Public opinion is deeply divided on the best path to peace.",-47,2026-05-03 01:56:00,"p121","FALSE"
"c2398","User_40","news","Discourse on social media is highly polarized and full of misinformation.",7,2026-05-03 01:57:00,"p129","FALSE"
"c2399","User_258","worldnews","Civilians are paying the highest price in this long-standing conflict.",19,2026-05-03 01:58:00,"p217","FALSE"
"c2400","User_288","MiddleEastHistory","The conflict continues with heavy casualties on both sides.",155,2026-05-03 01:59:00,"p284","FALSE"
"c2401","User_278","news","Protests are spreading globally in support of humanitarian aid.",253,2026-05-03 02:00:00,"p259","TRUE"
"c2402","User_496","news","Protests are spreading globally in support of humanitarian aid.",44,2026-05-03 02:01:00,"p367","FALSE"
"c2403","User_130","worldnews","Discourse on social media is highly polarized and full of misinformation.",-31,2026-05-03 02:02:00,"p241","FALSE"
"c2404","User_232","news","Historical context is essential to understand the current escalation.",-123,2026-05-03 02:03:00,"p205","TRUE"
"c2405","User_672","news","Historical context is essential to understand the current escalation.",280,2026-05-03 02:04:00,"p74","TRUE"
"c2406","User_397","MiddleEastHistory","The role of international organizations is being questioned.",198,2026-05-03 02:05:00,"p154","FALSE"
"c2407","User_702","israel","Protests are spreading globally in support of humanitarian aid.",-86,2026-05-03 02:06:00,"p169","FALSE"
"c2408","User_560","israel","Civilians are paying the highest price in this long-standing conflict.",-16,2026-05-03 02:07:00,"p154","FALSE"
"c2409","User_617","palestine","New reports suggest a possible breakthrough in negotiations.",175,2026-05-03 02:08:00,"p261","FALSE"
"c2410","User_798","israel","Historical context is essential to understand the current escalation.",-92,2026-05-03 02:09:00,"p394","FALSE"
"c2411","User_199","israel","International community calls for an immediate ceasefire.",251,2026-05-03 02:10:00,"p136","TRUE"
"c2412","User_146","MiddleEastHistory","Civilians are paying the highest price in this long-standing conflict.",22,2026-05-03 02:11:00,"p318","TRUE"
"c2413","User_563","palestine","Protests are spreading globally in support of humanitarian aid.",128,2026-05-03 02:12:00,"p243","FALSE"
"c2414","User_721","palestine","Protests are spreading globally in support of humanitarian aid.",196,2026-05-03 02:13:00,"p268","TRUE"
"c2415","User_757","israel","New reports suggest a possible breakthrough in negotiations.",187,2026-05-03 02:14:00,"p395","FALSE"
"c2416","User_161","politics","Diplomatic efforts are ongoing but progress is slow.",146,2026-05-03 02:15:00,"p210","FALSE"
"c2417","User_11","news","New reports suggest a possible breakthrough in negotiations.",153,2026-05-03 02:16:00,"p1","FALSE"
"c2418","User_665","politics","Protests are spreading globally in support of humanitarian aid.",16,2026-05-03 02:17:00,"p24","TRUE"
"c2419","User_411","palestine","International community calls for an immediate ceasefire.",132,2026-05-03 02:18:00,"p306","FALSE"
"c2420","User_335","news","Civilians are paying the highest price in this long-standing conflict.",91,2026-05-03 02:19:00,"p237","FALSE"
"c2421","User_570","MiddleEastHistory","Economic impact of the war is being felt across the Middle East.",40,2026-05-03 02:20:00,"p366","FALSE"
"c2422","User_753","palestine","International community calls for an immediate ceasefire.",67,2026-05-03 02:21:00,"p312","FALSE"
"c2423","User_464","israel","Historical context is essential to understand the current escalation.",-159,2026-05-03 02:22:00,"p245","FALSE"
"c2424","User_519","news","Economic impact of the war is being felt across the Middle East.",129,2026-05-03 02:23:00,"p158","FALSE"
"c2425","User_559","israel","The conflict continues with heavy casualties on both sides.",280,2026-05-03 02:24:00,"p394","FALSE"
"c2426","User_145","palestine","Diplomatic efforts are ongoing but progress is slow.",204,2026-05-03 02:25:00,"p308","FALSE"
"c2427","User_710","israel","Historical context is essential to understand the current escalation.",306,2026-05-03 02:26:00,"p255","FALSE"
"c2428","User_601","news","Public opinion is deeply divided on the best path to peace.",66,2026-05-03 02:27:00,"p376","FALSE"
"c2429","User_616","worldnews","The conflict continues with heavy casualties on both sides.",152,2026-05-03 02:28:00,"p282","FALSE"
"c2430","User_651","israel","Security measures are being tightened in the region.",78,2026-05-03 02:29:00,"p243","FALSE"
"c2431","User_531","palestine","Protests are spreading globally in support of humanitarian aid.",-4,2026-05-03 02:30:00,"p231","FALSE"
"c2432","User_606","palestine","Public opinion is deeply divided on the best path to peace.",-195,2026-05-03 02:31:00,"p134","FALSE"
"c2433","User_61","israel","Civilians are paying the highest price in this long-standing conflict.",-27,2026-05-03 02:32:00,"p195","TRUE"
"c2434","User_512","israel","The role of international organizations is being questioned.",-7,2026-05-03 02:33:00,"p377","FALSE"
"c2435","User_152","palestine","New reports suggest a possible breakthrough in negotiations.",161,2026-05-03 02:34:00,"p185","FALSE"
"c2436","User_447","worldnews","International community calls for an immediate ceasefire.",-153,2026-05-03 02:35:00,"p41","FALSE"
"c2437","User_550","palestine","Economic impact of the war is being felt across the Middle East.",290,2026-05-03 02:36:00,"p6","FALSE"
"c2438","User_695","worldnews","New reports suggest a possible breakthrough in negotiations.",262,2026-05-03 02:37:00,"p131","FALSE"
"c2439","User_166","palestine","Historical context is essential to understand the current escalation.",-36,2026-05-03 02:38:00,"p228","FALSE"
"c2440","User_8","news","The conflict continues with heavy casualties on both sides.",35,2026-05-03 02:39:00,"p103","FALSE"
"c2441","User_181","MiddleEastHistory","Protests are spreading globally in support of humanitarian aid.",484,2026-05-03 02:40:00,"p78","FALSE"
"c2442","User_717","worldnews","Diplomatic efforts are ongoing but progress is slow.",-283,2026-05-03 02:41:00,"p90","FALSE"
"c2443","User_482","israel","The conflict continues with heavy casualties on both sides.",129,2026-05-03 02:42:00,"p366","TRUE"
"c2444","User_558","worldnews","Public opinion is deeply divided on the best path to peace.",-136,2026-05-03 02:43:00,"p156","FALSE"
"c2445","User_311","israel","Civilians are paying the highest price in this long-standing conflict.",-72,2026-05-03 02:44:00,"p198","TRUE"
"c2446","User_223","israel","Diplomatic efforts are ongoing but progress is slow.",184,2026-05-03 02:45:00,"p5","FALSE"
"c2447","User_270","news","Protests are spreading globally in support of humanitarian aid.",106,2026-05-03 02:46:00,"p56","FALSE"
"c2448","User_185","worldnews","Economic impact of the war is being felt across the Middle East.",-110,2026-05-03 02:47:00,"p112","FALSE"
"c2449","User_401","israel","Historical context is essential to understand the current escalation.",315,2026-05-03 02:48:00,"p385","FALSE"
"c2450","User_89","politics","The conflict continues with heavy casualties on both sides.",-127,2026-05-03 02:49:00,"p82","FALSE"
"c2451","User_585","news","International community calls for an immediate ceasefire.",-35,2026-05-03 02:50:00,"p87","FALSE"
"c2452","User_45","israel","New reports suggest a possible breakthrough in negotiations.",89,2026-05-03 02:51:00,"p215","FALSE"
"c2453","User_232","MiddleEastHistory","New reports suggest a possible breakthrough in negotiations.",-2,2026-05-03 02:52:00,"p251","FALSE"
"c2454","User_318","palestine","Discourse on social media is highly polarized and full of misinformation.",65,2026-05-03 02:53:00,"p20","FALSE"
"c2455","User_747","worldnews","International community calls for an immediate ceasefire.",147,2026-05-03 02:54:00,"p240","FALSE"
"c2456","User_752","israel","Public opinion is deeply divided on the best path to peace.",62,2026-05-03 02:55:00,"p351","FALSE"
"c2457","User_339","politics","International community calls for an immediate ceasefire.",152,2026-05-03 02:56:00,"p315","FALSE"
"c2458","User_690","palestine","Protests are spreading globally in support of humanitarian aid.",-202,2026-05-03 02:57:00,"p218","FALSE"
"c2459","User_87","MiddleEastHistory","Civilians are paying the highest price in this long-standing conflict.",49,2026-05-03 02:58:00,"p186","FALSE"
"c2460","User_333","politics","Security measures are being tightened in the region.",-151,2026-05-03 02:59:00,"p224","TRUE"
"c2461","User_4","politics","Security measures are being tightened in the region.",-14,2026-05-03 03:00:00,"p15","FALSE"
"c2462","User_233","MiddleEastHistory","The role of international organizations is being questioned.",182,2026-05-03 03:01:00,"p69","FALSE"
"c2463","User_498","worldnews","The conflict continues with heavy casualties on both sides.",-240,2026-05-03 03:02:00,"p68","FALSE"
"c2464","User_683","worldnews","Protests are spreading globally in support of humanitarian aid.",358,2026-05-03 03:03:00,"p115","TRUE"
"c2465","User_340","palestine","The conflict continues with heavy casualties on both sides.",-134,2026-05-03 03:04:00,"p375","TRUE"
"c2466","User_325","news","Public opinion is deeply divided on the best path to peace.",-26,2026-05-03 03:05:00,"p374","FALSE"
"c2467","User_676","worldnews","Discourse on social media is highly polarized and full of misinformation.",35,2026-05-03 03:06:00,"p237","FALSE"
"c2468","User_510","MiddleEastHistory","Civilians are paying the highest price in this long-standing conflict.",182,2026-05-03 03:07:00,"p60","FALSE"
"c2469","User_335","worldnews","Diplomatic efforts are ongoing but progress is slow.",-37,2026-05-03 03:08:00,"p262","TRUE"
"c2470","User_778","israel","Economic impact of the war is being felt across the Middle East.",53,2026-05-03 03:09:00,"p394","TRUE"
"c2471","User_92","worldnews","Historical context is essential to understand the current escalation.",19,2026-05-03 03:10:00,"p113","FALSE"
"c2472","User_34","worldnews","International community calls for an immediate ceasefire.",139,2026-05-03 03:11:00,"p135","FALSE"
"c2473","User_350","palestine","Public opinion is deeply divided on the best path to peace.",174,2026-05-03 03:12:00,"p365","FALSE"
"c2474","User_326","politics","Historical context is essential to understand the current escalation.",231,2026-05-03 03:13:00,"p239","FALSE"
"c2475","User_303","worldnews","Historical context is essential to understand the current escalation.",-214,2026-05-03 03:14:00,"p151","FALSE"
"c2476","User_112","worldnews","Public opinion is deeply divided on the best path to peace.",136,2026-05-03 03:15:00,"p233","FALSE"
"c2477","User_670","MiddleEastHistory","International community calls for an immediate ceasefire.",69,2026-05-03 03:16:00,"p286","FALSE"
"c2478","User_771","worldnews","Civilians are paying the highest price in this long-standing conflict.",48,2026-05-03 03:17:00,"p211","TRUE"
"c2479","User_614","israel","Protests are spreading globally in support of humanitarian aid.",-93,2026-05-03 03:18:00,"p277","FALSE"
"c2480","User_151","worldnews","Economic impact of the war is being felt across the Middle East.",-41,2026-05-03 03:19:00,"p215","FALSE"
"c2481","User_452","worldnews","Protests are spreading globally in support of humanitarian aid.",-38,2026-05-03 03:20:00,"p307","FALSE"
"c2482","User_130","palestine","Diplomatic efforts are ongoing but progress is slow.",150,2026-05-03 03:21:00,"p293","FALSE"
"c2483","User_377","MiddleEastHistory","Protests are spreading globally in support of humanitarian aid.",-79,2026-05-03 03:22:00,"p105","FALSE"
"c2484","User_625","politics","Public opinion is deeply divided on the best path to peace.",135,2026-05-03 03:23:00,"p167","FALSE"
"c2485","User_744","israel","International community calls for an immediate ceasefire.",-66,2026-05-03 03:24:00,"p173","FALSE"
"c2486","User_447","worldnews","Historical context is essential to understand the current escalation.",-19,2026-05-03 03:25:00,"p308","FALSE"
"c2487","User_163","news","Historical context is essential to understand the current escalation.",197,2026-05-03 03:26:00,"p282","FALSE"
"c2488","User_551","news","Economic impact of the war is being felt across the Middle East.",244,2026-05-03 03:27:00,"p37","FALSE"
"c2489","User_245","worldnews","Discourse on social media is highly polarized and full of misinformation.",271,2026-05-03 03:28:00,"p205","FALSE"
"c2490","User_237","worldnews","Diplomatic efforts are ongoing but progress is slow.",59,2026-05-03 03:29:00,"p280","FALSE"
"c2491","User_295","worldnews","International community calls for an immediate ceasefire.",-55,2026-05-03 03:30:00,"p65","TRUE"
"c2492","User_687","worldnews","Public opinion is deeply divided on the best path to peace.",51,2026-05-03 03:31:00,"p377","FALSE"
"c2493","User_685","palestine","International community calls for an immediate ceasefire.",-176,2026-05-03 03:32:00,"p137","FALSE"
"c2494","User_362","israel","Economic impact of the war is being felt across the Middle East.",-266,2026-05-03 03:33:00,"p67","TRUE"
"c2495","User_14","israel","New reports suggest a possible breakthrough in negotiations.",31,2026-05-03 03:34:00,"p31","TRUE"
"c2496","User_730","palestine","The conflict continues with heavy casualties on both sides.",-114,2026-05-03 03:35:00,"p76","TRUE"
"c2497","User_569","worldnews","The conflict continues with heavy casualties on both sides.",6,2026-05-03 03:36:00,"p125","FALSE"
"c2498","User_582","worldnews","Diplomatic efforts are ongoing but progress is slow.",52,2026-05-03 03:37:00,"p251","FALSE"
"c2499","User_28","worldnews","The conflict continues with heavy casualties on both sides.",-35,2026-05-03 03:38:00,"p82","FALSE"
"c2500","User_377","palestine","The role of international organizations is being questioned.",320,2026-05-03 03:39:00,"p315","FALSE"
"c2501","User_194","worldnews","The conflict continues with heavy casualties on both sides.",-127,2026-05-03 03:40:00,"p361","TRUE"
"c2502","User_1","israel","The conflict continues with heavy casualties on both sides.",93,2026-05-03 03:41:00,"p98","FALSE"
"c2503","User_785","worldnews","New reports suggest a possible breakthrough in negotiations.",90,2026-05-03 03:42:00,"p246","FALSE"
"c2504","User_98","worldnews","Protests are spreading globally in support of humanitarian aid.",-124,2026-05-03 03:43:00,"p145","FALSE"
"c2505","User_531","worldnews","Public opinion is deeply divided on the best path to peace.",4,2026-05-03 03:44:00,"p345","FALSE"
"c2506","User_605","worldnews","International community calls for an immediate ceasefire.",1,2026-05-03 03:45:00,"p228","FALSE"
"c2507","User_603","israel","Diplomatic efforts are ongoing but progress is slow.",274,2026-05-03 03:46:00,"p397","FALSE"
"c2508","User_728","israel","Historical context is essential to understand the current escalation.",18,2026-05-03 03:47:00,"p391","FALSE"
"c2509","User_269","MiddleEastHistory","International community calls for an immediate ceasefire.",498,2026-05-03 03:48:00,"p346","FALSE"
"c2510","User_178","israel","Historical context is essential to understand the current escalation.",275,2026-05-03 03:49:00,"p339","TRUE"
"c2511","User_463","worldnews","Economic impact of the war is being felt across the Middle East.",-91,2026-05-03 03:50:00,"p253","FALSE"
"c2512","User_66","MiddleEastHistory","Historical context is essential to understand the current escalation.",141,2026-05-03 03:51:00,"p383","FALSE"
"c2513","User_457","israel","Civilians are paying the highest price in this long-standing conflict.",212,2026-05-03 03:52:00,"p65","TRUE"
"c2514","User_255","worldnews","The conflict continues with heavy casualties on both sides.",-141,2026-05-03 03:53:00,"p88","TRUE"
"c2515","User_446","israel","Public opinion is deeply divided on the best path to peace.",174,2026-05-03 03:54:00,"p366","FALSE"
"c2516","User_142","news","Diplomatic efforts are ongoing but progress is slow.",-82,2026-05-03 03:55:00,"p163","FALSE"
"c2517","User_538","worldnews","The conflict continues with heavy casualties on both sides.",-121,2026-05-03 03:56:00,"p266","FALSE"
"c2518","User_105","israel","New reports suggest a possible breakthrough in negotiations.",-25,2026-05-03 03:57:00,"p336","FALSE"
"c2519","User_171","palestine","Historical context is essential to understand the current escalation.",41,2026-05-03 03:58:00,"p291","FALSE"
"c2520","User_251","MiddleEastHistory","Diplomatic efforts are ongoing but progress is slow.",-86,2026-05-03 03:59:00,"p271","FALSE"
"c2521","User_686","news","Diplomatic efforts are ongoing but progress is slow.",193,2026-05-03 04:00:00,"p103","FALSE"
"c2522","User_524","palestine","The conflict continues with heavy casualties on both sides.",-53,2026-05-03 04:01:00,"p186","FALSE"
"c2523","User_72","MiddleEastHistory","Security measures are being tightened in the region.",61,2026-05-03 04:02:00,"p397","FALSE"
"c2524","User_569","politics","The role of international organizations is being questioned.",216,2026-05-03 04:03:00,"p22","FALSE"
"c2525","User_142","israel","Protests are spreading globally in support of humanitarian aid.",53,2026-05-03 04:04:00,"p382","FALSE"
"c2526","User_1","palestine","New reports suggest a possible breakthrough in negotiations.",248,2026-05-03 04:05:00,"p320","FALSE"
"c2527","User_433","MiddleEastHistory","Discourse on social media is highly polarized and full of misinformation.",116,2026-05-03 04:06:00,"p234","FALSE"
"c2528","User_31","israel","Discourse on social media is highly polarized and full of misinformation.",-194,2026-05-03 04:07:00,"p162","FALSE"
"c2529","User_607","news","Diplomatic efforts are ongoing but progress is slow.",-288,2026-05-03 04:08:00,"p190","FALSE"
"c2530","User_651","worldnews","International community calls for an immediate ceasefire.",-23,2026-05-03 04:09:00,"p75","FALSE"
"c2531","User_627","politics","International community calls for an immediate ceasefire.",-77,2026-05-03 04:10:00,"p264","FALSE"
"c2532","User_231","worldnews","Economic impact of the war is being felt across the Middle East.",43,2026-05-03 04:11:00,"p375","FALSE"
"c2533","User_160","worldnews","Diplomatic efforts are ongoing but progress is slow.",278,2026-05-03 04:12:00,"p387","TRUE"
"c2534","User_687","palestine","The role of international organizations is being questioned.",-1,2026-05-03 04:13:00,"p336","FALSE"
"c2535","User_389","politics","Economic impact of the war is being felt across the Middle East.",-121,2026-05-03 04:14:00,"p351","FALSE"
"c2536","User_638","worldnews","Diplomatic efforts are ongoing but progress is slow.",144,2026-05-03 04:15:00,"p300","FALSE"
"c2537","User_173","palestine","Diplomatic efforts are ongoing but progress is slow.",-284,2026-05-03 04:16:00,"p302","FALSE"
"c2538","User_636","israel","Economic impact of the war is being felt across the Middle East.",-42,2026-05-03 04:17:00,"p54","FALSE"
"c2539","User_302","israel","Civilians are paying the highest price in this long-standing conflict.",-111,2026-05-03 04:18:00,"p59","FALSE"
"c2540","User_636","worldnews","Historical context is essential to understand the current escalation.",78,2026-05-03 04:19:00,"p2","FALSE"
"c2541","User_73","palestine","Security measures are being tightened in the region.",-52,2026-05-03 04:20:00,"p22","FALSE"
"c2542","User_564","palestine","Diplomatic efforts are ongoing but progress is slow.",135,2026-05-03 04:21:00,"p318","FALSE"
"c2543","User_65","worldnews","Historical context is essential to understand the current escalation.",261,2026-05-03 04:22:00,"p308","FALSE"
"c2544","User_517","MiddleEastHistory","Public opinion is deeply divided on the best path to peace.",117,2026-05-03 04:23:00,"p310","FALSE"
"c2545","User_480","news","New reports suggest a possible breakthrough in negotiations.",167,2026-05-03 04:24:00,"p35","FALSE"
"c2546","User_541","worldnews","The conflict continues with heavy casualties on both sides.",31,2026-05-03 04:25:00,"p278","FALSE"
"c2547","User_25","politics","Public opinion is deeply divided on the best path to peace.",-29,2026-05-03 04:26:00,"p210","FALSE"
"c2548","User_103","palestine","Public opinion is deeply divided on the best path to peace.",251,2026-05-03 04:27:00,"p102","FALSE"
"c2549","User_8","palestine","Protests are spreading globally in support of humanitarian aid.",-111,2026-05-03 04:28:00,"p371","FALSE"
"c2550","User_20","israel","Public opinion is deeply divided on the best path to peace.",34,2026-05-03 04:29:00,"p272","FALSE"
"c2551","User_325","MiddleEastHistory","International community calls for an immediate ceasefire.",125,2026-05-03 04:30:00,"p104","FALSE"
"c2552","User_725","palestine","Diplomatic efforts are ongoing but progress is slow.",88,2026-05-03 04:31:00,"p259","FALSE"
"c2553","User_473","worldnews","Security measures are being tightened in the region.",-87,2026-05-03 04:32:00,"p374","FALSE"
"c2554","User_296","worldnews","Protests are spreading globally in support of humanitarian aid.",-63,2026-05-03 04:33:00,"p31","FALSE"
"c2555","User_451","worldnews","Historical context is essential to understand the current escalation.",-27,2026-05-03 04:34:00,"p87","FALSE"
"c2556","User_217","worldnews","Security measures are being tightened in the region.",-125,2026-05-03 04:35:00,"p36","FALSE"
"c2557","User_131","worldnews","Diplomatic efforts are ongoing but progress is slow.",-9,2026-05-03 04:36:00,"p28","FALSE"
"c2558","User_500","palestine","Security measures are being tightened in the region.",160,2026-05-03 04:37:00,"p394","FALSE"
"c2559","User_380","israel","Civilians are paying the highest price in this long-standing conflict.",-239,2026-05-03 04:38:00,"p228","FALSE"
"c2560","User_540","palestine","New reports suggest a possible breakthrough in negotiations.",-156,2026-05-03 04:39:00,"p256","FALSE"
"c2561","User_416","worldnews","Civilians are paying the highest price in this long-standing conflict.",5,2026-05-03 04:40:00,"p193","FALSE"
"c2562","User_545","politics","Civilians are paying the highest price in this long-standing conflict.",77,2026-05-03 04:41:00,"p393","FALSE"
"c2563","User_247","politics","International community calls for an immediate ceasefire.",288,2026-05-03 04:42:00,"p123","FALSE"
"c2564","User_90","worldnews","Diplomatic efforts are ongoing but progress is slow.",149,2026-05-03 04:43:00,"p180","FALSE"
"c2565","User_659","palestine","Protests are spreading globally in support of humanitarian aid.",106,2026-05-03 04:44:00,"p121","FALSE"
"c2566","User_14","worldnews","Security measures are being tightened in the region.",11,2026-05-03 04:45:00,"p233","FALSE"
"c2567","User_651","israel","Public opinion is deeply divided on the best path to peace.",-78,2026-05-03 04:46:00,"p349","FALSE"
"c2568","User_744","news","Historical context is essential to understand the current escalation.",-15,2026-05-03 04:47:00,"p192","FALSE"
"c2569","User_405","israel","Diplomatic efforts are ongoing but progress is slow.",254,2026-05-03 04:48:00,"p278","FALSE"
"c2570","User_674","israel","International community calls for an immediate ceasefire.",-177,2026-05-03 04:49:00,"p359","FALSE"
"c2571","User_675","worldnews","Security measures are being tightened in the region.",-198,2026-05-03 04:50:00,"p335","TRUE"
"c2572","User_52","israel","New reports suggest a possible breakthrough in negotiations.",18,2026-05-03 04:51:00,"p90","FALSE"
"c2573","User_53","israel","Discourse on social media is highly polarized and full of misinformation.",-2,2026-05-03 04:52:00,"p138","FALSE"
"c2574","User_528","israel","New reports suggest a possible breakthrough in negotiations.",-2,2026-05-03 04:53:00,"p397","FALSE"
"c2575","User_260","MiddleEastHistory","Public opinion is deeply divided on the best path to peace.",-191,2026-05-03 04:54:00,"p63","FALSE"
"c2576","User_82","israel","Public opinion is deeply divided on the best path to peace.",92,2026-05-03 04:55:00,"p300","FALSE"
"c2577","User_544","israel","Discourse on social media is highly polarized and full of misinformation.",32,2026-05-03 04:56:00,"p386","FALSE"
"c2578","User_645","worldnews","The role of international organizations is being questioned.",193,2026-05-03 04:57:00,"p154","FALSE"
"c2579","User_51","israel","New reports suggest a possible breakthrough in negotiations.",-214,2026-05-03 04:58:00,"p99","FALSE"
"c2580","User_220","palestine","Public opinion is deeply divided on the best path to peace.",-85,2026-05-03 04:59:00,"p283","FALSE"
"c2581","User_763","worldnews","The conflict continues with heavy casualties on both sides.",26,2026-05-03 05:00:00,"p374","FALSE"
"c2582","User_532","worldnews","Discourse on social media is highly polarized and full of misinformation.",6,2026-05-03 05:01:00,"p248","FALSE"
"c2583","User_660","worldnews","Diplomatic efforts are ongoing but progress is slow.",-64,2026-05-03 05:02:00,"p313","TRUE"
"c2584","User_9","israel","Protests are spreading globally in support of humanitarian aid.",-318,2026-05-03 05:03:00,"p90","FALSE"
"c2585","User_324","worldnews","International community calls for an immediate ceasefire.",2,2026-05-03 05:04:00,"p77","FALSE"
"c2586","User_719","news","New reports suggest a possible breakthrough in negotiations.",88,2026-05-03 05:05:00,"p248","FALSE"
"c2587","User_750","MiddleEastHistory","New reports suggest a possible breakthrough in negotiations.",-66,2026-05-03 05:06:00,"p201","FALSE"
"c2588","User_547","palestine","The role of international organizations is being questioned.",31,2026-05-03 05:07:00,"p280","FALSE"
"c2589","User_319","israel","The conflict continues with heavy casualties on both sides.",98,2026-05-03 05:08:00,"p60","FALSE"
"c2590","User_443","worldnews","Diplomatic efforts are ongoing but progress is slow.",223,2026-05-03 05:09:00,"p295","FALSE"
"c2591","User_398","worldnews","The conflict continues with heavy casualties on both sides.",-95,2026-05-03 05:10:00,"p90","FALSE"
"c2592","User_186","worldnews","Security measures are being tightened in the region.",185,2026-05-03 05:11:00,"p336","FALSE"
"c2593","User_586","palestine","Diplomatic efforts are ongoing but progress is slow.",82,2026-05-03 05:12:00,"p104","FALSE"
"c2594","User_169","israel","Civilians are paying the highest price in this long-standing conflict.",302,2026-05-03 05:13:00,"p368","FALSE"
"c2595","User_9","worldnews","Economic impact of the war is being felt across the Middle East.",-149,2026-05-03 05:14:00,"p210","FALSE"
"c2596","User_156","news","Diplomatic efforts are ongoing but progress is slow.",7,2026-05-03 05:15:00,"p249","FALSE"
"c2597","User_3","worldnews","Protests are spreading globally in support of humanitarian aid.",-213,2026-05-03 05:16:00,"p354","FALSE"
"c2598","User_18","palestine","Historical context is essential to understand the current escalation.",352,2026-05-03 05:17:00,"p124","FALSE"
"c2599","User_423","palestine","The role of international organizations is being questioned.",60,2026-05-03 05:18:00,"p316","FALSE"
"c2600","User_83","palestine","Protests are spreading globally in support of humanitarian aid.",6,2026-05-03 05:19:00,"p154","FALSE"
"c2601","User_400","worldnews","The role of international organizations is being questioned.",146,2026-05-03 05:20:00,"p236","FALSE"
"c2602","User_353","palestine","Historical context is essential to understand the current escalation.",-101,2026-05-03 05:21:00,"p37","FALSE"
"c2603","User_408","politics","The conflict continues with heavy casualties on both sides.",96,2026-05-03 05:22:00,"p28","FALSE"
"c2604","User_795","israel","Discourse on social media is highly polarized and full of misinformation.",72,2026-05-03 05:23:00,"p10","FALSE"
"c2605","User_68","worldnews","New reports suggest a possible breakthrough in negotiations.",161,2026-05-03 05:24:00,"p85","FALSE"
"c2606","User_615","worldnews","Diplomatic efforts are ongoing but progress is slow.",-18,2026-05-03 05:25:00,"p369","FALSE"
"c2607","User_5","news","Protests are spreading globally in support of humanitarian aid.",86,2026-05-03 05:26:00,"p347","FALSE"
"c2608","User_133","israel","Economic impact of the war is being felt across the Middle East.",71,2026-05-03 05:27:00,"p296","FALSE"
"c2609","User_733","politics","Security measures are being tightened in the region.",-43,2026-05-03 05:28:00,"p332","TRUE"
"c2610","User_212","politics","Diplomatic efforts are ongoing but progress is slow.",43,2026-05-03 05:29:00,"p386","FALSE"
"c2611","User_531","worldnews","International community calls for an immediate ceasefire.",128,2026-05-03 05:30:00,"p36","FALSE"
"c2612","User_193","worldnews","New reports suggest a possible breakthrough in negotiations.",87,2026-05-03 05:31:00,"p116","FALSE"
"c2613","User_758","news","Economic impact of the war is being felt across the Middle East.",127,2026-05-03 05:32:00,"p337","FALSE"
"c2614","User_512","worldnews","Protests are spreading globally in support of humanitarian aid.",-50,2026-05-03 05:33:00,"p6","TRUE"
"c2615","User_648","palestine","New reports suggest a possible breakthrough in negotiations.",-210,2026-05-03 05:34:00,"p199","FALSE"
"c2616","User_796","news","Historical context is essential to understand the current escalation.",53,2026-05-03 05:35:00,"p368","FALSE"
"c2617","User_585","news","Security measures are being tightened in the region.",-70,2026-05-03 05:36:00,"p83","FALSE"
"c2618","User_193","palestine","Economic impact of the war is being felt across the Middle East.",-124,2026-05-03 05:37:00,"p19","FALSE"
"c2619","User_538","palestine","Protests are spreading globally in support of humanitarian aid.",276,2026-05-03 05:38:00,"p221","TRUE"
"c2620","User_258","politics","Economic impact of the war is being felt across the Middle East.",243,2026-05-03 05:39:00,"p71","FALSE"
"c2621","User_580","israel","Discourse on social media is highly polarized and full of misinformation.",165,2026-05-03 05:40:00,"p252","FALSE"
"c2622","User_334","israel","International community calls for an immediate ceasefire.",84,2026-05-03 05:41:00,"p243","TRUE"
"c2623","User_678","worldnews","Civilians are paying the highest price in this long-standing conflict.",44,2026-05-03 05:42:00,"p148","FALSE"
"c2624","User_719","MiddleEastHistory","Diplomatic efforts are ongoing but progress is slow.",75,2026-05-03 05:43:00,"p186","FALSE"
"c2625","User_494","worldnews","The role of international organizations is being questioned.",126,2026-05-03 05:44:00,"p103","FALSE"
"c2626","User_254","palestine","Diplomatic efforts are ongoing but progress is slow.",-5,2026-05-03 05:45:00,"p31","FALSE"
"c2627","User_104","politics","Diplomatic efforts are ongoing but progress is slow.",105,2026-05-03 05:46:00,"p192","FALSE"
"c2628","User_535","MiddleEastHistory","Public opinion is deeply divided on the best path to peace.",-114,2026-05-03 05:47:00,"p332","FALSE"
"c2629","User_23","palestine","The role of international organizations is being questioned.",33,2026-05-03 05:48:00,"p374","FALSE"
"c2630","User_279","MiddleEastHistory","Security measures are being tightened in the region.",-31,2026-05-03 05:49:00,"p41","FALSE"
"c2631","User_593","worldnews","Public opinion is deeply divided on the best path to peace.",10,2026-05-03 05:50:00,"p116","FALSE"
"c2632","User_351","politics","International community calls for an immediate ceasefire.",7,2026-05-03 05:51:00,"p143","FALSE"
"c2633","User_118","worldnews","The role of international organizations is being questioned.",153,2026-05-03 05:52:00,"p171","FALSE"
"c2634","User_794","worldnews","New reports suggest a possible breakthrough in negotiations.",-47,2026-05-03 05:53:00,"p168","TRUE"
"c2635","User_409","israel","Diplomatic efforts are ongoing but progress is slow.",97,2026-05-03 05:54:00,"p285","TRUE"
"c2636","User_623","worldnews","Protests are spreading globally in support of humanitarian aid.",185,2026-05-03 05:55:00,"p126","FALSE"
"c2637","User_683","israel","International community calls for an immediate ceasefire.",254,2026-05-03 05:56:00,"p150","TRUE"
"c2638","User_420","worldnews","International community calls for an immediate ceasefire.",65,2026-05-03 05:57:00,"p73","TRUE"
"c2639","User_631","worldnews","Diplomatic efforts are ongoing but progress is slow.",12,2026-05-03 05:58:00,"p145","FALSE"
"c2640","User_400","worldnews","Public opinion is deeply divided on the best path to peace.",-255,2026-05-03 05:59:00,"p283","FALSE"
"c2641","User_642","news","Security measures are being tightened in the region.",67,2026-05-03 06:00:00,"p24","FALSE"
"c2642","User_264","israel","The conflict continues with heavy casualties on both sides.",140,2026-05-03 06:01:00,"p231","TRUE"
"c2643","User_403","worldnews","New reports suggest a possible breakthrough in negotiations.",71,2026-05-03 06:02:00,"p71","FALSE"
"c2644","User_450","israel","Security measures are being tightened in the region.",-88,2026-05-03 06:03:00,"p314","FALSE"
"c2645","User_459","worldnews","Protests are spreading globally in support of humanitarian aid.",146,2026-05-03 06:04:00,"p72","FALSE"
"c2646","User_451","israel","Historical context is essential to understand the current escalation.",57,2026-05-03 06:05:00,"p232","FALSE"
"c2647","User_231","israel","Protests are spreading globally in support of humanitarian aid.",-41,2026-05-03 06:06:00,"p258","FALSE"
"c2648","User_548","news","Protests are spreading globally in support of humanitarian aid.",-9,2026-05-03 06:07:00,"p21","FALSE"
"c2649","User_621","politics","New reports suggest a possible breakthrough in negotiations.",233,2026-05-03 06:08:00,"p360","FALSE"
"c2650","User_374","palestine","Public opinion is deeply divided on the best path to peace.",5,2026-05-03 06:09:00,"p37","FALSE"
"c2651","User_436","palestine","Security measures are being tightened in the region.",48,2026-05-03 06:10:00,"p351","TRUE"
"c2652","User_229","news","The role of international organizations is being questioned.",-117,2026-05-03 06:11:00,"p11","FALSE"
"c2653","User_222","palestine","Diplomatic efforts are ongoing but progress is slow.",138,2026-05-03 06:12:00,"p124","FALSE"
"c2654","User_644","palestine","The role of international organizations is being questioned.",-180,2026-05-03 06:13:00,"p123","FALSE"
"c2655","User_85","israel","Economic impact of the war is being felt across the Middle East.",-226,2026-05-03 06:14:00,"p208","FALSE"
"c2656","User_69","israel","The role of international organizations is being questioned.",-74,2026-05-03 06:15:00,"p129","FALSE"
"c2657","User_395","news","Economic impact of the war is being felt across the Middle East.",-87,2026-05-03 06:16:00,"p104","FALSE"
"c2658","User_366","palestine","New reports suggest a possible breakthrough in negotiations.",15,2026-05-03 06:17:00,"p178","TRUE"
"c2659","User_443","worldnews","New reports suggest a possible breakthrough in negotiations.",-19,2026-05-03 06:18:00,"p380","FALSE"
"c2660","User_290","worldnews","Diplomatic efforts are ongoing but progress is slow.",-86,2026-05-03 06:19:00,"p226","TRUE"
"c2661","User_523","israel","Diplomatic efforts are ongoing but progress is slow.",46,2026-05-03 06:20:00,"p127","TRUE"
"c2662","User_676","news","Security measures are being tightened in the region.",-40,2026-05-03 06:21:00,"p95","FALSE"
"c2663","User_703","palestine","Civilians are paying the highest price in this long-standing conflict.",155,2026-05-03 06:22:00,"p70","FALSE"
"c2664","User_168","israel","The conflict continues with heavy casualties on both sides.",63,2026-05-03 06:23:00,"p96","FALSE"
"c2665","User_501","worldnews","Public opinion is deeply divided on the best path to peace.",-89,2026-05-03 06:24:00,"p78","TRUE"
"c2666","User_595","MiddleEastHistory","International community calls for an immediate ceasefire.",125,2026-05-03 06:25:00,"p88","FALSE"
"c2667","User_643","politics","Protests are spreading globally in support of humanitarian aid.",23,2026-05-03 06:26:00,"p249","FALSE"
"c2668","User_295","palestine","Civilians are paying the highest price in this long-standing conflict.",70,2026-05-03 06:27:00,"p263","FALSE"
"c2669","User_593","worldnews","Public opinion is deeply divided on the best path to peace.",47,2026-05-03 06:28:00,"p380","FALSE"
"c2670","User_115","palestine","Historical context is essential to understand the current escalation.",50,2026-05-03 06:29:00,"p43","FALSE"
"c2671","User_530","MiddleEastHistory","New reports suggest a possible breakthrough in negotiations.",76,2026-05-03 06:30:00,"p278","FALSE"
"c2672","User_21","israel","The conflict continues with heavy casualties on both sides.",236,2026-05-03 06:31:00,"p319","TRUE"
"c2673","User_728","worldnews","New reports suggest a possible breakthrough in negotiations.",322,2026-05-03 06:32:00,"p207","FALSE"
"c2674","User_731","MiddleEastHistory","Historical context is essential to understand the current escalation.",49,2026-05-03 06:33:00,"p291","FALSE"
"c2675","User_143","news","Economic impact of the war is being felt across the Middle East.",-66,2026-05-03 06:34:00,"p379","FALSE"
"c2676","User_26","israel","Historical context is essential to understand the current escalation.",-18,2026-05-03 06:35:00,"p316","TRUE"
"c2677","User_696","politics","New reports suggest a possible breakthrough in negotiations.",17,2026-05-03 06:36:00,"p8","FALSE"
"c2678","User_540","israel","Discourse on social media is highly polarized and full of misinformation.",-180,2026-05-03 06:37:00,"p101","FALSE"
"c2679","User_376","news","Discourse on social media is highly polarized and full of misinformation.",-97,2026-05-03 06:38:00,"p358","FALSE"
"c2680","User_114","MiddleEastHistory","Economic impact of the war is being felt across the Middle East.",94,2026-05-03 06:39:00,"p235","FALSE"
"c2681","User_676","news","The role of international organizations is being questioned.",24,2026-05-03 06:40:00,"p99","FALSE"
"c2682","User_322","israel","Security measures are being tightened in the region.",143,2026-05-03 06:41:00,"p139","FALSE"
"c2683","User_696","worldnews","Security measures are being tightened in the region.",154,2026-05-03 06:42:00,"p233","FALSE"
"c2684","User_237","israel","The role of international organizations is being questioned.",236,2026-05-03 06:43:00,"p375","FALSE"
"c2685","User_757","MiddleEastHistory","The conflict continues with heavy casualties on both sides.",-74,2026-05-03 06:44:00,"p189","FALSE"
"c2686","User_567","politics","Public opinion is deeply divided on the best path to peace.",-359,2026-05-03 06:45:00,"p94","FALSE"
"c2687","User_624","news","Discourse on social media is highly polarized and full of misinformation.",-135,2026-05-03 06:46:00,"p334","FALSE"
"c2688","User_595","politics","Historical context is essential to understand the current escalation.",15,2026-05-03 06:47:00,"p247","FALSE"
"c2689","User_282","worldnews","The role of international organizations is being questioned.",-202,2026-05-03 06:48:00,"p201","TRUE"
"c2690","User_776","palestine","Security measures are being tightened in the region.",-95,2026-05-03 06:49:00,"p40","FALSE"
"c2691","User_214","palestine","Economic impact of the war is being felt across the Middle East.",-158,2026-05-03 06:50:00,"p257","FALSE"
"c2692","User_376","palestine","The role of international organizations is being questioned.",-9,2026-05-03 06:51:00,"p278","FALSE"
"c2693","User_270","israel","Economic impact of the war is being felt across the Middle East.",166,2026-05-03 06:52:00,"p119","TRUE"
"c2694","User_661","politics","New reports suggest a possible breakthrough in negotiations.",81,2026-05-03 06:53:00,"p42","TRUE"
"c2695","User_404","israel","Security measures are being tightened in the region.",1,2026-05-03 06:54:00,"p54","FALSE"
"c2696","User_707","politics","Public opinion is deeply divided on the best path to peace.",24,2026-05-03 06:55:00,"p328","FALSE"
"c2697","User_356","israel","Diplomatic efforts are ongoing but progress is slow.",-14,2026-05-03 06:56:00,"p232","FALSE"
"c2698","User_666","worldnews","Historical context is essential to understand the current escalation.",245,2026-05-03 06:57:00,"p1","FALSE"
"c2699","User_67","worldnews","The role of international organizations is being questioned.",7,2026-05-03 06:58:00,"p115","FALSE"
"c2700","User_712","politics","Public opinion is deeply divided on the best path to peace.",-223,2026-05-03 06:59:00,"p126","TRUE"
"c2701","User_212","palestine","The conflict continues with heavy casualties on both sides.",8,2026-05-03 07:00:00,"p256","FALSE"
"c2702","User_706","israel","Economic impact of the war is being felt across the Middle East.",134,2026-05-03 07:01:00,"p246","FALSE"
"c2703","User_747","palestine","Security measures are being tightened in the region.",-54,2026-05-03 07:02:00,"p282","FALSE"
"c2704","User_250","worldnews","The conflict continues with heavy casualties on both sides.",110,2026-05-03 07:03:00,"p338","FALSE"
"c2705","User_783","palestine","The role of international organizations is being questioned.",123,2026-05-03 07:04:00,"p59","TRUE"
"c2706","User_775","worldnews","Diplomatic efforts are ongoing but progress is slow.",-11,2026-05-03 07:05:00,"p202","TRUE"
"c2707","User_704","news","The conflict continues with heavy casualties on both sides.",44,2026-05-03 07:06:00,"p56","TRUE"
"c2708","User_129","worldnews","Historical context is essential to understand the current escalation.",-232,2026-05-03 07:07:00,"p40","FALSE"
"c2709","User_242","MiddleEastHistory","Discourse on social media is highly polarized and full of misinformation.",148,2026-05-03 07:08:00,"p247","FALSE"
"c2710","User_566","news","The role of international organizations is being questioned.",141,2026-05-03 07:09:00,"p345","FALSE"
"c2711","User_769","israel","Historical context is essential to understand the current escalation.",84,2026-05-03 07:10:00,"p84","FALSE"
"c2712","User_490","politics","New reports suggest a possible breakthrough in negotiations.",293,2026-05-03 07:11:00,"p107","FALSE"
"c2713","User_94","news","The role of international organizations is being questioned.",301,2026-05-03 07:12:00,"p355","FALSE"
"c2714","User_66","israel","Diplomatic efforts are ongoing but progress is slow.",-47,2026-05-03 07:13:00,"p125","FALSE"
"c2715","User_647","palestine","Discourse on social media is highly polarized and full of misinformation.",190,2026-05-03 07:14:00,"p168","FALSE"
"c2716","User_730","politics","Economic impact of the war is being felt across the Middle East.",170,2026-05-03 07:15:00,"p148","FALSE"
"c2717","User_594","worldnews","Historical context is essential to understand the current escalation.",284,2026-05-03 07:16:00,"p3","FALSE"
"c2718","User_184","israel","International community calls for an immediate ceasefire.",210,2026-05-03 07:17:00,"p23","FALSE"
"c2719","User_424","palestine","Diplomatic efforts are ongoing but progress is slow.",115,2026-05-03 07:18:00,"p189","FALSE"
"c2720","User_215","worldnews","The role of international organizations is being questioned.",-110,2026-05-03 07:19:00,"p181","FALSE"
"c2721","User_440","worldnews","Historical context is essential to understand the current escalation.",204,2026-05-03 07:20:00,"p327","TRUE"
"c2722","User_211","palestine","Economic impact of the war is being felt across the Middle East.",76,2026-05-03 07:21:00,"p240","FALSE"
"c2723","User_531","MiddleEastHistory","Public opinion is deeply divided on the best path to peace.",154,2026-05-03 07:22:00,"p306","FALSE"
"c2724","User_693","palestine","The role of international organizations is being questioned.",-27,2026-05-03 07:23:00,"p164","FALSE"
"c2725","User_416","news","Historical context is essential to understand the current escalation.",135,2026-05-03 07:24:00,"p279","TRUE"
"c2726","User_572","politics","Security measures are being tightened in the region.",79,2026-05-03 07:25:00,"p28","FALSE"
"c2727","User_518","news","The role of international organizations is being questioned.",37,2026-05-03 07:26:00,"p45","FALSE"
"c2728","User_102","worldnews","Public opinion is deeply divided on the best path to peace.",191,2026-05-03 07:27:00,"p77","FALSE"
"c2729","User_3","worldnews","Protests are spreading globally in support of humanitarian aid.",5,2026-05-03 07:28:00,"p6","FALSE"
"c2730","User_167","politics","Public opinion is deeply divided on the best path to peace.",154,2026-05-03 07:29:00,"p117","FALSE"
"c2731","User_492","worldnews","Economic impact of the war is being felt across the Middle East.",190,2026-05-03 07:30:00,"p208","FALSE"
"c2732","User_361","israel","Protests are spreading globally in support of humanitarian aid.",-108,2026-05-03 07:31:00,"p259","FALSE"
"c2733","User_557","news","Economic impact of the war is being felt across the Middle East.",-94,2026-05-03 07:32:00,"p193","FALSE"
"c2734","User_388","worldnews","The conflict continues with heavy casualties on both sides.",362,2026-05-03 07:33:00,"p295","FALSE"
"c2735","User_75","worldnews","Civilians are paying the highest price in this long-standing conflict.",246,2026-05-03 07:34:00,"p310","FALSE"
"c2736","User_373","worldnews","Discourse on social media is highly polarized and full of misinformation.",259,2026-05-03 07:35:00,"p107","FALSE"
"c2737","User_605","politics","Historical context is essential to understand the current escalation.",-63,2026-05-03 07:36:00,"p183","FALSE"
"c2738","User_136","palestine","The conflict continues with heavy casualties on both sides.",21,2026-05-03 07:37:00,"p247","FALSE"
"c2739","User_517","worldnews","Diplomatic efforts are ongoing but progress is slow.",223,2026-05-03 07:38:00,"p4","FALSE"
"c2740","User_183","worldnews","The role of international organizations is being questioned.",-105,2026-05-03 07:39:00,"p330","FALSE"
"c2741","User_535","worldnews","International community calls for an immediate ceasefire.",50,2026-05-03 07:40:00,"p227","FALSE"
"c2742","User_566","worldnews","New reports suggest a possible breakthrough in negotiations.",153,2026-05-03 07:41:00,"p175","FALSE"
"c2743","User_197","MiddleEastHistory","Protests are spreading globally in support of humanitarian aid.",104,2026-05-03 07:42:00,"p220","FALSE"
"c2744","User_474","news","Economic impact of the war is being felt across the Middle East.",54,2026-05-03 07:43:00,"p87","FALSE"
"c2745","User_775","palestine","International community calls for an immediate ceasefire.",74,2026-05-03 07:44:00,"p138","TRUE"
"c2746","User_353","worldnews","Historical context is essential to understand the current escalation.",-220,2026-05-03 07:45:00,"p6","FALSE"
"c2747","User_199","worldnews","Historical context is essential to understand the current escalation.",-168,2026-05-03 07:46:00,"p168","TRUE"
"c2748","User_21","palestine","The role of international organizations is being questioned.",-124,2026-05-03 07:47:00,"p346","FALSE"
"c2749","User_549","worldnews","Economic impact of the war is being felt across the Middle East.",210,2026-05-03 07:48:00,"p40","TRUE"
"c2750","User_121","politics","Civilians are paying the highest price in this long-standing conflict.",-27,2026-05-03 07:49:00,"p156","TRUE"
"c2751","User_471","worldnews","Historical context is essential to understand the current escalation.",76,2026-05-03 07:50:00,"p172","FALSE"
"c2752","User_739","politics","Security measures are being tightened in the region.",91,2026-05-03 07:51:00,"p261","FALSE"
"c2753","User_103","worldnews","Discourse on social media is highly polarized and full of misinformation.",10,2026-05-03 07:52:00,"p308","FALSE"
"c2754","User_294","worldnews","International community calls for an immediate ceasefire.",182,2026-05-03 07:53:00,"p203","FALSE"
"c2755","User_303","worldnews","Discourse on social media is highly polarized and full of misinformation.",123,2026-05-03 07:54:00,"p29","FALSE"
"c2756","User_716","palestine","Security measures are being tightened in the region.",124,2026-05-03 07:55:00,"p260","FALSE"
"c2757","User_344","politics","Historical context is essential to understand the current escalation.",136,2026-05-03 07:56:00,"p78","FALSE"
"c2758","User_364","israel","Economic impact of the war is being felt across the Middle East.",183,2026-05-03 07:57:00,"p370","FALSE"
"c2759","User_359","politics","New reports suggest a possible breakthrough in negotiations.",172,2026-05-03 07:58:00,"p215","FALSE"
"c2760","User_728","israel","Security measures are being tightened in the region.",155,2026-05-03 07:59:00,"p360","FALSE"
"c2761","User_243","palestine","New reports suggest a possible breakthrough in negotiations.",90,2026-05-03 08:00:00,"p201","FALSE"
"c2762","User_577","palestine","Protests are spreading globally in support of humanitarian aid.",-131,2026-05-03 08:01:00,"p182","FALSE"
"c2763","User_537","palestine","The conflict continues with heavy casualties on both sides.",259,2026-05-03 08:02:00,"p238","FALSE"
"c2764","User_513","worldnews","Civilians are paying the highest price in this long-standing conflict.",-29,2026-05-03 08:03:00,"p157","FALSE"
"c2765","User_609","israel","New reports suggest a possible breakthrough in negotiations.",-53,2026-05-03 08:04:00,"p95","FALSE"
"c2766","User_458","news","The conflict continues with heavy casualties on both sides.",-178,2026-05-03 08:05:00,"p121","FALSE"
"c2767","User_509","palestine","The role of international organizations is being questioned.",200,2026-05-03 08:06:00,"p106","TRUE"
"c2768","User_713","politics","Civilians are paying the highest price in this long-standing conflict.",21,2026-05-03 08:07:00,"p218","FALSE"
"c2769","User_226","MiddleEastHistory","The conflict continues with heavy casualties on both sides.",-116,2026-05-03 08:08:00,"p55","FALSE"
"c2770","User_2","MiddleEastHistory","Civilians are paying the highest price in this long-standing conflict.",152,2026-05-03 08:09:00,"p149","FALSE"
"c2771","User_739","worldnews","Economic impact of the war is being felt across the Middle East.",102,2026-05-03 08:10:00,"p304","FALSE"
"c2772","User_318","politics","Economic impact of the war is being felt across the Middle East.",-16,2026-05-03 08:11:00,"p374","TRUE"
"c2773","User_76","worldnews","Civilians are paying the highest price in this long-standing conflict.",-263,2026-05-03 08:12:00,"p56","FALSE"
"c2774","User_186","news","New reports suggest a possible breakthrough in negotiations.",87,2026-05-03 08:13:00,"p48","FALSE"
"c2775","User_191","worldnews","The conflict continues with heavy casualties on both sides.",409,2026-05-03 08:14:00,"p359","TRUE"
"c2776","User_638","israel","The conflict continues with heavy casualties on both sides.",69,2026-05-03 08:15:00,"p164","FALSE"
"c2777","User_542","politics","The conflict continues with heavy casualties on both sides.",-326,2026-05-03 08:16:00,"p370","FALSE"
"c2778","User_558","israel","Civilians are paying the highest price in this long-standing conflict.",-58,2026-05-03 08:17:00,"p297","FALSE"
"c2779","User_796","israel","Discourse on social media is highly polarized and full of misinformation.",-12,2026-05-03 08:18:00,"p356","FALSE"
"c2780","User_482","israel","New reports suggest a possible breakthrough in negotiations.",-68,2026-05-03 08:19:00,"p15","FALSE"
"c2781","User_32","news","International community calls for an immediate ceasefire.",-47,2026-05-03 08:20:00,"p55","FALSE"
"c2782","User_507","MiddleEastHistory","Diplomatic efforts are ongoing but progress is slow.",126,2026-05-03 08:21:00,"p263","TRUE"
"c2783","User_305","politics","International community calls for an immediate ceasefire.",196,2026-05-03 08:22:00,"p84","FALSE"
"c2784","User_258","politics","Security measures are being tightened in the region.",10,2026-05-03 08:23:00,"p328","FALSE"
"c2785","User_573","news","Economic impact of the war is being felt across the Middle East.",240,2026-05-03 08:24:00,"p134","FALSE"
"c2786","User_750","palestine","The conflict continues with heavy casualties on both sides.",-230,2026-05-03 08:25:00,"p212","TRUE"
"c2787","User_196","politics","The conflict continues with heavy casualties on both sides.",-31,2026-05-03 08:26:00,"p175","FALSE"
"c2788","User_205","palestine","Civilians are paying the highest price in this long-standing conflict.",22,2026-05-03 08:27:00,"p203","FALSE"
"c2789","User_44","palestine","International community calls for an immediate ceasefire.",12,2026-05-03 08:28:00,"p169","FALSE"
"c2790","User_331","MiddleEastHistory","New reports suggest a possible breakthrough in negotiations.",-61,2026-05-03 08:29:00,"p40","FALSE"
"c2791","User_767","worldnews","The conflict continues with heavy casualties on both sides.",-37,2026-05-03 08:30:00,"p204","FALSE"
"c2792","User_439","worldnews","The conflict continues with heavy casualties on both sides.",-200,2026-05-03 08:31:00,"p25","FALSE"
"c2793","User_735","palestine","Security measures are being tightened in the region.",90,2026-05-03 08:32:00,"p314","FALSE"
"c2794","User_361","worldnews","Historical context is essential to understand the current escalation.",-144,2026-05-03 08:33:00,"p162","FALSE"
"c2795","User_380","worldnews","Security measures are being tightened in the region.",177,2026-05-03 08:34:00,"p38","FALSE"
"c2796","User_180","worldnews","Historical context is essential to understand the current escalation.",109,2026-05-03 08:35:00,"p53","FALSE"
"c2797","User_575","israel","Diplomatic efforts are ongoing but progress is slow.",101,2026-05-03 08:36:00,"p39","FALSE"
"c2798","User_476","MiddleEastHistory","The role of international organizations is being questioned.",-50,2026-05-03 08:37:00,"p150","FALSE"
"c2799","User_443","palestine","Protests are spreading globally in support of humanitarian aid.",514,2026-05-03 08:38:00,"p351","FALSE"
"c2800","User_693","news","Public opinion is deeply divided on the best path to peace.",-145,2026-05-03 08:39:00,"p363","TRUE"
"c2801","User_332","news","New reports suggest a possible breakthrough in negotiations.",126,2026-05-03 08:40:00,"p123","FALSE"
"c2802","User_532","israel","Economic impact of the war is being felt across the Middle East.",54,2026-05-03 08:41:00,"p269","TRUE"
"c2803","User_210","worldnews","Discourse on social media is highly polarized and full of misinformation.",7,2026-05-03 08:42:00,"p42","FALSE"
"c2804","User_123","worldnews","Discourse on social media is highly polarized and full of misinformation.",87,2026-05-03 08:43:00,"p173","FALSE"
"c2805","User_389","worldnews","Diplomatic efforts are ongoing but progress is slow.",-41,2026-05-03 08:44:00,"p30","TRUE"
"c2806","User_511","MiddleEastHistory","Protests are spreading globally in support of humanitarian aid.",-68,2026-05-03 08:45:00,"p275","FALSE"
"c2807","User_258","worldnews","Security measures are being tightened in the region.",73,2026-05-03 08:46:00,"p338","FALSE"
"c2808","User_102","worldnews","Protests are spreading globally in support of humanitarian aid.",61,2026-05-03 08:47:00,"p72","FALSE"
"c2809","User_662","MiddleEastHistory","New reports suggest a possible breakthrough in negotiations.",53,2026-05-03 08:48:00,"p224","FALSE"
"c2810","User_659","worldnews","Discourse on social media is highly polarized and full of misinformation.",-63,2026-05-03 08:49:00,"p167","TRUE"
"c2811","User_202","politics","Economic impact of the war is being felt across the Middle East.",-277,2026-05-03 08:50:00,"p222","FALSE"
"c2812","User_265","news","Historical context is essential to understand the current escalation.",-11,2026-05-03 08:51:00,"p331","TRUE"
"c2813","User_144","news","Diplomatic efforts are ongoing but progress is slow.",-48,2026-05-03 08:52:00,"p288","FALSE"
"c2814","User_774","worldnews","Public opinion is deeply divided on the best path to peace.",307,2026-05-03 08:53:00,"p123","FALSE"
"c2815","User_336","politics","Discourse on social media is highly polarized and full of misinformation.",260,2026-05-03 08:54:00,"p240","FALSE"
"c2816","User_395","worldnews","Historical context is essential to understand the current escalation.",310,2026-05-03 08:55:00,"p359","FALSE"
"c2817","User_522","israel","Civilians are paying the highest price in this long-standing conflict.",-184,2026-05-03 08:56:00,"p27","TRUE"
"c2818","User_694","worldnews","Historical context is essential to understand the current escalation.",145,2026-05-03 08:57:00,"p121","FALSE"
"c2819","User_375","palestine","Economic impact of the war is being felt across the Middle East.",-174,2026-05-03 08:58:00,"p110","FALSE"
"c2820","User_44","palestine","The conflict continues with heavy casualties on both sides.",113,2026-05-03 08:59:00,"p392","TRUE"
"c2821","User_568","news","Security measures are being tightened in the region.",262,2026-05-03 09:00:00,"p322","FALSE"
"c2822","User_788","worldnews","Diplomatic efforts are ongoing but progress is slow.",-83,2026-05-03 09:01:00,"p1","FALSE"
"c2823","User_543","MiddleEastHistory","The conflict continues with heavy casualties on both sides.",-284,2026-05-03 09:02:00,"p41","FALSE"
"c2824","User_114","palestine","The role of international organizations is being questioned.",20,2026-05-03 09:03:00,"p244","FALSE"
"c2825","User_434","israel","New reports suggest a possible breakthrough in negotiations.",-12,2026-05-03 09:04:00,"p246","FALSE"
"c2826","User_607","MiddleEastHistory","Civilians are paying the highest price in this long-standing conflict.",-25,2026-05-03 09:05:00,"p99","TRUE"
"c2827","User_203","politics","Security measures are being tightened in the region.",239,2026-05-03 09:06:00,"p318","FALSE"
"c2828","User_331","news","The conflict continues with heavy casualties on both sides.",74,2026-05-03 09:07:00,"p390","FALSE"
"c2829","User_409","israel","The conflict continues with heavy casualties on both sides.",267,2026-05-03 09:08:00,"p240","FALSE"
"c2830","User_296","MiddleEastHistory","International community calls for an immediate ceasefire.",-205,2026-05-03 09:09:00,"p72","FALSE"
"c2831","User_200","worldnews","International community calls for an immediate ceasefire.",-356,2026-05-03 09:10:00,"p303","FALSE"
"c2832","User_33","palestine","Diplomatic efforts are ongoing but progress is slow.",175,2026-05-03 09:11:00,"p189","FALSE"
"c2833","User_724","palestine","The role of international organizations is being questioned.",-100,2026-05-03 09:12:00,"p204","FALSE"
"c2834","User_487","palestine","Historical context is essential to understand the current escalation.",-186,2026-05-03 09:13:00,"p309","FALSE"
"c2835","User_626","israel","New reports suggest a possible breakthrough in negotiations.",63,2026-05-03 09:14:00,"p275","FALSE"
"c2836","User_362","worldnews","Economic impact of the war is being felt across the Middle East.",152,2026-05-03 09:15:00,"p82","FALSE"
"c2837","User_153","israel","Historical context is essential to understand the current escalation.",-48,2026-05-03 09:16:00,"p225","FALSE"
"c2838","User_360","worldnews","Protests are spreading globally in support of humanitarian aid.",217,2026-05-03 09:17:00,"p267","TRUE"
"c2839","User_184","israel","Civilians are paying the highest price in this long-standing conflict.",343,2026-05-03 09:18:00,"p275","FALSE"
"c2840","User_278","worldnews","New reports suggest a possible breakthrough in negotiations.",240,2026-05-03 09:19:00,"p159","FALSE"
"c2841","User_680","worldnews","New reports suggest a possible breakthrough in negotiations.",-15,2026-05-03 09:20:00,"p288","TRUE"
"c2842","User_602","israel","New reports suggest a possible breakthrough in negotiations.",405,2026-05-03 09:21:00,"p109","FALSE"
"c2843","User_527","MiddleEastHistory","International community calls for an immediate ceasefire.",-47,2026-05-03 09:22:00,"p387","FALSE"
"c2844","User_199","palestine","New reports suggest a possible breakthrough in negotiations.",216,2026-05-03 09:23:00,"p256","FALSE"
"c2845","User_378","worldnews","Diplomatic efforts are ongoing but progress is slow.",79,2026-05-03 09:24:00,"p242","FALSE"
"c2846","User_195","worldnews","Diplomatic efforts are ongoing but progress is slow.",-28,2026-05-03 09:25:00,"p231","TRUE"
"c2847","User_101","palestine","Discourse on social media is highly polarized and full of misinformation.",254,2026-05-03 09:26:00,"p172","FALSE"
"c2848","User_675","politics","Security measures are being tightened in the region.",28,2026-05-03 09:27:00,"p285","FALSE"
"c2849","User_119","worldnews","Diplomatic efforts are ongoing but progress is slow.",-98,2026-05-03 09:28:00,"p132","FALSE"
"c2850","User_418","politics","Discourse on social media is highly polarized and full of misinformation.",-49,2026-05-03 09:29:00,"p159","FALSE"
"c2851","User_326","palestine","International community calls for an immediate ceasefire.",-14,2026-05-03 09:30:00,"p216","TRUE"
"c2852","User_153","israel","Civilians are paying the highest price in this long-standing conflict.",-312,2026-05-03 09:31:00,"p196","FALSE"
"c2853","User_658","palestine","Public opinion is deeply divided on the best path to peace.",-171,2026-05-03 09:32:00,"p11","FALSE"
"c2854","User_334","MiddleEastHistory","New reports suggest a possible breakthrough in negotiations.",59,2026-05-03 09:33:00,"p40","TRUE"
"c2855","User_378","MiddleEastHistory","International community calls for an immediate ceasefire.",97,2026-05-03 09:34:00,"p381","FALSE"
"c2856","User_203","politics","The role of international organizations is being questioned.",289,2026-05-03 09:35:00,"p100","FALSE"
"c2857","User_137","politics","Protests are spreading globally in support of humanitarian aid.",62,2026-05-03 09:36:00,"p314","FALSE"
"c2858","User_373","news","Protests are spreading globally in support of humanitarian aid.",122,2026-05-03 09:37:00,"p180","FALSE"
"c2859","User_677","worldnews","The conflict continues with heavy casualties on both sides.",214,2026-05-03 09:38:00,"p179","FALSE"
"c2860","User_430","news","Civilians are paying the highest price in this long-standing conflict.",-60,2026-05-03 09:39:00,"p256","FALSE"
"c2861","User_202","worldnews","The role of international organizations is being questioned.",-6,2026-05-03 09:40:00,"p7","FALSE"
"c2862","User_292","worldnews","Discourse on social media is highly polarized and full of misinformation.",-17,2026-05-03 09:41:00,"p209","FALSE"
"c2863","User_25","palestine","The conflict continues with heavy casualties on both sides.",-9,2026-05-03 09:42:00,"p93","TRUE"
"c2864","User_632","politics","Diplomatic efforts are ongoing but progress is slow.",229,2026-05-03 09:43:00,"p274","FALSE"
"c2865","User_478","worldnews","The role of international organizations is being questioned.",-40,2026-05-03 09:44:00,"p329","FALSE"
"c2866","User_515","israel","New reports suggest a possible breakthrough in negotiations.",182,2026-05-03 09:45:00,"p365","FALSE"
"c2867","User_389","palestine","Discourse on social media is highly polarized and full of misinformation.",156,2026-05-03 09:46:00,"p190","TRUE"
"c2868","User_118","palestine","Security measures are being tightened in the region.",-13,2026-05-03 09:47:00,"p325","FALSE"
"c2869","User_704","israel","Diplomatic efforts are ongoing but progress is slow.",-175,2026-05-03 09:48:00,"p79","FALSE"
"c2870","User_684","israel","Protests are spreading globally in support of humanitarian aid.",115,2026-05-03 09:49:00,"p71","FALSE"
"c2871","User_350","palestine","The role of international organizations is being questioned.",99,2026-05-03 09:50:00,"p14","TRUE"
"c2872","User_158","worldnews","International community calls for an immediate ceasefire.",318,2026-05-03 09:51:00,"p375","FALSE"
"c2873","User_19","news","Civilians are paying the highest price in this long-standing conflict.",-149,2026-05-03 09:52:00,"p264","FALSE"
"c2874","User_331","worldnews","Discourse on social media is highly polarized and full of misinformation.",15,2026-05-03 09:53:00,"p202","FALSE"
"c2875","User_266","israel","Civilians are paying the highest price in this long-standing conflict.",-217,2026-05-03 09:54:00,"p373","FALSE"
"c2876","User_364","worldnews","The role of international organizations is being questioned.",72,2026-05-03 09:55:00,"p60","FALSE"
"c2877","User_41","israel","Public opinion is deeply divided on the best path to peace.",-94,2026-05-03 09:56:00,"p51","FALSE"
"c2878","User_147","worldnews","The role of international organizations is being questioned.",81,2026-05-03 09:57:00,"p216","FALSE"
"c2879","User_432","politics","Historical context is essential to understand the current escalation.",26,2026-05-03 09:58:00,"p212","FALSE"
"c2880","User_533","worldnews","Public opinion is deeply divided on the best path to peace.",-99,2026-05-03 09:59:00,"p140","FALSE"
"c2881","User_213","palestine","Protests are spreading globally in support of humanitarian aid.",64,2026-05-03 10:00:00,"p360","FALSE"
"c2882","User_185","israel","Protests are spreading globally in support of humanitarian aid.",-11,2026-05-03 10:01:00,"p201","FALSE"
"c2883","User_242","worldnews","Protests are spreading globally in support of humanitarian aid.",59,2026-05-03 10:02:00,"p103","FALSE"
"c2884","User_614","worldnews","New reports suggest a possible breakthrough in negotiations.",132,2026-05-03 10:03:00,"p150","FALSE"
"c2885","User_469","MiddleEastHistory","The role of international organizations is being questioned.",136,2026-05-03 10:04:00,"p75","FALSE"
"c2886","User_684","israel","Historical context is essential to understand the current escalation.",115,2026-05-03 10:05:00,"p240","TRUE"
"c2887","User_426","news","International community calls for an immediate ceasefire.",374,2026-05-03 10:06:00,"p269","FALSE"
"c2888","User_794","israel","Protests are spreading globally in support of humanitarian aid.",143,2026-05-03 10:07:00,"p7","FALSE"
"c2889","User_321","palestine","Public opinion is deeply divided on the best path to peace.",123,2026-05-03 10:08:00,"p145","FALSE"
"c2890","User_247","israel","Diplomatic efforts are ongoing but progress is slow.",108,2026-05-03 10:09:00,"p78","TRUE"
"c2891","User_364","worldnews","Protests are spreading globally in support of humanitarian aid.",-132,2026-05-03 10:10:00,"p308","FALSE"
"c2892","User_482","worldnews","Economic impact of the war is being felt across the Middle East.",18,2026-05-03 10:11:00,"p34","TRUE"
"c2893","User_646","politics","Protests are spreading globally in support of humanitarian aid.",-205,2026-05-03 10:12:00,"p133","FALSE"
"c2894","User_358","israel","Economic impact of the war is being felt across the Middle East.",73,2026-05-03 10:13:00,"p140","FALSE"
"c2895","User_151","palestine","Public opinion is deeply divided on the best path to peace.",-7,2026-05-03 10:14:00,"p264","FALSE"
"c2896","User_641","worldnews","Historical context is essential to understand the current escalation.",-133,2026-05-03 10:15:00,"p126","FALSE"
"c2897","User_667","worldnews","Civilians are paying the highest price in this long-standing conflict.",2,2026-05-03 10:16:00,"p263","FALSE"
"c2898","User_565","palestine","Public opinion is deeply divided on the best path to peace.",169,2026-05-03 10:17:00,"p256","FALSE"
"c2899","User_800","worldnews","Historical context is essential to understand the current escalation.",-16,2026-05-03 10:18:00,"p142","FALSE"
"c2900","User_426","worldnews","Diplomatic efforts are ongoing but progress is slow.",169,2026-05-03 10:19:00,"p66","TRUE"
"c2901","User_264","politics","Public opinion is deeply divided on the best path to peace.",-65,2026-05-03 10:20:00,"p365","FALSE"
"c2902","User_601","MiddleEastHistory","Protests are spreading globally in support of humanitarian aid.",-69,2026-05-03 10:21:00,"p119","FALSE"
"c2903","User_64","israel","Economic impact of the war is being felt across the Middle East.",-166,2026-05-03 10:22:00,"p214","FALSE"
"c2904","User_116","worldnews","Discourse on social media is highly polarized and full of misinformation.",209,2026-05-03 10:23:00,"p59","FALSE"
"c2905","User_526","politics","Security measures are being tightened in the region.",-268,2026-05-03 10:24:00,"p347","FALSE"
"c2906","User_242","worldnews","Public opinion is deeply divided on the best path to peace.",1,2026-05-03 10:25:00,"p370","FALSE"
"c2907","User_320","israel","Historical context is essential to understand the current escalation.",77,2026-05-03 10:26:00,"p187","FALSE"
"c2908","User_274","palestine","International community calls for an immediate ceasefire.",158,2026-05-03 10:27:00,"p123","FALSE"
"c2909","User_653","politics","Historical context is essential to understand the current escalation.",180,2026-05-03 10:28:00,"p333","FALSE"
"c2910","User_564","worldnews","Discourse on social media is highly polarized and full of misinformation.",210,2026-05-03 10:29:00,"p143","FALSE"
"c2911","User_289","MiddleEastHistory","The role of international organizations is being questioned.",-5,2026-05-03 10:30:00,"p373","FALSE"
"c2912","User_518","israel","Public opinion is deeply divided on the best path to peace.",-17,2026-05-03 10:31:00,"p394","FALSE"
"c2913","User_240","palestine","Civilians are paying the highest price in this long-standing conflict.",-278,2026-05-03 10:32:00,"p194","FALSE"
"c2914","User_780","news","The role of international organizations is being questioned.",-55,2026-05-03 10:33:00,"p69","FALSE"
"c2915","User_406","worldnews","Civilians are paying the highest price in this long-standing conflict.",188,2026-05-03 10:34:00,"p96","FALSE"
"c2916","User_655","palestine","The role of international organizations is being questioned.",-190,2026-05-03 10:35:00,"p270","FALSE"
"c2917","User_484","israel","Discourse on social media is highly polarized and full of misinformation.",15,2026-05-03 10:36:00,"p138","FALSE"
"c2918","User_768","palestine","Security measures are being tightened in the region.",60,2026-05-03 10:37:00,"p197","TRUE"
"c2919","User_658","politics","Discourse on social media is highly polarized and full of misinformation.",185,2026-05-03 10:38:00,"p31","FALSE"
"c2920","User_474","MiddleEastHistory","Public opinion is deeply divided on the best path to peace.",-6,2026-05-03 10:39:00,"p21","FALSE"
"c2921","User_235","palestine","Economic impact of the war is being felt across the Middle East.",175,2026-05-03 10:40:00,"p259","FALSE"
"c2922","User_309","palestine","Public opinion is deeply divided on the best path to peace.",-12,2026-05-03 10:41:00,"p124","FALSE"
"c2923","User_678","news","Public opinion is deeply divided on the best path to peace.",33,2026-05-03 10:42:00,"p269","FALSE"
"c2924","User_479","palestine","International community calls for an immediate ceasefire.",-32,2026-05-03 10:43:00,"p175","TRUE"
"c2925","User_228","MiddleEastHistory","Civilians are paying the highest price in this long-standing conflict.",164,2026-05-03 10:44:00,"p78","FALSE"
"c2926","User_439","palestine","Discourse on social media is highly polarized and full of misinformation.",145,2026-05-03 10:45:00,"p389","FALSE"
"c2927","User_614","israel","Security measures are being tightened in the region.",71,2026-05-03 10:46:00,"p182","FALSE"
"c2928","User_605","israel","Security measures are being tightened in the region.",10,2026-05-03 10:47:00,"p185","FALSE"
"c2929","User_73","palestine","Discourse on social media is highly polarized and full of misinformation.",-117,2026-05-03 10:48:00,"p282","FALSE"
"c2930","User_630","politics","Diplomatic efforts are ongoing but progress is slow.",43,2026-05-03 10:49:00,"p376","FALSE"
"c2931","User_460","worldnews","International community calls for an immediate ceasefire.",91,2026-05-03 10:50:00,"p121","FALSE"
"c2932","User_436","worldnews","Public opinion is deeply divided on the best path to peace.",-21,2026-05-03 10:51:00,"p125","FALSE"
"c2933","User_167","palestine","Security measures are being tightened in the region.",81,2026-05-03 10:52:00,"p164","FALSE"
"c2934","User_180","worldnews","Protests are spreading globally in support of humanitarian aid.",116,2026-05-03 10:53:00,"p2","FALSE"
"c2935","User_511","palestine","Economic impact of the war is being felt across the Middle East.",117,2026-05-03 10:54:00,"p199","FALSE"
"c2936","User_634","MiddleEastHistory","The conflict continues with heavy casualties on both sides.",104,2026-05-03 10:55:00,"p81","TRUE"
"c2937","User_573","worldnews","International community calls for an immediate ceasefire.",213,2026-05-03 10:56:00,"p143","FALSE"
"c2938","User_705","news","Diplomatic efforts are ongoing but progress is slow.",52,2026-05-03 10:57:00,"p235","FALSE"
"c2939","User_145","worldnews","The role of international organizations is being questioned.",184,2026-05-03 10:58:00,"p135","FALSE"
"c2940","User_88","palestine","International community calls for an immediate ceasefire.",329,2026-05-03 10:59:00,"p141","FALSE"
"c2941","User_254","MiddleEastHistory","The role of international organizations is being questioned.",230,2026-05-03 11:00:00,"p67","FALSE"
"c2942","User_312","politics","Civilians are paying the highest price in this long-standing conflict.",198,2026-05-03 11:01:00,"p76","FALSE"
"c2943","User_283","israel","Civilians are paying the highest price in this long-standing conflict.",174,2026-05-03 11:02:00,"p301","FALSE"
"c2944","User_788","israel","Security measures are being tightened in the region.",-54,2026-05-03 11:03:00,"p384","TRUE"
"c2945","User_515","israel","Civilians are paying the highest price in this long-standing conflict.",-47,2026-05-03 11:04:00,"p251","FALSE"
"c2946","User_58","worldnews","Historical context is essential to understand the current escalation.",66,2026-05-03 11:05:00,"p245","FALSE"
"c2947","User_468","worldnews","Public opinion is deeply divided on the best path to peace.",390,2026-05-03 11:06:00,"p76","FALSE"
"c2948","User_595","worldnews","The role of international organizations is being questioned.",110,2026-05-03 11:07:00,"p233","FALSE"
"c2949","User_19","MiddleEastHistory","Economic impact of the war is being felt across the Middle East.",7,2026-05-03 11:08:00,"p217","FALSE"
"c2950","User_649","politics","New reports suggest a possible breakthrough in negotiations.",-49,2026-05-03 11:09:00,"p11","FALSE"
"c2951","User_775","palestine","Economic impact of the war is being felt across the Middle East.",-13,2026-05-03 11:10:00,"p97","FALSE"
"c2952","User_513","israel","International community calls for an immediate ceasefire.",103,2026-05-03 11:11:00,"p207","FALSE"
"c2953","User_230","news","The conflict continues with heavy casualties on both sides.",-93,2026-05-03 11:12:00,"p266","TRUE"
"c2954","User_646","politics","Security measures are being tightened in the region.",88,2026-05-03 11:13:00,"p280","FALSE"
"c2955","User_725","palestine","Economic impact of the war is being felt across the Middle East.",119,2026-05-03 11:14:00,"p241","FALSE"
"c2956","User_611","worldnews","Public opinion is deeply divided on the best path to peace.",253,2026-05-03 11:15:00,"p44","FALSE"
"c2957","User_696","worldnews","Civilians are paying the highest price in this long-standing conflict.",-39,2026-05-03 11:16:00,"p164","TRUE"
"c2958","User_657","news","Discourse on social media is highly polarized and full of misinformation.",-194,2026-05-03 11:17:00,"p128","TRUE"
"c2959","User_416","worldnews","Civilians are paying the highest price in this long-standing conflict.",286,2026-05-03 11:18:00,"p53","FALSE"
"c2960","User_266","MiddleEastHistory","Public opinion is deeply divided on the best path to peace.",157,2026-05-03 11:19:00,"p132","FALSE"
"c2961","User_243","israel","Historical context is essential to understand the current escalation.",268,2026-05-03 11:20:00,"p331","FALSE"
"c2962","User_45","palestine","Protests are spreading globally in support of humanitarian aid.",260,2026-05-03 11:21:00,"p166","FALSE"
"c2963","User_242","israel","Discourse on social media is highly polarized and full of misinformation.",-96,2026-05-03 11:22:00,"p248","TRUE"
"c2964","User_735","worldnews","Protests are spreading globally in support of humanitarian aid.",-98,2026-05-03 11:23:00,"p174","FALSE"
"c2965","User_432","worldnews","New reports suggest a possible breakthrough in negotiations.",23,2026-05-03 11:24:00,"p350","FALSE"
"c2966","User_47","worldnews","Security measures are being tightened in the region.",146,2026-05-03 11:25:00,"p143","FALSE"
"c2967","User_577","israel","The role of international organizations is being questioned.",-343,2026-05-03 11:26:00,"p87","TRUE"
"c2968","User_766","MiddleEastHistory","The role of international organizations is being questioned.",12,2026-05-03 11:27:00,"p111","FALSE"
"c2969","User_683","palestine","New reports suggest a possible breakthrough in negotiations.",-200,2026-05-03 11:28:00,"p238","FALSE"
"c2970","User_713","palestine","The role of international organizations is being questioned.",325,2026-05-03 11:29:00,"p26","FALSE"
"c2971","User_568","worldnews","Public opinion is deeply divided on the best path to peace.",217,2026-05-03 11:30:00,"p147","FALSE"
"c2972","User_546","israel","Public opinion is deeply divided on the best path to peace.",45,2026-05-03 11:31:00,"p56","FALSE"
"c2973","User_749","news","New reports suggest a possible breakthrough in negotiations.",167,2026-05-03 11:32:00,"p380","FALSE"
"c2974","User_217","worldnews","Diplomatic efforts are ongoing but progress is slow.",-160,2026-05-03 11:33:00,"p114","FALSE"
"c2975","User_537","worldnews","Protests are spreading globally in support of humanitarian aid.",-173,2026-05-03 11:34:00,"p174","FALSE"
"c2976","User_558","israel","Civilians are paying the highest price in this long-standing conflict.",-89,2026-05-03 11:35:00,"p221","FALSE"
"c2977","User_190","politics","Public opinion is deeply divided on the best path to peace.",-25,2026-05-03 11:36:00,"p343","FALSE"
"c2978","User_339","worldnews","Security measures are being tightened in the region.",165,2026-05-03 11:37:00,"p161","FALSE"
"c2979","User_119","politics","Economic impact of the war is being felt across the Middle East.",-42,2026-05-03 11:38:00,"p110","FALSE"
"c2980","User_512","palestine","Security measures are being tightened in the region.",45,2026-05-03 11:39:00,"p294","TRUE"
"c2981","User_637","worldnews","Civilians are paying the highest price in this long-standing conflict.",45,2026-05-03 11:40:00,"p272","FALSE"
"c2982","User_386","worldnews","Discourse on social media is highly polarized and full of misinformation.",-12,2026-05-03 11:41:00,"p273","TRUE"
"c2983","User_374","worldnews","Security measures are being tightened in the region.",186,2026-05-03 11:42:00,"p134","FALSE"
"c2984","User_553","palestine","Diplomatic efforts are ongoing but progress is slow.",-8,2026-05-03 11:43:00,"p222","FALSE"
"c2985","User_634","israel","Discourse on social media is highly polarized and full of misinformation.",-111,2026-05-03 11:44:00,"p91","FALSE"
"c2986","User_454","palestine","Civilians are paying the highest price in this long-standing conflict.",248,2026-05-03 11:45:00,"p165","FALSE"
"c2987","User_364","palestine","The conflict continues with heavy casualties on both sides.",168,2026-05-03 11:46:00,"p155","FALSE"
"c2988","User_362","MiddleEastHistory","The role of international organizations is being questioned.",277,2026-05-03 11:47:00,"p178","FALSE"
"c2989","User_765","palestine","International community calls for an immediate ceasefire.",-47,2026-05-03 11:48:00,"p333","TRUE"
"c2990","User_163","palestine","International community calls for an immediate ceasefire.",-94,2026-05-03 11:49:00,"p351","FALSE"
"c2991","User_697","israel","Protests are spreading globally in support of humanitarian aid.",-219,2026-05-03 11:50:00,"p316","FALSE"
"c2992","User_776","worldnews","The conflict continues with heavy casualties on both sides.",328,2026-05-03 11:51:00,"p299","TRUE"
"c2993","User_497","palestine","Discourse on social media is highly polarized and full of misinformation.",-112,2026-05-03 11:52:00,"p85","FALSE"
"c2994","User_412","politics","Discourse on social media is highly polarized and full of misinformation.",245,2026-05-03 11:53:00,"p129","FALSE"
"c2995","User_500","palestine","Protests are spreading globally in support of humanitarian aid.",90,2026-05-03 11:54:00,"p145","FALSE"
"c2996","User_259","worldnews","Civilians are paying the highest price in this long-standing conflict.",-51,2026-05-03 11:55:00,"p319","FALSE"
"c2997","User_183","worldnews","The conflict continues with heavy casualties on both sides.",192,2026-05-03 11:56:00,"p146","TRUE"
"c2998","User_735","israel","Protests are spreading globally in support of humanitarian aid.",-26,2026-05-03 11:57:00,"p68","FALSE"
"c2999","User_30","news","Economic impact of the war is being felt across the Middle East.",-240,2026-05-03 11:58:00,"p300","TRUE"
"c3000","User_401","worldnews","New reports suggest a possible breakthrough in negotiations.",33,2026-05-03 11:59:00,"p288","FALSE"
"c3001","User_789","israel","Economic impact of the war is being felt across the Middle East.",150,2026-05-03 12:00:00,"p166","FALSE"
"c3002","User_391","palestine","International community calls for an immediate ceasefire.",18,2026-05-03 12:01:00,"p56","FALSE"
"c3003","User_662","palestine","New reports suggest a possible breakthrough in negotiations.",46,2026-05-03 12:02:00,"p275","FALSE"
"c3004","User_636","palestine","Public opinion is deeply divided on the best path to peace.",67,2026-05-03 12:03:00,"p137","FALSE"
"c3005","User_374","MiddleEastHistory","Diplomatic efforts are ongoing but progress is slow.",-22,2026-05-03 12:04:00,"p375","TRUE"
"c3006","User_733","palestine","Discourse on social media is highly polarized and full of misinformation.",435,2026-05-03 12:05:00,"p250","FALSE"
"c3007","User_429","politics","The conflict continues with heavy casualties on both sides.",282,2026-05-03 12:06:00,"p174","FALSE"
"c3008","User_86","worldnews","The conflict continues with heavy casualties on both sides.",257,2026-05-03 12:07:00,"p177","FALSE"
"c3009","User_65","worldnews","Discourse on social media is highly polarized and full of misinformation.",-94,2026-05-03 12:08:00,"p35","TRUE"
"c3010","User_262","palestine","International community calls for an immediate ceasefire.",70,2026-05-03 12:09:00,"p11","TRUE"
"c3011","User_293","news","Historical context is essential to understand the current escalation.",184,2026-05-03 12:10:00,"p369","TRUE"
"c3012","User_629","MiddleEastHistory","Economic impact of the war is being felt across the Middle East.",360,2026-05-03 12:11:00,"p323","FALSE"
"c3013","User_787","palestine","Civilians are paying the highest price in this long-standing conflict.",105,2026-05-03 12:12:00,"p148","FALSE"
"c3014","User_320","palestine","Discourse on social media is highly polarized and full of misinformation.",226,2026-05-03 12:13:00,"p293","FALSE"
"c3015","User_247","worldnews","International community calls for an immediate ceasefire.",216,2026-05-03 12:14:00,"p153","FALSE"
"c3016","User_536","palestine","International community calls for an immediate ceasefire.",156,2026-05-03 12:15:00,"p295","FALSE"
"c3017","User_41","israel","New reports suggest a possible breakthrough in negotiations.",63,2026-05-03 12:16:00,"p247","TRUE"
"c3018","User_575","news","Civilians are paying the highest price in this long-standing conflict.",117,2026-05-03 12:17:00,"p230","FALSE"
"c3019","User_350","worldnews","International community calls for an immediate ceasefire.",162,2026-05-03 12:18:00,"p266","FALSE"
"c3020","User_610","news","New reports suggest a possible breakthrough in negotiations.",5,2026-05-03 12:19:00,"p48","FALSE"
"c3021","User_210","worldnews","New reports suggest a possible breakthrough in negotiations.",-180,2026-05-03 12:20:00,"p28","TRUE"
"c3022","User_448","politics","Public opinion is deeply divided on the best path to peace.",-14,2026-05-03 12:21:00,"p216","FALSE"
"c3023","User_56","worldnews","The conflict continues with heavy casualties on both sides.",18,2026-05-03 12:22:00,"p44","FALSE"
"c3024","User_275","worldnews","Historical context is essential to understand the current escalation.",-106,2026-05-03 12:23:00,"p274","FALSE"
"c3025","User_28","worldnews","Public opinion is deeply divided on the best path to peace.",-170,2026-05-03 12:24:00,"p111","FALSE"
"c3026","User_139","worldnews","Discourse on social media is highly polarized and full of misinformation.",-118,2026-05-03 12:25:00,"p305","FALSE"
"c3027","User_678","israel","Diplomatic efforts are ongoing but progress is slow.",11,2026-05-03 12:26:00,"p156","FALSE"
"c3028","User_271","news","Historical context is essential to understand the current escalation.",-229,2026-05-03 12:27:00,"p246","FALSE"
"c3029","User_64","worldnews","New reports suggest a possible breakthrough in negotiations.",93,2026-05-03 12:28:00,"p153","FALSE"
"c3030","User_252","worldnews","New reports suggest a possible breakthrough in negotiations.",30,2026-05-03 12:29:00,"p293","FALSE"
"c3031","User_647","israel","Public opinion is deeply divided on the best path to peace.",247,2026-05-03 12:30:00,"p356","FALSE"
"c3032","User_335","politics","Public opinion is deeply divided on the best path to peace.",-152,2026-05-03 12:31:00,"p273","FALSE"
"c3033","User_734","palestine","International community calls for an immediate ceasefire.",27,2026-05-03 12:32:00,"p111","FALSE"
"c3034","User_169","news","The role of international organizations is being questioned.",90,2026-05-03 12:33:00,"p295","TRUE"
"c3035","User_747","worldnews","Protests are spreading globally in support of humanitarian aid.",150,2026-05-03 12:34:00,"p388","FALSE"
"c3036","User_190","worldnews","Historical context is essential to understand the current escalation.",193,2026-05-03 12:35:00,"p282","FALSE"
"c3037","User_608","israel","Diplomatic efforts are ongoing but progress is slow.",159,2026-05-03 12:36:00,"p216","FALSE"
"c3038","User_581","MiddleEastHistory","Economic impact of the war is being felt across the Middle East.",-120,2026-05-03 12:37:00,"p24","FALSE"
"c3039","User_522","israel","Discourse on social media is highly polarized and full of misinformation.",147,2026-05-03 12:38:00,"p304","FALSE"
"c3040","User_400","worldnews","Security measures are being tightened in the region.",-79,2026-05-03 12:39:00,"p237","FALSE"
"c3041","User_45","news","Security measures are being tightened in the region.",202,2026-05-03 12:40:00,"p146","FALSE"
"c3042","User_589","worldnews","Discourse on social media is highly polarized and full of misinformation.",164,2026-05-03 12:41:00,"p162","TRUE"
"c3043","User_198","worldnews","Civilians are paying the highest price in this long-standing conflict.",68,2026-05-03 12:42:00,"p261","FALSE"
"c3044","User_698","israel","Public opinion is deeply divided on the best path to peace.",-26,2026-05-03 12:43:00,"p65","FALSE"
"c3045","User_493","palestine","Economic impact of the war is being felt across the Middle East.",-107,2026-05-03 12:44:00,"p394","FALSE"
"c3046","User_85","palestine","Discourse on social media is highly polarized and full of misinformation.",78,2026-05-03 12:45:00,"p208","TRUE"
"c3047","User_625","israel","New reports suggest a possible breakthrough in negotiations.",386,2026-05-03 12:46:00,"p179","FALSE"
"c3048","User_779","worldnews","Civilians are paying the highest price in this long-standing conflict.",150,2026-05-03 12:47:00,"p305","FALSE"
"c3049","User_174","israel","The conflict continues with heavy casualties on both sides.",54,2026-05-03 12:48:00,"p367","FALSE"
"c3050","User_330","worldnews","Historical context is essential to understand the current escalation.",-213,2026-05-03 12:49:00,"p292","FALSE"
"c3051","User_324","palestine","Public opinion is deeply divided on the best path to peace.",38,2026-05-03 12:50:00,"p150","FALSE"
"c3052","User_414","palestine","Civilians are paying the highest price in this long-standing conflict.",-94,2026-05-03 12:51:00,"p24","FALSE"
"c3053","User_791","israel","The conflict continues with heavy casualties on both sides.",16,2026-05-03 12:52:00,"p373","FALSE"
"c3054","User_737","politics","Civilians are paying the highest price in this long-standing conflict.",39,2026-05-03 12:53:00,"p88","FALSE"
"c3055","User_136","politics","Public opinion is deeply divided on the best path to peace.",137,2026-05-03 12:54:00,"p186","FALSE"
"c3056","User_621","palestine","Diplomatic efforts are ongoing but progress is slow.",-286,2026-05-03 12:55:00,"p289","TRUE"
"c3057","User_735","politics","Civilians are paying the highest price in this long-standing conflict.",237,2026-05-03 12:56:00,"p130","FALSE"
"c3058","User_4","MiddleEastHistory","Protests are spreading globally in support of humanitarian aid.",64,2026-05-03 12:57:00,"p28","FALSE"
"c3059","User_218","palestine","The conflict continues with heavy casualties on both sides.",40,2026-05-03 12:58:00,"p82","FALSE"
"c3060","User_136","worldnews","Civilians are paying the highest price in this long-standing conflict.",84,2026-05-03 12:59:00,"p290","FALSE"
"c3061","User_406","palestine","Security measures are being tightened in the region.",-537,2026-05-03 13:00:00,"p40","FALSE"
"c3062","User_63","palestine","The role of international organizations is being questioned.",9,2026-05-03 13:01:00,"p5","FALSE"
"c3063","User_357","israel","International community calls for an immediate ceasefire.",-30,2026-05-03 13:02:00,"p321","FALSE"
"c3064","User_761","news","Security measures are being tightened in the region.",-25,2026-05-03 13:03:00,"p31","FALSE"
"c3065","User_678","israel","Civilians are paying the highest price in this long-standing conflict.",170,2026-05-03 13:04:00,"p162","TRUE"
"c3066","User_490","worldnews","Security measures are being tightened in the region.",59,2026-05-03 13:05:00,"p201","TRUE"
"c3067","User_635","worldnews","Economic impact of the war is being felt across the Middle East.",-214,2026-05-03 13:06:00,"p355","FALSE"
"c3068","User_349","worldnews","Discourse on social media is highly polarized and full of misinformation.",-104,2026-05-03 13:07:00,"p218","FALSE"
"c3069","User_197","worldnews","International community calls for an immediate ceasefire.",206,2026-05-03 13:08:00,"p324","FALSE"
"c3070","User_45","MiddleEastHistory","Security measures are being tightened in the region.",-1,2026-05-03 13:09:00,"p80","FALSE"
"c3071","User_29","palestine","Historical context is essential to understand the current escalation.",-42,2026-05-03 13:10:00,"p159","FALSE"
"c3072","User_143","palestine","Security measures are being tightened in the region.",20,2026-05-03 13:11:00,"p71","FALSE"
"c3073","User_508","politics","Civilians are paying the highest price in this long-standing conflict.",-49,2026-05-03 13:12:00,"p125","FALSE"
"c3074","User_21","palestine","International community calls for an immediate ceasefire.",-20,2026-05-03 13:13:00,"p86","FALSE"
"c3075","User_755","israel","Discourse on social media is highly polarized and full of misinformation.",150,2026-05-03 13:14:00,"p81","FALSE"
"c3076","User_647","worldnews","Discourse on social media is highly polarized and full of misinformation.",84,2026-05-03 13:15:00,"p18","FALSE"
"c3077","User_346","MiddleEastHistory","Diplomatic efforts are ongoing but progress is slow.",20,2026-05-03 13:16:00,"p282","FALSE"
"c3078","User_20","israel","New reports suggest a possible breakthrough in negotiations.",15,2026-05-03 13:17:00,"p240","TRUE"
"c3079","User_519","MiddleEastHistory","Civilians are paying the highest price in this long-standing conflict.",-94,2026-05-03 13:18:00,"p396","FALSE"
"c3080","User_41","palestine","Civilians are paying the highest price in this long-standing conflict.",-33,2026-05-03 13:19:00,"p25","FALSE"
"c3081","User_266","worldnews","Security measures are being tightened in the region.",229,2026-05-03 13:20:00,"p209","FALSE"
"c3082","User_679","palestine","International community calls for an immediate ceasefire.",60,2026-05-03 13:21:00,"p99","FALSE"
"c3083","User_652","israel","Historical context is essential to understand the current escalation.",-164,2026-05-03 13:22:00,"p54","FALSE"
"c3084","User_652","israel","Public opinion is deeply divided on the best path to peace.",190,2026-05-03 13:23:00,"p81","FALSE"
"c3085","User_57","politics","Discourse on social media is highly polarized and full of misinformation.",222,2026-05-03 13:24:00,"p300","FALSE"
"c3086","User_723","palestine","Security measures are being tightened in the region.",72,2026-05-03 13:25:00,"p181","FALSE"
"c3087","User_46","israel","The role of international organizations is being questioned.",36,2026-05-03 13:26:00,"p142","FALSE"
"c3088","User_227","israel","Civilians are paying the highest price in this long-standing conflict.",-21,2026-05-03 13:27:00,"p159","FALSE"
"c3089","User_466","israel","Public opinion is deeply divided on the best path to peace.",63,2026-05-03 13:28:00,"p261","TRUE"
"c3090","User_481","news","Historical context is essential to understand the current escalation.",-33,2026-05-03 13:29:00,"p92","FALSE"
"c3091","User_473","worldnews","Historical context is essential to understand the current escalation.",114,2026-05-03 13:30:00,"p252","FALSE"
"c3092","User_232","news","Civilians are paying the highest price in this long-standing conflict.",137,2026-05-03 13:31:00,"p167","FALSE"
"c3093","User_111","worldnews","The conflict continues with heavy casualties on both sides.",29,2026-05-03 13:32:00,"p299","TRUE"
"c3094","User_344","israel","International community calls for an immediate ceasefire.",34,2026-05-03 13:33:00,"p65","FALSE"
"c3095","User_2","israel","The conflict continues with heavy casualties on both sides.",-174,2026-05-03 13:34:00,"p366","FALSE"
"c3096","User_681","worldnews","Civilians are paying the highest price in this long-standing conflict.",167,2026-05-03 13:35:00,"p90","FALSE"
"c3097","User_392","news","The conflict continues with heavy casualties on both sides.",-98,2026-05-03 13:36:00,"p71","FALSE"
"c3098","User_13","MiddleEastHistory","New reports suggest a possible breakthrough in negotiations.",111,2026-05-03 13:37:00,"p349","FALSE"
"c3099","User_32","israel","Security measures are being tightened in the region.",-4,2026-05-03 13:38:00,"p293","FALSE"
"c3100","User_218","israel","Discourse on social media is highly polarized and full of misinformation.",-7,2026-05-03 13:39:00,"p291","TRUE"
"c3101","User_525","politics","Public opinion is deeply divided on the best path to peace.",189,2026-05-03 13:40:00,"p220","FALSE"
"c3102","User_373","israel","Economic impact of the war is being felt across the Middle East.",103,2026-05-03 13:41:00,"p367","FALSE"
"c3103","User_731","worldnews","Historical context is essential to understand the current escalation.",4,2026-05-03 13:42:00,"p213","FALSE"
"c3104","User_129","worldnews","Civilians are paying the highest price in this long-standing conflict.",166,2026-05-03 13:43:00,"p133","FALSE"
"c3105","User_66","worldnews","Economic impact of the war is being felt across the Middle East.",-106,2026-05-03 13:44:00,"p222","FALSE"
"c3106","User_649","israel","The role of international organizations is being questioned.",35,2026-05-03 13:45:00,"p82","FALSE"
"c3107","User_607","israel","Security measures are being tightened in the region.",-74,2026-05-03 13:46:00,"p53","FALSE"
"c3108","User_313","israel","Diplomatic efforts are ongoing but progress is slow.",207,2026-05-03 13:47:00,"p8","FALSE"
"c3109","User_774","worldnews","Historical context is essential to understand the current escalation.",-226,2026-05-03 13:48:00,"p258","FALSE"
"c3110","User_368","worldnews","The role of international organizations is being questioned.",-107,2026-05-03 13:49:00,"p309","FALSE"
"c3111","User_97","israel","Security measures are being tightened in the region.",147,2026-05-03 13:50:00,"p32","TRUE"
"c3112","User_636","news","The role of international organizations is being questioned.",105,2026-05-03 13:51:00,"p375","FALSE"
"c3113","User_371","politics","The role of international organizations is being questioned.",276,2026-05-03 13:52:00,"p308","FALSE"
"c3114","User_528","worldnews","The conflict continues with heavy casualties on both sides.",130,2026-05-03 13:53:00,"p346","FALSE"
"c3115","User_223","MiddleEastHistory","Economic impact of the war is being felt across the Middle East.",77,2026-05-03 13:54:00,"p130","FALSE"
"c3116","User_38","palestine","The role of international organizations is being questioned.",28,2026-05-03 13:55:00,"p333","FALSE"
"c3117","User_349","MiddleEastHistory","Diplomatic efforts are ongoing but progress is slow.",22,2026-05-03 13:56:00,"p394","FALSE"
"c3118","User_486","israel","The role of international organizations is being questioned.",134,2026-05-03 13:57:00,"p92","FALSE"
"c3119","User_108","news","The role of international organizations is being questioned.",181,2026-05-03 13:58:00,"p56","FALSE"
"c3120","User_431","israel","International community calls for an immediate ceasefire.",-10,2026-05-03 13:59:00,"p267","TRUE"
"c3121","User_583","politics","Diplomatic efforts are ongoing but progress is slow.",193,2026-05-03 14:00:00,"p296","FALSE"
"c3122","User_740","worldnews","Public opinion is deeply divided on the best path to peace.",189,2026-05-03 14:01:00,"p95","FALSE"
"c3123","User_429","israel","Historical context is essential to understand the current escalation.",197,2026-05-03 14:02:00,"p41","FALSE"
"c3124","User_643","worldnews","Protests are spreading globally in support of humanitarian aid.",15,2026-05-03 14:03:00,"p383","TRUE"
"c3125","User_514","worldnews","Protests are spreading globally in support of humanitarian aid.",-75,2026-05-03 14:04:00,"p381","TRUE"
"c3126","User_764","news","New reports suggest a possible breakthrough in negotiations.",116,2026-05-03 14:05:00,"p377","FALSE"
"c3127","User_220","news","Protests are spreading globally in support of humanitarian aid.",301,2026-05-03 14:06:00,"p185","FALSE"
"c3128","User_47","politics","Discourse on social media is highly polarized and full of misinformation.",150,2026-05-03 14:07:00,"p184","FALSE"
"c3129","User_98","worldnews","The conflict continues with heavy casualties on both sides.",153,2026-05-03 14:08:00,"p83","FALSE"
"c3130","User_182","MiddleEastHistory","Public opinion is deeply divided on the best path to peace.",39,2026-05-03 14:09:00,"p262","FALSE"
"c3131","User_576","MiddleEastHistory","Public opinion is deeply divided on the best path to peace.",1,2026-05-03 14:10:00,"p134","FALSE"
"c3132","User_53","palestine","Diplomatic efforts are ongoing but progress is slow.",12,2026-05-03 14:11:00,"p176","FALSE"
"c3133","User_521","israel","Discourse on social media is highly polarized and full of misinformation.",99,2026-05-03 14:12:00,"p282","TRUE"
"c3134","User_97","worldnews","Economic impact of the war is being felt across the Middle East.",272,2026-05-03 14:13:00,"p118","FALSE"
"c3135","User_144","israel","The role of international organizations is being questioned.",379,2026-05-03 14:14:00,"p386","FALSE"
"c3136","User_489","israel","Diplomatic efforts are ongoing but progress is slow.",47,2026-05-03 14:15:00,"p359","FALSE"
"c3137","User_544","worldnews","New reports suggest a possible breakthrough in negotiations.",135,2026-05-03 14:16:00,"p218","FALSE"
"c3138","User_677","palestine","International community calls for an immediate ceasefire.",142,2026-05-03 14:17:00,"p131","FALSE"
"c3139","User_94","politics","New reports suggest a possible breakthrough in negotiations.",98,2026-05-03 14:18:00,"p11","FALSE"
"c3140","User_40","worldnews","Civilians are paying the highest price in this long-standing conflict.",48,2026-05-03 14:19:00,"p177","FALSE"
"c3141","User_691","palestine","Historical context is essential to understand the current escalation.",171,2026-05-03 14:20:00,"p330","FALSE"
"c3142","User_592","worldnews","Security measures are being tightened in the region.",254,2026-05-03 14:21:00,"p9","FALSE"
"c3143","User_464","palestine","Civilians are paying the highest price in this long-standing conflict.",261,2026-05-03 14:22:00,"p67","FALSE"
"c3144","User_582","israel","The conflict continues with heavy casualties on both sides.",-145,2026-05-03 14:23:00,"p183","FALSE"
"c3145","User_747","palestine","Economic impact of the war is being felt across the Middle East.",-358,2026-05-03 14:24:00,"p3","FALSE"
"c3146","User_506","worldnews","The role of international organizations is being questioned.",61,2026-05-03 14:25:00,"p32","FALSE"
"c3147","User_495","worldnews","Public opinion is deeply divided on the best path to peace.",21,2026-05-03 14:26:00,"p201","TRUE"
"c3148","User_422","worldnews","Diplomatic efforts are ongoing but progress is slow.",-86,2026-05-03 14:27:00,"p86","FALSE"
"c3149","User_329","MiddleEastHistory","Discourse on social media is highly polarized and full of misinformation.",-225,2026-05-03 14:28:00,"p173","FALSE"
"c3150","User_10","israel","Economic impact of the war is being felt across the Middle East.",-188,2026-05-03 14:29:00,"p208","FALSE"
"c3151","User_450","worldnews","Protests are spreading globally in support of humanitarian aid.",-34,2026-05-03 14:30:00,"p93","FALSE"
"c3152","User_738","worldnews","Historical context is essential to understand the current escalation.",106,2026-05-03 14:31:00,"p86","FALSE"
"c3153","User_19","MiddleEastHistory","Discourse on social media is highly polarized and full of misinformation.",76,2026-05-03 14:32:00,"p296","TRUE"
"c3154","User_487","worldnews","Protests are spreading globally in support of humanitarian aid.",104,2026-05-03 14:33:00,"p110","TRUE"
"c3155","User_585","israel","The conflict continues with heavy casualties on both sides.",166,2026-05-03 14:34:00,"p220","TRUE"
"c3156","User_595","news","Civilians are paying the highest price in this long-standing conflict.",266,2026-05-03 14:35:00,"p327","FALSE"
"c3157","User_272","palestine","The role of international organizations is being questioned.",76,2026-05-03 14:36:00,"p363","FALSE"
"c3158","User_166","israel","Security measures are being tightened in the region.",227,2026-05-03 14:37:00,"p111","FALSE"
"c3159","User_511","politics","Economic impact of the war is being felt across the Middle East.",227,2026-05-03 14:38:00,"p13","FALSE"
"c3160","User_184","news","Historical context is essential to understand the current escalation.",255,2026-05-03 14:39:00,"p320","FALSE"
"c3161","User_451","israel","Security measures are being tightened in the region.",19,2026-05-03 14:40:00,"p63","FALSE"
"c3162","User_21","israel","Historical context is essential to understand the current escalation.",52,2026-05-03 14:41:00,"p227","FALSE"
"c3163","User_413","palestine","Security measures are being tightened in the region.",-56,2026-05-03 14:42:00,"p226","FALSE"
"c3164","User_627","news","New reports suggest a possible breakthrough in negotiations.",168,2026-05-03 14:43:00,"p239","FALSE"
"c3165","User_334","israel","The role of international organizations is being questioned.",261,2026-05-03 14:44:00,"p298","FALSE"
"c3166","User_412","israel","Civilians are paying the highest price in this long-standing conflict.",199,2026-05-03 14:45:00,"p170","FALSE"
"c3167","User_762","palestine","Historical context is essential to understand the current escalation.",62,2026-05-03 14:46:00,"p73","FALSE"
"c3168","User_211","worldnews","Public opinion is deeply divided on the best path to peace.",127,2026-05-03 14:47:00,"p11","FALSE"
"c3169","User_330","israel","Diplomatic efforts are ongoing but progress is slow.",-230,2026-05-03 14:48:00,"p92","TRUE"
"c3170","User_635","palestine","New reports suggest a possible breakthrough in negotiations.",-56,2026-05-03 14:49:00,"p54","TRUE"
"c3171","User_413","worldnews","Diplomatic efforts are ongoing but progress is slow.",79,2026-05-03 14:50:00,"p45","FALSE"
"c3172","User_191","palestine","Diplomatic efforts are ongoing but progress is slow.",-61,2026-05-03 14:51:00,"p336","FALSE"
"c3173","User_530","news","Economic impact of the war is being felt across the Middle East.",162,2026-05-03 14:52:00,"p287","FALSE"
"c3174","User_99","palestine","The conflict continues with heavy casualties on both sides.",51,2026-05-03 14:53:00,"p86","FALSE"
"c3175","User_45","worldnews","Economic impact of the war is being felt across the Middle East.",42,2026-05-03 14:54:00,"p169","FALSE"
"c3176","User_341","palestine","The conflict continues with heavy casualties on both sides.",115,2026-05-03 14:55:00,"p187","TRUE"
"c3177","User_195","palestine","Diplomatic efforts are ongoing but progress is slow.",-167,2026-05-03 14:56:00,"p378","FALSE"
"c3178","User_89","worldnews","International community calls for an immediate ceasefire.",239,2026-05-03 14:57:00,"p159","FALSE"
"c3179","User_153","worldnews","Economic impact of the war is being felt across the Middle East.",44,2026-05-03 14:58:00,"p19","FALSE"
"c3180","User_713","palestine","Economic impact of the war is being felt across the Middle East.",-118,2026-05-03 14:59:00,"p157","FALSE"
"c3181","User_404","palestine","Public opinion is deeply divided on the best path to peace.",-60,2026-05-03 15:00:00,"p61","FALSE"
"c3182","User_270","worldnews","New reports suggest a possible breakthrough in negotiations.",106,2026-05-03 15:01:00,"p298","FALSE"
"c3183","User_689","news","Diplomatic efforts are ongoing but progress is slow.",213,2026-05-03 15:02:00,"p209","FALSE"
"c3184","User_782","worldnews","Security measures are being tightened in the region.",-96,2026-05-03 15:03:00,"p344","TRUE"
"c3185","User_316","israel","Economic impact of the war is being felt across the Middle East.",115,2026-05-03 15:04:00,"p5","FALSE"
"c3186","User_539","news","The role of international organizations is being questioned.",-9,2026-05-03 15:05:00,"p98","TRUE"
"c3187","User_308","politics","Economic impact of the war is being felt across the Middle East.",60,2026-05-03 15:06:00,"p167","FALSE"
"c3188","User_393","israel","Protests are spreading globally in support of humanitarian aid.",-69,2026-05-03 15:07:00,"p214","TRUE"
"c3189","User_652","worldnews","Diplomatic efforts are ongoing but progress is slow.",-14,2026-05-03 15:08:00,"p282","FALSE"
"c3190","User_196","israel","New reports suggest a possible breakthrough in negotiations.",70,2026-05-03 15:09:00,"p323","FALSE"
"c3191","User_303","worldnews","The conflict continues with heavy casualties on both sides.",-38,2026-05-03 15:10:00,"p349","FALSE"
"c3192","User_291","MiddleEastHistory","Economic impact of the war is being felt across the Middle East.",-35,2026-05-03 15:11:00,"p129","TRUE"
"c3193","User_24","politics","Discourse on social media is highly polarized and full of misinformation.",-71,2026-05-03 15:12:00,"p47","FALSE"
"c3194","User_302","news","The role of international organizations is being questioned.",210,2026-05-03 15:13:00,"p129","FALSE"
"c3195","User_353","israel","Civilians are paying the highest price in this long-standing conflict.",-153,2026-05-03 15:14:00,"p253","TRUE"
"c3196","User_480","politics","New reports suggest a possible breakthrough in negotiations.",-236,2026-05-03 15:15:00,"p105","TRUE"
"c3197","User_607","worldnews","The conflict continues with heavy casualties on both sides.",20,2026-05-03 15:16:00,"p325","FALSE"
"c3198","User_575","israel","Discourse on social media is highly polarized and full of misinformation.",-126,2026-05-03 15:17:00,"p35","FALSE"
"c3199","User_723","palestine","Security measures are being tightened in the region.",5,2026-05-03 15:18:00,"p337","FALSE"
"c3200","User_437","politics","Historical context is essential to understand the current escalation.",104,2026-05-03 15:19:00,"p44","FALSE"
"c3201","User_277","politics","Civilians are paying the highest price in this long-standing conflict.",261,2026-05-03 15:20:00,"p290","FALSE"
"c3202","User_764","israel","Civilians are paying the highest price in this long-standing conflict.",-149,2026-05-03 15:21:00,"p313","TRUE"
"c3203","User_421","worldnews","Historical context is essential to understand the current escalation.",70,2026-05-03 15:22:00,"p231","FALSE"
"c3204","User_583","israel","Security measures are being tightened in the region.",-199,2026-05-03 15:23:00,"p146","FALSE"
"c3205","User_690","news","Economic impact of the war is being felt across the Middle East.",-105,2026-05-03 15:24:00,"p260","TRUE"
"c3206","User_640","worldnews","Public opinion is deeply divided on the best path to peace.",228,2026-05-03 15:25:00,"p254","TRUE"
"c3207","User_239","israel","Economic impact of the war is being felt across the Middle East.",81,2026-05-03 15:26:00,"p19","FALSE"
"c3208","User_717","worldnews","Civilians are paying the highest price in this long-standing conflict.",77,2026-05-03 15:27:00,"p239","FALSE"
"c3209","User_525","israel","Diplomatic efforts are ongoing but progress is slow.",164,2026-05-03 15:28:00,"p351","FALSE"
"c3210","User_424","palestine","Diplomatic efforts are ongoing but progress is slow.",102,2026-05-03 15:29:00,"p142","FALSE"
"c3211","User_797","worldnews","Historical context is essential to understand the current escalation.",97,2026-05-03 15:30:00,"p343","FALSE"
"c3212","User_543","worldnews","New reports suggest a possible breakthrough in negotiations.",-25,2026-05-03 15:31:00,"p21","FALSE"
"c3213","User_495","israel","Public opinion is deeply divided on the best path to peace.",182,2026-05-03 15:32:00,"p154","TRUE"
"c3214","User_320","worldnews","The role of international organizations is being questioned.",-34,2026-05-03 15:33:00,"p73","FALSE"
"c3215","User_177","news","Historical context is essential to understand the current escalation.",123,2026-05-03 15:34:00,"p32","FALSE"
"c3216","User_129","israel","Security measures are being tightened in the region.",269,2026-05-03 15:35:00,"p106","FALSE"
"c3217","User_487","israel","Public opinion is deeply divided on the best path to peace.",151,2026-05-03 15:36:00,"p357","TRUE"
"c3218","User_387","israel","Discourse on social media is highly polarized and full of misinformation.",47,2026-05-03 15:37:00,"p21","FALSE"
"c3219","User_506","israel","Public opinion is deeply divided on the best path to peace.",-104,2026-05-03 15:38:00,"p307","FALSE"
"c3220","User_605","worldnews","International community calls for an immediate ceasefire.",-60,2026-05-03 15:39:00,"p308","TRUE"
"c3221","User_586","MiddleEastHistory","Civilians are paying the highest price in this long-standing conflict.",43,2026-05-03 15:40:00,"p382","FALSE"
"c3222","User_212","worldnews","Public opinion is deeply divided on the best path to peace.",-71,2026-05-03 15:41:00,"p255","FALSE"
"c3223","User_83","politics","The role of international organizations is being questioned.",212,2026-05-03 15:42:00,"p150","FALSE"
"c3224","User_564","MiddleEastHistory","Diplomatic efforts are ongoing but progress is slow.",404,2026-05-03 15:43:00,"p367","FALSE"
"c3225","User_35","MiddleEastHistory","The conflict continues with heavy casualties on both sides.",200,2026-05-03 15:44:00,"p241","FALSE"
"c3226","User_19","worldnews","New reports suggest a possible breakthrough in negotiations.",98,2026-05-03 15:45:00,"p226","FALSE"
"c3227","User_543","worldnews","Diplomatic efforts are ongoing but progress is slow.",-25,2026-05-03 15:46:00,"p147","TRUE"
"c3228","User_717","news","International community calls for an immediate ceasefire.",-336,2026-05-03 15:47:00,"p100","FALSE"
"c3229","User_343","israel","Public opinion is deeply divided on the best path to peace.",-67,2026-05-03 15:48:00,"p128","FALSE"
"c3230","User_724","worldnews","New reports suggest a possible breakthrough in negotiations.",-108,2026-05-03 15:49:00,"p43","TRUE"
"c3231","User_301","palestine","Diplomatic efforts are ongoing but progress is slow.",300,2026-05-03 15:50:00,"p194","FALSE"
"c3232","User_219","palestine","Diplomatic efforts are ongoing but progress is slow.",197,2026-05-03 15:51:00,"p380","FALSE"
"c3233","User_388","news","The role of international organizations is being questioned.",109,2026-05-03 15:52:00,"p281","FALSE"
"c3234","User_201","politics","Diplomatic efforts are ongoing but progress is slow.",-62,2026-05-03 15:53:00,"p127","FALSE"
"c3235","User_10","palestine","The role of international organizations is being questioned.",231,2026-05-03 15:54:00,"p391","FALSE"
"c3236","User_17","MiddleEastHistory","The conflict continues with heavy casualties on both sides.",-33,2026-05-03 15:55:00,"p294","FALSE"
"c3237","User_387","palestine","Public opinion is deeply divided on the best path to peace.",161,2026-05-03 15:56:00,"p183","FALSE"
"c3238","User_176","israel","New reports suggest a possible breakthrough in negotiations.",17,2026-05-03 15:57:00,"p217","FALSE"
"c3239","User_156","palestine","Diplomatic efforts are ongoing but progress is slow.",-137,2026-05-03 15:58:00,"p25","FALSE"
"c3240","User_545","news","New reports suggest a possible breakthrough in negotiations.",167,2026-05-03 15:59:00,"p316","FALSE"
"c3241","User_740","news","New reports suggest a possible breakthrough in negotiations.",135,2026-05-03 16:00:00,"p360","FALSE"
"c3242","User_426","israel","Protests are spreading globally in support of humanitarian aid.",-195,2026-05-03 16:01:00,"p1","TRUE"
"c3243","User_42","worldnews","Civilians are paying the highest price in this long-standing conflict.",10,2026-05-03 16:02:00,"p320","FALSE"
"c3244","User_216","worldnews","Civilians are paying the highest price in this long-standing conflict.",-9,2026-05-03 16:03:00,"p17","FALSE"
"c3245","User_705","news","New reports suggest a possible breakthrough in negotiations.",-342,2026-05-03 16:04:00,"p302","FALSE"
"c3246","User_96","politics","Economic impact of the war is being felt across the Middle East.",-47,2026-05-03 16:05:00,"p372","FALSE"
"c3247","User_86","MiddleEastHistory","The conflict continues with heavy casualties on both sides.",-351,2026-05-03 16:06:00,"p101","FALSE"
"c3248","User_16","palestine","Diplomatic efforts are ongoing but progress is slow.",-12,2026-05-03 16:07:00,"p89","FALSE"
"c3249","User_616","MiddleEastHistory","New reports suggest a possible breakthrough in negotiations.",145,2026-05-03 16:08:00,"p291","FALSE"
"c3250","User_4","worldnews","The conflict continues with heavy casualties on both sides.",97,2026-05-03 16:09:00,"p129","FALSE"
"c3251","User_344","worldnews","Protests are spreading globally in support of humanitarian aid.",238,2026-05-03 16:10:00,"p79","FALSE"
"c3252","User_246","israel","Public opinion is deeply divided on the best path to peace.",388,2026-05-03 16:11:00,"p393","FALSE"
"c3253","User_717","israel","Civilians are paying the highest price in this long-standing conflict.",-84,2026-05-03 16:12:00,"p248","FALSE"
"c3254","User_401","israel","Protests are spreading globally in support of humanitarian aid.",107,2026-05-03 16:13:00,"p361","FALSE"
"c3255","User_204","palestine","Diplomatic efforts are ongoing but progress is slow.",-176,2026-05-03 16:14:00,"p129","FALSE"
"c3256","User_380","palestine","The conflict continues with heavy casualties on both sides.",189,2026-05-03 16:15:00,"p171","TRUE"
"c3257","User_522","worldnews","International community calls for an immediate ceasefire.",-139,2026-05-03 16:16:00,"p317","FALSE"
"c3258","User_705","MiddleEastHistory","Discourse on social media is highly polarized and full of misinformation.",108,2026-05-03 16:17:00,"p324","FALSE"
"c3259","User_188","MiddleEastHistory","Civilians are paying the highest price in this long-standing conflict.",-34,2026-05-03 16:18:00,"p150","FALSE"
"c3260","User_7","worldnews","Economic impact of the war is being felt across the Middle East.",-3,2026-05-03 16:19:00,"p143","FALSE"
"c3261","User_266","israel","The role of international organizations is being questioned.",-113,2026-05-03 16:20:00,"p166","FALSE"
"c3262","User_32","israel","Economic impact of the war is being felt across the Middle East.",-145,2026-05-03 16:21:00,"p20","FALSE"
"c3263","User_34","palestine","Civilians are paying the highest price in this long-standing conflict.",105,2026-05-03 16:22:00,"p286","FALSE"
"c3264","User_340","worldnews","Civilians are paying the highest price in this long-standing conflict.",251,2026-05-03 16:23:00,"p393","FALSE"
"c3265","User_268","israel","The role of international organizations is being questioned.",142,2026-05-03 16:24:00,"p316","FALSE"
"c3266","User_462","israel","The role of international organizations is being questioned.",-82,2026-05-03 16:25:00,"p88","FALSE"
"c3267","User_81","MiddleEastHistory","International community calls for an immediate ceasefire.",-240,2026-05-03 16:26:00,"p87","FALSE"
"c3268","User_429","palestine","The conflict continues with heavy casualties on both sides.",-245,2026-05-03 16:27:00,"p67","FALSE"
"c3269","User_616","worldnews","Economic impact of the war is being felt across the Middle East.",274,2026-05-03 16:28:00,"p303","FALSE"
"c3270","User_403","israel","Protests are spreading globally in support of humanitarian aid.",-403,2026-05-03 16:29:00,"p149","FALSE"
"c3271","User_589","MiddleEastHistory","Protests are spreading globally in support of humanitarian aid.",68,2026-05-03 16:30:00,"p153","FALSE"
"c3272","User_148","palestine","Historical context is essential to understand the current escalation.",86,2026-05-03 16:31:00,"p391","FALSE"
"c3273","User_545","palestine","Diplomatic efforts are ongoing but progress is slow.",27,2026-05-03 16:32:00,"p113","FALSE"
"c3274","User_228","MiddleEastHistory","New reports suggest a possible breakthrough in negotiations.",-36,2026-05-03 16:33:00,"p198","FALSE"
"c3275","User_130","worldnews","Economic impact of the war is being felt across the Middle East.",122,2026-05-03 16:34:00,"p112","FALSE"
"c3276","User_260","palestine","International community calls for an immediate ceasefire.",54,2026-05-03 16:35:00,"p264","FALSE"
"c3277","User_787","MiddleEastHistory","Diplomatic efforts are ongoing but progress is slow.",187,2026-05-03 16:36:00,"p212","FALSE"
"c3278","User_251","israel","The role of international organizations is being questioned.",-256,2026-05-03 16:37:00,"p388","FALSE"
"c3279","User_186","news","The conflict continues with heavy casualties on both sides.",-82,2026-05-03 16:38:00,"p248","TRUE"
"c3280","User_535","israel","International community calls for an immediate ceasefire.",-131,2026-05-03 16:39:00,"p142","FALSE"
"c3281","User_673","palestine","International community calls for an immediate ceasefire.",48,2026-05-03 16:40:00,"p302","FALSE"
"c3282","User_435","israel","Diplomatic efforts are ongoing but progress is slow.",-72,2026-05-03 16:41:00,"p19","TRUE"
"c3283","User_662","worldnews","Diplomatic efforts are ongoing but progress is slow.",92,2026-05-03 16:42:00,"p392","FALSE"
"c3284","User_544","palestine","Security measures are being tightened in the region.",-241,2026-05-03 16:43:00,"p46","TRUE"
"c3285","User_241","worldnews","The conflict continues with heavy casualties on both sides.",-161,2026-05-03 16:44:00,"p165","FALSE"
"c3286","User_388","israel","New reports suggest a possible breakthrough in negotiations.",-62,2026-05-03 16:45:00,"p344","FALSE"
"c3287","User_36","worldnews","Economic impact of the war is being felt across the Middle East.",83,2026-05-03 16:46:00,"p373","FALSE"
"c3288","User_279","news","The role of international organizations is being questioned.",-23,2026-05-03 16:47:00,"p198","TRUE"
"c3289","User_95","worldnews","New reports suggest a possible breakthrough in negotiations.",45,2026-05-03 16:48:00,"p116","FALSE"
"c3290","User_499","worldnews","Discourse on social media is highly polarized and full of misinformation.",-186,2026-05-03 16:49:00,"p60","FALSE"
"c3291","User_460","politics","International community calls for an immediate ceasefire.",28,2026-05-03 16:50:00,"p206","FALSE"
"c3292","User_142","israel","Diplomatic efforts are ongoing but progress is slow.",-87,2026-05-03 16:51:00,"p50","FALSE"
"c3293","User_239","MiddleEastHistory","Civilians are paying the highest price in this long-standing conflict.",24,2026-05-03 16:52:00,"p379","FALSE"
"c3294","User_62","israel","Historical context is essential to understand the current escalation.",-99,2026-05-03 16:53:00,"p397","TRUE"
"c3295","User_276","israel","Historical context is essential to understand the current escalation.",44,2026-05-03 16:54:00,"p30","FALSE"
"c3296","User_337","israel","Security measures are being tightened in the region.",-139,2026-05-03 16:55:00,"p149","FALSE"
"c3297","User_731","worldnews","Historical context is essential to understand the current escalation.",94,2026-05-03 16:56:00,"p88","FALSE"
"c3298","User_130","israel","The role of international organizations is being questioned.",109,2026-05-03 16:57:00,"p217","TRUE"
"c3299","User_727","israel","The role of international organizations is being questioned.",102,2026-05-03 16:58:00,"p240","TRUE"
"c3300","User_336","palestine","Public opinion is deeply divided on the best path to peace.",170,2026-05-03 16:59:00,"p171","FALSE"
"c3301","User_737","palestine","The conflict continues with heavy casualties on both sides.",291,2026-05-03 17:00:00,"p339","FALSE"
"c3302","User_396","politics","Economic impact of the war is being felt across the Middle East.",1,2026-05-03 17:01:00,"p186","FALSE"
"c3303","User_21","news","The conflict continues with heavy casualties on both sides.",310,2026-05-03 17:02:00,"p348","FALSE"
"c3304","User_423","israel","Civilians are paying the highest price in this long-standing conflict.",-65,2026-05-03 17:03:00,"p135","FALSE"
"c3305","User_452","MiddleEastHistory","Diplomatic efforts are ongoing but progress is slow.",183,2026-05-03 17:04:00,"p153","TRUE"
"c3306","User_338","worldnews","International community calls for an immediate ceasefire.",50,2026-05-03 17:05:00,"p368","TRUE"
"c3307","User_110","israel","Public opinion is deeply divided on the best path to peace.",132,2026-05-03 17:06:00,"p123","FALSE"
"c3308","User_323","worldnews","Civilians are paying the highest price in this long-standing conflict.",-174,2026-05-03 17:07:00,"p154","TRUE"
"c3309","User_274","politics","Public opinion is deeply divided on the best path to peace.",-104,2026-05-03 17:08:00,"p133","FALSE"
"c3310","User_648","palestine","Economic impact of the war is being felt across the Middle East.",8,2026-05-03 17:09:00,"p230","FALSE"
"c3311","User_649","news","Discourse on social media is highly polarized and full of misinformation.",69,2026-05-03 17:10:00,"p84","FALSE"
"c3312","User_684","politics","Protests are spreading globally in support of humanitarian aid.",65,2026-05-03 17:11:00,"p166","FALSE"
"c3313","User_115","palestine","Public opinion is deeply divided on the best path to peace.",430,2026-05-03 17:12:00,"p50","FALSE"
"c3314","User_132","worldnews","Discourse on social media is highly polarized and full of misinformation.",79,2026-05-03 17:13:00,"p39","FALSE"
"c3315","User_770","worldnews","Historical context is essential to understand the current escalation.",-91,2026-05-03 17:14:00,"p326","FALSE"
"c3316","User_334","israel","International community calls for an immediate ceasefire.",223,2026-05-03 17:15:00,"p149","FALSE"
"c3317","User_658","worldnews","Diplomatic efforts are ongoing but progress is slow.",74,2026-05-03 17:16:00,"p216","FALSE"
"c3318","User_672","politics","Security measures are being tightened in the region.",284,2026-05-03 17:17:00,"p348","FALSE"
"c3319","User_573","israel","Discourse on social media is highly polarized and full of misinformation.",63,2026-05-03 17:18:00,"p284","FALSE"
"c3320","User_9","worldnews","International community calls for an immediate ceasefire.",203,2026-05-03 17:19:00,"p119","TRUE"
"c3321","User_82","palestine","The conflict continues with heavy casualties on both sides.",-155,2026-05-03 17:20:00,"p168","TRUE"
"c3322","User_648","palestine","New reports suggest a possible breakthrough in negotiations.",132,2026-05-03 17:21:00,"p43","FALSE"
"c3323","User_548","worldnews","The role of international organizations is being questioned.",260,2026-05-03 17:22:00,"p58","FALSE"
"c3324","User_190","worldnews","International community calls for an immediate ceasefire.",122,2026-05-03 17:23:00,"p155","FALSE"
"c3325","User_32","worldnews","The role of international organizations is being questioned.",19,2026-05-03 17:24:00,"p135","FALSE"
"c3326","User_353","MiddleEastHistory","Diplomatic efforts are ongoing but progress is slow.",-218,2026-05-03 17:25:00,"p329","TRUE"
"c3327","User_535","MiddleEastHistory","The role of international organizations is being questioned.",0,2026-05-03 17:26:00,"p366","FALSE"
"c3328","User_614","worldnews","The conflict continues with heavy casualties on both sides.",-42,2026-05-03 17:27:00,"p286","FALSE"
"c3329","User_277","worldnews","Historical context is essential to understand the current escalation.",-31,2026-05-03 17:28:00,"p388","FALSE"
"c3330","User_660","worldnews","New reports suggest a possible breakthrough in negotiations.",-70,2026-05-03 17:29:00,"p8","FALSE"
"c3331","User_188","politics","The conflict continues with heavy casualties on both sides.",73,2026-05-03 17:30:00,"p236","FALSE"
"c3332","User_113","israel","Historical context is essential to understand the current escalation.",168,2026-05-03 17:31:00,"p240","FALSE"
"c3333","User_23","worldnews","The role of international organizations is being questioned.",20,2026-05-03 17:32:00,"p191","FALSE"
"c3334","User_727","israel","The conflict continues with heavy casualties on both sides.",-145,2026-05-03 17:33:00,"p275","TRUE"
"c3335","User_157","worldnews","The conflict continues with heavy casualties on both sides.",-8,2026-05-03 17:34:00,"p263","FALSE"
"c3336","User_439","worldnews","Public opinion is deeply divided on the best path to peace.",200,2026-05-03 17:35:00,"p250","FALSE"
"c3337","User_563","israel","Economic impact of the war is being felt across the Middle East.",-183,2026-05-03 17:36:00,"p268","FALSE"
"c3338","User_360","politics","Diplomatic efforts are ongoing but progress is slow.",-2,2026-05-03 17:37:00,"p301","FALSE"
"c3339","User_236","news","Public opinion is deeply divided on the best path to peace.",-59,2026-05-03 17:38:00,"p130","FALSE"
"c3340","User_329","worldnews","Economic impact of the war is being felt across the Middle East.",263,2026-05-03 17:39:00,"p323","TRUE"
"c3341","User_207","worldnews","Security measures are being tightened in the region.",-11,2026-05-03 17:40:00,"p39","TRUE"
"c3342","User_146","palestine","Civilians are paying the highest price in this long-standing conflict.",214,2026-05-03 17:41:00,"p182","TRUE"
"c3343","User_427","worldnews","The conflict continues with heavy casualties on both sides.",13,2026-05-03 17:42:00,"p349","FALSE"
"c3344","User_634","news","New reports suggest a possible breakthrough in negotiations.",-246,2026-05-03 17:43:00,"p364","FALSE"
"c3345","User_514","worldnews","The conflict continues with heavy casualties on both sides.",86,2026-05-03 17:44:00,"p224","FALSE"
"c3346","User_52","news","Historical context is essential to understand the current escalation.",-146,2026-05-03 17:45:00,"p300","FALSE"
"c3347","User_723","worldnews","International community calls for an immediate ceasefire.",-103,2026-05-03 17:46:00,"p256","FALSE"
"c3348","User_414","worldnews","Economic impact of the war is being felt across the Middle East.",15,2026-05-03 17:47:00,"p262","FALSE"
"c3349","User_466","worldnews","Diplomatic efforts are ongoing but progress is slow.",62,2026-05-03 17:48:00,"p338","FALSE"
"c3350","User_575","politics","New reports suggest a possible breakthrough in negotiations.",-96,2026-05-03 17:49:00,"p31","TRUE"
"c3351","User_258","worldnews","The role of international organizations is being questioned.",34,2026-05-03 17:50:00,"p377","TRUE"
"c3352","User_765","worldnews","Protests are spreading globally in support of humanitarian aid.",56,2026-05-03 17:51:00,"p175","FALSE"
"c3353","User_441","politics","The role of international organizations is being questioned.",-67,2026-05-03 17:52:00,"p232","FALSE"
"c3354","User_628","politics","Discourse on social media is highly polarized and full of misinformation.",-169,2026-05-03 17:53:00,"p114","TRUE"
"c3355","User_198","palestine","Diplomatic efforts are ongoing but progress is slow.",-230,2026-05-03 17:54:00,"p305","TRUE"
"c3356","User_405","palestine","International community calls for an immediate ceasefire.",-135,2026-05-03 17:55:00,"p310","FALSE"
"c3357","User_468","news","Civilians are paying the highest price in this long-standing conflict.",171,2026-05-03 17:56:00,"p129","TRUE"
"c3358","User_610","worldnews","Civilians are paying the highest price in this long-standing conflict.",-150,2026-05-03 17:57:00,"p60","FALSE"
"c3359","User_152","israel","Historical context is essential to understand the current escalation.",87,2026-05-03 17:58:00,"p16","FALSE"
"c3360","User_187","worldnews","Security measures are being tightened in the region.",88,2026-05-03 17:59:00,"p128","TRUE"
"c3361","User_272","politics","Diplomatic efforts are ongoing but progress is slow.",-181,2026-05-03 18:00:00,"p56","FALSE"
"c3362","User_718","palestine","The conflict continues with heavy casualties on both sides.",-81,2026-05-03 18:01:00,"p378","TRUE"
"c3363","User_391","worldnews","Economic impact of the war is being felt across the Middle East.",-31,2026-05-03 18:02:00,"p19","FALSE"
"c3364","User_660","palestine","Protests are spreading globally in support of humanitarian aid.",90,2026-05-03 18:03:00,"p222","FALSE"
"c3365","User_14","MiddleEastHistory","Diplomatic efforts are ongoing but progress is slow.",171,2026-05-03 18:04:00,"p235","FALSE"
"c3366","User_416","palestine","Public opinion is deeply divided on the best path to peace.",228,2026-05-03 18:05:00,"p106","FALSE"
"c3367","User_415","palestine","Diplomatic efforts are ongoing but progress is slow.",14,2026-05-03 18:06:00,"p285","FALSE"
"c3368","User_142","worldnews","Historical context is essential to understand the current escalation.",-7,2026-05-03 18:07:00,"p324","FALSE"
"c3369","User_692","news","Economic impact of the war is being felt across the Middle East.",241,2026-05-03 18:08:00,"p362","TRUE"
"c3370","User_781","palestine","Civilians are paying the highest price in this long-standing conflict.",147,2026-05-03 18:09:00,"p282","FALSE"
"c3371","User_714","israel","Civilians are paying the highest price in this long-standing conflict.",-107,2026-05-03 18:10:00,"p373","FALSE"
"c3372","User_63","news","New reports suggest a possible breakthrough in negotiations.",134,2026-05-03 18:11:00,"p364","FALSE"
"c3373","User_236","worldnews","Diplomatic efforts are ongoing but progress is slow.",401,2026-05-03 18:12:00,"p165","FALSE"
"c3374","User_421","palestine","Public opinion is deeply divided on the best path to peace.",25,2026-05-03 18:13:00,"p155","FALSE"
"c3375","User_167","palestine","Historical context is essential to understand the current escalation.",12,2026-05-03 18:14:00,"p303","FALSE"
"c3376","User_546","worldnews","Security measures are being tightened in the region.",139,2026-05-03 18:15:00,"p381","FALSE"
"c3377","User_365","palestine","Historical context is essential to understand the current escalation.",-4,2026-05-03 18:16:00,"p325","FALSE"
"c3378","User_708","israel","International community calls for an immediate ceasefire.",58,2026-05-03 18:17:00,"p157","FALSE"
"c3379","User_437","news","Economic impact of the war is being felt across the Middle East.",156,2026-05-03 18:18:00,"p57","TRUE"
"c3380","User_501","worldnews","Protests are spreading globally in support of humanitarian aid.",22,2026-05-03 18:19:00,"p358","FALSE"
"c3381","User_520","israel","The conflict continues with heavy casualties on both sides.",82,2026-05-03 18:20:00,"p104","TRUE"
"c3382","User_458","worldnews","Protests are spreading globally in support of humanitarian aid.",-38,2026-05-03 18:21:00,"p10","FALSE"
"c3383","User_498","worldnews","New reports suggest a possible breakthrough in negotiations.",-5,2026-05-03 18:22:00,"p66","FALSE"
"c3384","User_294","MiddleEastHistory","The conflict continues with heavy casualties on both sides.",-59,2026-05-03 18:23:00,"p314","FALSE"
"c3385","User_213","MiddleEastHistory","Economic impact of the war is being felt across the Middle East.",187,2026-05-03 18:24:00,"p111","FALSE"
"c3386","User_717","worldnews","International community calls for an immediate ceasefire.",-23,2026-05-03 18:25:00,"p281","FALSE"
"c3387","User_357","worldnews","Civilians are paying the highest price in this long-standing conflict.",-48,2026-05-03 18:26:00,"p181","FALSE"
"c3388","User_466","MiddleEastHistory","The role of international organizations is being questioned.",-33,2026-05-03 18:27:00,"p212","FALSE"
"c3389","User_45","worldnews","Economic impact of the war is being felt across the Middle East.",-106,2026-05-03 18:28:00,"p148","FALSE"
"c3390","User_756","israel","Diplomatic efforts are ongoing but progress is slow.",-112,2026-05-03 18:29:00,"p26","FALSE"
"c3391","User_176","palestine","The conflict continues with heavy casualties on both sides.",-3,2026-05-03 18:30:00,"p98","FALSE"
"c3392","User_191","worldnews","International community calls for an immediate ceasefire.",256,2026-05-03 18:31:00,"p388","FALSE"
"c3393","User_24","israel","New reports suggest a possible breakthrough in negotiations.",230,2026-05-03 18:32:00,"p371","FALSE"
"c3394","User_446","worldnews","International community calls for an immediate ceasefire.",164,2026-05-03 18:33:00,"p237","FALSE"
"c3395","User_247","israel","Security measures are being tightened in the region.",156,2026-05-03 18:34:00,"p81","FALSE"
"c3396","User_540","politics","International community calls for an immediate ceasefire.",-24,2026-05-03 18:35:00,"p196","TRUE"
"c3397","User_479","politics","Security measures are being tightened in the region.",88,2026-05-03 18:36:00,"p342","FALSE"
"c3398","User_691","news","Diplomatic efforts are ongoing but progress is slow.",-140,2026-05-03 18:37:00,"p138","TRUE"
"c3399","User_769","palestine","Security measures are being tightened in the region.",-69,2026-05-03 18:38:00,"p97","FALSE"
"c3400","User_185","palestine","The role of international organizations is being questioned.",124,2026-05-03 18:39:00,"p66","FALSE"
"c3401","User_714","israel","The role of international organizations is being questioned.",-56,2026-05-03 18:40:00,"p329","FALSE"
"c3402","User_156","MiddleEastHistory","The conflict continues with heavy casualties on both sides.",0,2026-05-03 18:41:00,"p241","TRUE"
"c3403","User_785","worldnews","New reports suggest a possible breakthrough in negotiations.",161,2026-05-03 18:42:00,"p358","FALSE"
"c3404","User_257","palestine","The role of international organizations is being questioned.",-80,2026-05-03 18:43:00,"p219","FALSE"
"c3405","User_573","news","New reports suggest a possible breakthrough in negotiations.",6,2026-05-03 18:44:00,"p299","FALSE"
"c3406","User_154","worldnews","Historical context is essential to understand the current escalation.",-256,2026-05-03 18:45:00,"p302","FALSE"
"c3407","User_707","worldnews","Diplomatic efforts are ongoing but progress is slow.",-166,2026-05-03 18:46:00,"p305","FALSE"
"c3408","User_591","MiddleEastHistory","Civilians are paying the highest price in this long-standing conflict.",161,2026-05-03 18:47:00,"p106","TRUE"
"c3409","User_374","worldnews","The role of international organizations is being questioned.",-39,2026-05-03 18:48:00,"p90","FALSE"
"c3410","User_62","palestine","The conflict continues with heavy casualties on both sides.",-33,2026-05-03 18:49:00,"p46","FALSE"
"c3411","User_430","politics","Civilians are paying the highest price in this long-standing conflict.",-88,2026-05-03 18:50:00,"p388","FALSE"
"c3412","User_110","politics","Public opinion is deeply divided on the best path to peace.",-281,2026-05-03 18:51:00,"p236","FALSE"
"c3413","User_95","israel","The role of international organizations is being questioned.",20,2026-05-03 18:52:00,"p363","FALSE"
"c3414","User_656","worldnews","New reports suggest a possible breakthrough in negotiations.",183,2026-05-03 18:53:00,"p41","FALSE"
"c3415","User_84","israel","Civilians are paying the highest price in this long-standing conflict.",-4,2026-05-03 18:54:00,"p232","FALSE"
"c3416","User_691","israel","Diplomatic efforts are ongoing but progress is slow.",292,2026-05-03 18:55:00,"p62","FALSE"
"c3417","User_630","news","Public opinion is deeply divided on the best path to peace.",-111,2026-05-03 18:56:00,"p146","FALSE"
"c3418","User_739","worldnews","The role of international organizations is being questioned.",14,2026-05-03 18:57:00,"p283","TRUE"
"c3419","User_530","worldnews","The conflict continues with heavy casualties on both sides.",112,2026-05-03 18:58:00,"p144","FALSE"
"c3420","User_699","palestine","Public opinion is deeply divided on the best path to peace.",-45,2026-05-03 18:59:00,"p343","TRUE"
"c3421","User_313","israel","New reports suggest a possible breakthrough in negotiations.",185,2026-05-03 19:00:00,"p130","FALSE"
"c3422","User_475","news","Economic impact of the war is being felt across the Middle East.",-83,2026-05-03 19:01:00,"p8","TRUE"
"c3423","User_316","worldnews","New reports suggest a possible breakthrough in negotiations.",187,2026-05-03 19:02:00,"p110","FALSE"
"c3424","User_753","worldnews","Security measures are being tightened in the region.",258,2026-05-03 19:03:00,"p226","FALSE"
"c3425","User_30","worldnews","Diplomatic efforts are ongoing but progress is slow.",-86,2026-05-03 19:04:00,"p336","FALSE"
"c3426","User_514","worldnews","Discourse on social media is highly polarized and full of misinformation.",84,2026-05-03 19:05:00,"p160","FALSE"
"c3427","User_563","palestine","International community calls for an immediate ceasefire.",-32,2026-05-03 19:06:00,"p75","FALSE"
"c3428","User_354","worldnews","The role of international organizations is being questioned.",96,2026-05-03 19:07:00,"p93","TRUE"
"c3429","User_722","worldnews","Public opinion is deeply divided on the best path to peace.",133,2026-05-03 19:08:00,"p356","TRUE"
"c3430","User_710","MiddleEastHistory","The role of international organizations is being questioned.",200,2026-05-03 19:09:00,"p234","FALSE"
"c3431","User_242","MiddleEastHistory","Discourse on social media is highly polarized and full of misinformation.",-129,2026-05-03 19:10:00,"p226","TRUE"
"c3432","User_319","palestine","Discourse on social media is highly polarized and full of misinformation.",165,2026-05-03 19:11:00,"p382","FALSE"
"c3433","User_445","israel","New reports suggest a possible breakthrough in negotiations.",-250,2026-05-03 19:12:00,"p215","FALSE"
"c3434","User_479","palestine","The role of international organizations is being questioned.",-191,2026-05-03 19:13:00,"p292","FALSE"
"c3435","User_741","israel","Public opinion is deeply divided on the best path to peace.",-116,2026-05-03 19:14:00,"p134","FALSE"
"c3436","User_317","israel","International community calls for an immediate ceasefire.",94,2026-05-03 19:15:00,"p142","FALSE"
"c3437","User_6","worldnews","Security measures are being tightened in the region.",190,2026-05-03 19:16:00,"p181","FALSE"
"c3438","User_250","israel","Discourse on social media is highly polarized and full of misinformation.",183,2026-05-03 19:17:00,"p268","FALSE"
"c3439","User_143","israel","Civilians are paying the highest price in this long-standing conflict.",175,2026-05-03 19:18:00,"p253","FALSE"
"c3440","User_456","politics","Economic impact of the war is being felt across the Middle East.",61,2026-05-03 19:19:00,"p254","TRUE"
"c3441","User_443","worldnews","Diplomatic efforts are ongoing but progress is slow.",169,2026-05-03 19:20:00,"p61","FALSE"
"c3442","User_141","israel","Historical context is essential to understand the current escalation.",241,2026-05-03 19:21:00,"p24","FALSE"
"c3443","User_197","worldnews","Security measures are being tightened in the region.",-46,2026-05-03 19:22:00,"p104","FALSE"
"c3444","User_745","palestine","International community calls for an immediate ceasefire.",-28,2026-05-03 19:23:00,"p240","FALSE"
"c3445","User_640","news","Public opinion is deeply divided on the best path to peace.",-42,2026-05-03 19:24:00,"p323","FALSE"
"c3446","User_425","worldnews","The conflict continues with heavy casualties on both sides.",167,2026-05-03 19:25:00,"p258","FALSE"
"c3447","User_371","israel","Diplomatic efforts are ongoing but progress is slow.",29,2026-05-03 19:26:00,"p343","FALSE"
"c3448","User_477","news","Protests are spreading globally in support of humanitarian aid.",-155,2026-05-03 19:27:00,"p146","FALSE"
"c3449","User_564","MiddleEastHistory","The conflict continues with heavy casualties on both sides.",-105,2026-05-03 19:28:00,"p104","FALSE"
"c3450","User_576","MiddleEastHistory","Civilians are paying the highest price in this long-standing conflict.",71,2026-05-03 19:29:00,"p207","FALSE"
"c3451","User_194","israel","Security measures are being tightened in the region.",-94,2026-05-03 19:30:00,"p292","FALSE"
"c3452","User_539","news","Economic impact of the war is being felt across the Middle East.",-174,2026-05-03 19:31:00,"p349","FALSE"
"c3453","User_712","worldnews","The role of international organizations is being questioned.",130,2026-05-03 19:32:00,"p196","FALSE"
"c3454","User_62","palestine","Diplomatic efforts are ongoing but progress is slow.",13,2026-05-03 19:33:00,"p294","FALSE"
"c3455","User_306","worldnews","Historical context is essential to understand the current escalation.",-2,2026-05-03 19:34:00,"p258","FALSE"
"c3456","User_218","palestine","International community calls for an immediate ceasefire.",22,2026-05-03 19:35:00,"p375","FALSE"
"c3457","User_507","MiddleEastHistory","Discourse on social media is highly polarized and full of misinformation.",119,2026-05-03 19:36:00,"p188","FALSE"
"c3458","User_480","palestine","Public opinion is deeply divided on the best path to peace.",339,2026-05-03 19:37:00,"p171","TRUE"
"c3459","User_714","israel","Civilians are paying the highest price in this long-standing conflict.",94,2026-05-03 19:38:00,"p54","FALSE"
"c3460","User_663","palestine","Public opinion is deeply divided on the best path to peace.",71,2026-05-03 19:39:00,"p53","FALSE"
"c3461","User_471","israel","International community calls for an immediate ceasefire.",115,2026-05-03 19:40:00,"p368","FALSE"
"c3462","User_567","israel","Civilians are paying the highest price in this long-standing conflict.",403,2026-05-03 19:41:00,"p138","TRUE"
"c3463","User_531","worldnews","Historical context is essential to understand the current escalation.",229,2026-05-03 19:42:00,"p387","TRUE"
"c3464","User_326","worldnews","Discourse on social media is highly polarized and full of misinformation.",19,2026-05-03 19:43:00,"p308","FALSE"
"c3465","User_419","palestine","Civilians are paying the highest price in this long-standing conflict.",-138,2026-05-03 19:44:00,"p214","FALSE"
"c3466","User_305","palestine","Protests are spreading globally in support of humanitarian aid.",89,2026-05-03 19:45:00,"p326","FALSE"
"c3467","User_630","worldnews","Diplomatic efforts are ongoing but progress is slow.",6,2026-05-03 19:46:00,"p297","FALSE"
"c3468","User_230","israel","The conflict continues with heavy casualties on both sides.",-46,2026-05-03 19:47:00,"p3","FALSE"
"c3469","User_214","israel","Discourse on social media is highly polarized and full of misinformation.",521,2026-05-03 19:48:00,"p280","FALSE"
"c3470","User_532","politics","The conflict continues with heavy casualties on both sides.",195,2026-05-03 19:49:00,"p165","TRUE"
"c3471","User_480","news","Discourse on social media is highly polarized and full of misinformation.",-62,2026-05-03 19:50:00,"p398","FALSE"
"c3472","User_476","israel","Security measures are being tightened in the region.",53,2026-05-03 19:51:00,"p145","FALSE"
"c3473","User_708","worldnews","New reports suggest a possible breakthrough in negotiations.",110,2026-05-03 19:52:00,"p279","FALSE"
"c3474","User_415","israel","Historical context is essential to understand the current escalation.",187,2026-05-03 19:53:00,"p26","FALSE"
"c3475","User_244","palestine","Economic impact of the war is being felt across the Middle East.",-146,2026-05-03 19:54:00,"p242","FALSE"
"c3476","User_607","palestine","Civilians are paying the highest price in this long-standing conflict.",140,2026-05-03 19:55:00,"p293","FALSE"
"c3477","User_671","israel","International community calls for an immediate ceasefire.",73,2026-05-03 19:56:00,"p288","FALSE"
"c3478","User_446","palestine","Public opinion is deeply divided on the best path to peace.",37,2026-05-03 19:57:00,"p305","TRUE"
"c3479","User_650","MiddleEastHistory","Discourse on social media is highly polarized and full of misinformation.",89,2026-05-03 19:58:00,"p330","FALSE"
"c3480","User_226","worldnews","Historical context is essential to understand the current escalation.",-39,2026-05-03 19:59:00,"p72","TRUE"
"c3481","User_287","MiddleEastHistory","Public opinion is deeply divided on the best path to peace.",318,2026-05-03 20:00:00,"p287","FALSE"
"c3482","User_796","palestine","The role of international organizations is being questioned.",20,2026-05-03 20:01:00,"p136","FALSE"
"c3483","User_554","worldnews","The role of international organizations is being questioned.",117,2026-05-03 20:02:00,"p184","FALSE"
"c3484","User_33","israel","Discourse on social media is highly polarized and full of misinformation.",44,2026-05-03 20:03:00,"p122","FALSE"
"c3485","User_690","worldnews","The role of international organizations is being questioned.",-119,2026-05-03 20:04:00,"p197","FALSE"
"c3486","User_325","politics","Discourse on social media is highly polarized and full of misinformation.",182,2026-05-03 20:05:00,"p275","FALSE"
"c3487","User_118","worldnews","The role of international organizations is being questioned.",-81,2026-05-03 20:06:00,"p286","FALSE"
"c3488","User_15","palestine","International community calls for an immediate ceasefire.",-65,2026-05-03 20:07:00,"p282","FALSE"
"c3489","User_38","worldnews","Discourse on social media is highly polarized and full of misinformation.",-79,2026-05-03 20:08:00,"p33","FALSE"
"c3490","User_590","israel","Civilians are paying the highest price in this long-standing conflict.",-255,2026-05-03 20:09:00,"p99","FALSE"
"c3491","User_12","worldnews","Security measures are being tightened in the region.",-125,2026-05-03 20:10:00,"p345","FALSE"
"c3492","User_208","politics","The conflict continues with heavy casualties on both sides.",-149,2026-05-03 20:11:00,"p281","FALSE"
"c3493","User_442","worldnews","Economic impact of the war is being felt across the Middle East.",6,2026-05-03 20:12:00,"p4","TRUE"
"c3494","User_75","MiddleEastHistory","Public opinion is deeply divided on the best path to peace.",96,2026-05-03 20:13:00,"p162","FALSE"
"c3495","User_441","israel","Public opinion is deeply divided on the best path to peace.",103,2026-05-03 20:14:00,"p6","FALSE"
"c3496","User_298","palestine","The conflict continues with heavy casualties on both sides.",101,2026-05-03 20:15:00,"p282","FALSE"
"c3497","User_682","politics","Diplomatic efforts are ongoing but progress is slow.",106,2026-05-03 20:16:00,"p61","TRUE"
"c3498","User_713","israel","Civilians are paying the highest price in this long-standing conflict.",115,2026-05-03 20:17:00,"p78","FALSE"
"c3499","User_498","politics","The role of international organizations is being questioned.",32,2026-05-03 20:18:00,"p33","FALSE"
"c3500","User_706","worldnews","Diplomatic efforts are ongoing but progress is slow.",41,2026-05-03 20:19:00,"p236","FALSE"
"c3501","User_547","MiddleEastHistory","The role of international organizations is being questioned.",47,2026-05-03 20:20:00,"p63","FALSE"
"c3502","User_153","worldnews","The conflict continues with heavy casualties on both sides.",166,2026-05-03 20:21:00,"p142","TRUE"
"c3503","User_89","palestine","The conflict continues with heavy casualties on both sides.",106,2026-05-03 20:22:00,"p91","TRUE"
"c3504","User_429","politics","Security measures are being tightened in the region.",-253,2026-05-03 20:23:00,"p59","FALSE"
"c3505","User_438","israel","The role of international organizations is being questioned.",-120,2026-05-03 20:24:00,"p147","FALSE"
"c3506","User_689","worldnews","Civilians are paying the highest price in this long-standing conflict.",50,2026-05-03 20:25:00,"p230","FALSE"
"c3507","User_670","MiddleEastHistory","Public opinion is deeply divided on the best path to peace.",181,2026-05-03 20:26:00,"p127","TRUE"
"c3508","User_34","news","International community calls for an immediate ceasefire.",-161,2026-05-03 20:27:00,"p366","FALSE"
"c3509","User_705","palestine","Discourse on social media is highly polarized and full of misinformation.",233,2026-05-03 20:28:00,"p378","FALSE"
"c3510","User_368","politics","Diplomatic efforts are ongoing but progress is slow.",-191,2026-05-03 20:29:00,"p292","TRUE"
"c3511","User_369","worldnews","The role of international organizations is being questioned.",-26,2026-05-03 20:30:00,"p273","FALSE"
"c3512","User_648","worldnews","The role of international organizations is being questioned.",186,2026-05-03 20:31:00,"p272","FALSE"
"c3513","User_512","israel","International community calls for an immediate ceasefire.",328,2026-05-03 20:32:00,"p38","FALSE"
"c3514","User_23","palestine","The role of international organizations is being questioned.",-186,2026-05-03 20:33:00,"p227","FALSE"
"c3515","User_39","worldnews","Economic impact of the war is being felt across the Middle East.",103,2026-05-03 20:34:00,"p319","FALSE"
"c3516","User_335","news","Diplomatic efforts are ongoing but progress is slow.",-50,2026-05-03 20:35:00,"p232","TRUE"
"c3517","User_632","politics","Discourse on social media is highly polarized and full of misinformation.",-157,2026-05-03 20:36:00,"p225","FALSE"
"c3518","User_691","palestine","Security measures are being tightened in the region.",-72,2026-05-03 20:37:00,"p358","FALSE"
"c3519","User_500","worldnews","Diplomatic efforts are ongoing but progress is slow.",-16,2026-05-03 20:38:00,"p340","FALSE"
"c3520","User_396","MiddleEastHistory","Economic impact of the war is being felt across the Middle East.",-96,2026-05-03 20:39:00,"p386","FALSE"
"c3521","User_103","worldnews","Security measures are being tightened in the region.",-45,2026-05-03 20:40:00,"p291","FALSE"
"c3522","User_407","israel","Protests are spreading globally in support of humanitarian aid.",-32,2026-05-03 20:41:00,"p214","TRUE"
"c3523","User_792","worldnews","Historical context is essential to understand the current escalation.",-34,2026-05-03 20:42:00,"p191","FALSE"
"c3524","User_222","MiddleEastHistory","Diplomatic efforts are ongoing but progress is slow.",92,2026-05-03 20:43:00,"p42","FALSE"
"c3525","User_106","worldnews","New reports suggest a possible breakthrough in negotiations.",130,2026-05-03 20:44:00,"p97","TRUE"
"c3526","User_545","palestine","New reports suggest a possible breakthrough in negotiations.",23,2026-05-03 20:45:00,"p342","FALSE"
"c3527","User_410","MiddleEastHistory","Economic impact of the war is being felt across the Middle East.",128,2026-05-03 20:46:00,"p205","FALSE"
"c3528","User_445","news","Historical context is essential to understand the current escalation.",-142,2026-05-03 20:47:00,"p84","FALSE"
"c3529","User_189","MiddleEastHistory","Public opinion is deeply divided on the best path to peace.",15,2026-05-03 20:48:00,"p365","FALSE"
"c3530","User_690","worldnews","International community calls for an immediate ceasefire.",-234,2026-05-03 20:49:00,"p232","FALSE"
"c3531","User_341","MiddleEastHistory","Historical context is essential to understand the current escalation.",45,2026-05-03 20:50:00,"p108","FALSE"
"c3532","User_508","israel","Economic impact of the war is being felt across the Middle East.",288,2026-05-03 20:51:00,"p393","FALSE"
"c3533","User_176","israel","New reports suggest a possible breakthrough in negotiations.",-257,2026-05-03 20:52:00,"p244","TRUE"
"c3534","User_682","israel","Civilians are paying the highest price in this long-standing conflict.",-81,2026-05-03 20:53:00,"p192","FALSE"
"c3535","User_471","politics","International community calls for an immediate ceasefire.",93,2026-05-03 20:54:00,"p180","TRUE"
"c3536","User_210","palestine","Civilians are paying the highest price in this long-standing conflict.",-109,2026-05-03 20:55:00,"p305","FALSE"
"c3537","User_325","politics","Economic impact of the war is being felt across the Middle East.",-192,2026-05-03 20:56:00,"p47","FALSE"
"c3538","User_703","palestine","New reports suggest a possible breakthrough in negotiations.",253,2026-05-03 20:57:00,"p391","FALSE"
"c3539","User_126","worldnews","The conflict continues with heavy casualties on both sides.",-74,2026-05-03 20:58:00,"p152","FALSE"
"c3540","User_1","israel","International community calls for an immediate ceasefire.",95,2026-05-03 20:59:00,"p133","FALSE"
"c3541","User_410","worldnews","Protests are spreading globally in support of humanitarian aid.",-87,2026-05-03 21:00:00,"p278","FALSE"
"c3542","User_738","MiddleEastHistory","The role of international organizations is being questioned.",285,2026-05-03 21:01:00,"p125","FALSE"
"c3543","User_454","politics","Protests are spreading globally in support of humanitarian aid.",-178,2026-05-03 21:02:00,"p143","FALSE"
"c3544","User_552","MiddleEastHistory","Protests are spreading globally in support of humanitarian aid.",239,2026-05-03 21:03:00,"p260","FALSE"
"c3545","User_139","worldnews","Public opinion is deeply divided on the best path to peace.",46,2026-05-03 21:04:00,"p21","FALSE"
"c3546","User_129","MiddleEastHistory","New reports suggest a possible breakthrough in negotiations.",-18,2026-05-03 21:05:00,"p157","FALSE"
"c3547","User_737","worldnews","Discourse on social media is highly polarized and full of misinformation.",-140,2026-05-03 21:06:00,"p140","FALSE"
"c3548","User_267","worldnews","International community calls for an immediate ceasefire.",-166,2026-05-03 21:07:00,"p372","FALSE"
"c3549","User_118","worldnews","The conflict continues with heavy casualties on both sides.",-142,2026-05-03 21:08:00,"p333","FALSE"
"c3550","User_280","israel","Economic impact of the war is being felt across the Middle East.",-62,2026-05-03 21:09:00,"p358","FALSE"
"c3551","User_241","worldnews","Economic impact of the war is being felt across the Middle East.",-121,2026-05-03 21:10:00,"p260","FALSE"
"c3552","User_287","palestine","International community calls for an immediate ceasefire.",-7,2026-05-03 21:11:00,"p4","FALSE"
"c3553","User_154","politics","The conflict continues with heavy casualties on both sides.",229,2026-05-03 21:12:00,"p365","FALSE"
"c3554","User_84","worldnews","Diplomatic efforts are ongoing but progress is slow.",257,2026-05-03 21:13:00,"p31","TRUE"
"c3555","User_418","worldnews","New reports suggest a possible breakthrough in negotiations.",45,2026-05-03 21:14:00,"p264","FALSE"
"c3556","User_727","palestine","Discourse on social media is highly polarized and full of misinformation.",-30,2026-05-03 21:15:00,"p99","FALSE"
"c3557","User_733","politics","The role of international organizations is being questioned.",116,2026-05-03 21:16:00,"p134","FALSE"
"c3558","User_97","israel","Historical context is essential to understand the current escalation.",155,2026-05-03 21:17:00,"p80","FALSE"
"c3559","User_156","israel","The conflict continues with heavy casualties on both sides.",188,2026-05-03 21:18:00,"p281","FALSE"
"c3560","User_334","news","Protests are spreading globally in support of humanitarian aid.",-116,2026-05-03 21:19:00,"p298","FALSE"
"c3561","User_698","israel","The role of international organizations is being questioned.",-136,2026-05-03 21:20:00,"p161","TRUE"
"c3562","User_746","palestine","Economic impact of the war is being felt across the Middle East.",26,2026-05-03 21:21:00,"p12","FALSE"
"c3563","User_780","politics","Security measures are being tightened in the region.",-130,2026-05-03 21:22:00,"p225","TRUE"
"c3564","User_187","worldnews","Historical context is essential to understand the current escalation.",-100,2026-05-03 21:23:00,"p315","FALSE"
"c3565","User_613","MiddleEastHistory","Protests are spreading globally in support of humanitarian aid.",-392,2026-05-03 21:24:00,"p11","FALSE"
"c3566","User_54","politics","The role of international organizations is being questioned.",206,2026-05-03 21:25:00,"p224","FALSE"
"c3567","User_600","worldnews","Civilians are paying the highest price in this long-standing conflict.",-45,2026-05-03 21:26:00,"p273","FALSE"
"c3568","User_543","politics","Economic impact of the war is being felt across the Middle East.",-34,2026-05-03 21:27:00,"p124","FALSE"
"c3569","User_83","worldnews","Economic impact of the war is being felt across the Middle East.",-333,2026-05-03 21:28:00,"p257","FALSE"
"c3570","User_695","worldnews","The conflict continues with heavy casualties on both sides.",18,2026-05-03 21:29:00,"p207","FALSE"
"c3571","User_29","worldnews","Economic impact of the war is being felt across the Middle East.",204,2026-05-03 21:30:00,"p352","FALSE"
"c3572","User_642","palestine","Historical context is essential to understand the current escalation.",126,2026-05-03 21:31:00,"p131","FALSE"
"c3573","User_132","worldnews","Discourse on social media is highly polarized and full of misinformation.",102,2026-05-03 21:32:00,"p345","FALSE"
"c3574","User_689","palestine","Protests are spreading globally in support of humanitarian aid.",285,2026-05-03 21:33:00,"p42","FALSE"
"c3575","User_183","palestine","The conflict continues with heavy casualties on both sides.",120,2026-05-03 21:34:00,"p148","FALSE"
"c3576","User_564","news","Economic impact of the war is being felt across the Middle East.",50,2026-05-03 21:35:00,"p278","TRUE"
"c3577","User_128","palestine","Public opinion is deeply divided on the best path to peace.",-127,2026-05-03 21:36:00,"p4","TRUE"
"c3578","User_601","worldnews","Protests are spreading globally in support of humanitarian aid.",53,2026-05-03 21:37:00,"p232","FALSE"
"c3579","User_774","palestine","Civilians are paying the highest price in this long-standing conflict.",-3,2026-05-03 21:38:00,"p158","FALSE"
"c3580","User_224","israel","International community calls for an immediate ceasefire.",34,2026-05-03 21:39:00,"p337","FALSE"
"c3581","User_413","politics","Protests are spreading globally in support of humanitarian aid.",11,2026-05-03 21:40:00,"p306","FALSE"
"c3582","User_153","news","The conflict continues with heavy casualties on both sides.",288,2026-05-03 21:41:00,"p261","FALSE"
"c3583","User_671","palestine","New reports suggest a possible breakthrough in negotiations.",127,2026-05-03 21:42:00,"p21","FALSE"
"c3584","User_513","worldnews","International community calls for an immediate ceasefire.",-52,2026-05-03 21:43:00,"p374","FALSE"
"c3585","User_387","palestine","Security measures are being tightened in the region.",111,2026-05-03 21:44:00,"p67","FALSE"
"c3586","User_678","worldnews","Discourse on social media is highly polarized and full of misinformation.",39,2026-05-03 21:45:00,"p348","FALSE"
"c3587","User_624","palestine","Protests are spreading globally in support of humanitarian aid.",-79,2026-05-03 21:46:00,"p257","TRUE"
"c3588","User_303","palestine","Discourse on social media is highly polarized and full of misinformation.",58,2026-05-03 21:47:00,"p138","FALSE"
"c3589","User_659","worldnews","International community calls for an immediate ceasefire.",-80,2026-05-03 21:48:00,"p310","FALSE"
"c3590","User_513","worldnews","Civilians are paying the highest price in this long-standing conflict.",-161,2026-05-03 21:49:00,"p400","FALSE"
"c3591","User_365","worldnews","Civilians are paying the highest price in this long-standing conflict.",-87,2026-05-03 21:50:00,"p304","FALSE"
"c3592","User_674","news","Economic impact of the war is being felt across the Middle East.",-73,2026-05-03 21:51:00,"p89","FALSE"
"c3593","User_91","worldnews","Diplomatic efforts are ongoing but progress is slow.",313,2026-05-03 21:52:00,"p39","FALSE"
"c3594","User_192","worldnews","The conflict continues with heavy casualties on both sides.",70,2026-05-03 21:53:00,"p286","FALSE"
"c3595","User_793","palestine","Public opinion is deeply divided on the best path to peace.",3,2026-05-03 21:54:00,"p376","FALSE"
"c3596","User_441","MiddleEastHistory","The role of international organizations is being questioned.",-211,2026-05-03 21:55:00,"p33","FALSE"
"c3597","User_657","worldnews","Security measures are being tightened in the region.",6,2026-05-03 21:56:00,"p318","FALSE"
"c3598","User_68","politics","Economic impact of the war is being felt across the Middle East.",145,2026-05-03 21:57:00,"p240","FALSE"
"c3599","User_95","israel","Security measures are being tightened in the region.",184,2026-05-03 21:58:00,"p328","FALSE"
"c3600","User_426","palestine","Security measures are being tightened in the region.",133,2026-05-03 21:59:00,"p200","FALSE"
"c3601","User_779","MiddleEastHistory","Discourse on social media is highly polarized and full of misinformation.",124,2026-05-03 22:00:00,"p254","FALSE"
"c3602","User_477","israel","New reports suggest a possible breakthrough in negotiations.",7,2026-05-03 22:01:00,"p93","FALSE"
"c3603","User_115","worldnews","New reports suggest a possible breakthrough in negotiations.",-175,2026-05-03 22:02:00,"p153","FALSE"
"c3604","User_92","worldnews","Security measures are being tightened in the region.",108,2026-05-03 22:03:00,"p122","FALSE"
"c3605","User_138","palestine","The role of international organizations is being questioned.",-184,2026-05-03 22:04:00,"p381","FALSE"
"c3606","User_625","worldnews","Civilians are paying the highest price in this long-standing conflict.",164,2026-05-03 22:05:00,"p265","TRUE"
"c3607","User_55","israel","Security measures are being tightened in the region.",83,2026-05-03 22:06:00,"p341","FALSE"
"c3608","User_364","worldnews","Protests are spreading globally in support of humanitarian aid.",-23,2026-05-03 22:07:00,"p107","FALSE"
"c3609","User_239","worldnews","Public opinion is deeply divided on the best path to peace.",50,2026-05-03 22:08:00,"p346","FALSE"
"c3610","User_709","israel","International community calls for an immediate ceasefire.",-130,2026-05-03 22:09:00,"p254","FALSE"
"c3611","User_489","israel","Diplomatic efforts are ongoing but progress is slow.",18,2026-05-03 22:10:00,"p346","FALSE"
"c3612","User_467","news","Diplomatic efforts are ongoing but progress is slow.",134,2026-05-03 22:11:00,"p240","FALSE"
"c3613","User_14","news","The role of international organizations is being questioned.",115,2026-05-03 22:12:00,"p16","FALSE"
"c3614","User_380","palestine","The role of international organizations is being questioned.",205,2026-05-03 22:13:00,"p64","FALSE"
"c3615","User_667","israel","International community calls for an immediate ceasefire.",67,2026-05-03 22:14:00,"p338","FALSE"
"c3616","User_418","MiddleEastHistory","Discourse on social media is highly polarized and full of misinformation.",35,2026-05-03 22:15:00,"p70","FALSE"
"c3617","User_383","worldnews","International community calls for an immediate ceasefire.",-116,2026-05-03 22:16:00,"p379","FALSE"
"c3618","User_695","worldnews","Security measures are being tightened in the region.",341,2026-05-03 22:17:00,"p162","FALSE"
"c3619","User_362","worldnews","Historical context is essential to understand the current escalation.",114,2026-05-03 22:18:00,"p77","FALSE"
"c3620","User_605","worldnews","Security measures are being tightened in the region.",138,2026-05-03 22:19:00,"p102","FALSE"
"c3621","User_257","news","Discourse on social media is highly polarized and full of misinformation.",59,2026-05-03 22:20:00,"p129","FALSE"
"c3622","User_471","politics","The role of international organizations is being questioned.",-43,2026-05-03 22:21:00,"p131","TRUE"
"c3623","User_403","israel","The role of international organizations is being questioned.",232,2026-05-03 22:22:00,"p121","FALSE"
"c3624","User_624","worldnews","The role of international organizations is being questioned.",-64,2026-05-03 22:23:00,"p50","FALSE"
"c3625","User_493","israel","Discourse on social media is highly polarized and full of misinformation.",85,2026-05-03 22:24:00,"p156","TRUE"
"c3626","User_506","worldnews","International community calls for an immediate ceasefire.",193,2026-05-03 22:25:00,"p206","FALSE"
"c3627","User_46","politics","The role of international organizations is being questioned.",29,2026-05-03 22:26:00,"p355","FALSE"
"c3628","User_394","israel","The role of international organizations is being questioned.",-204,2026-05-03 22:27:00,"p254","TRUE"
"c3629","User_464","israel","Economic impact of the war is being felt across the Middle East.",230,2026-05-03 22:28:00,"p318","FALSE"
"c3630","User_727","worldnews","Public opinion is deeply divided on the best path to peace.",352,2026-05-03 22:29:00,"p328","FALSE"
"c3631","User_785","israel","Economic impact of the war is being felt across the Middle East.",22,2026-05-03 22:30:00,"p344","FALSE"
"c3632","User_741","worldnews","Protests are spreading globally in support of humanitarian aid.",-248,2026-05-03 22:31:00,"p52","FALSE"
"c3633","User_231","worldnews","Public opinion is deeply divided on the best path to peace.",-15,2026-05-03 22:32:00,"p80","FALSE"
"c3634","User_138","MiddleEastHistory","Protests are spreading globally in support of humanitarian aid.",71,2026-05-03 22:33:00,"p257","FALSE"
"c3635","User_526","israel","Security measures are being tightened in the region.",199,2026-05-03 22:34:00,"p274","FALSE"
"c3636","User_403","israel","Public opinion is deeply divided on the best path to peace.",233,2026-05-03 22:35:00,"p383","FALSE"
"c3637","User_8","worldnews","Discourse on social media is highly polarized and full of misinformation.",52,2026-05-03 22:36:00,"p29","FALSE"
"c3638","User_739","MiddleEastHistory","Public opinion is deeply divided on the best path to peace.",210,2026-05-03 22:37:00,"p242","FALSE"
"c3639","User_25","palestine","Diplomatic efforts are ongoing but progress is slow.",165,2026-05-03 22:38:00,"p374","FALSE"
"c3640","User_480","MiddleEastHistory","Diplomatic efforts are ongoing but progress is slow.",11,2026-05-03 22:39:00,"p8","FALSE"
"c3641","User_524","worldnews","Public opinion is deeply divided on the best path to peace.",-153,2026-05-03 22:40:00,"p104","FALSE"
"c3642","User_145","politics","International community calls for an immediate ceasefire.",-209,2026-05-03 22:41:00,"p251","FALSE"
"c3643","User_117","news","The conflict continues with heavy casualties on both sides.",124,2026-05-03 22:42:00,"p261","FALSE"
"c3644","User_83","palestine","Historical context is essential to understand the current escalation.",-52,2026-05-03 22:43:00,"p251","TRUE"
"c3645","User_392","israel","New reports suggest a possible breakthrough in negotiations.",68,2026-05-03 22:44:00,"p222","FALSE"
"c3646","User_122","worldnews","Public opinion is deeply divided on the best path to peace.",-46,2026-05-03 22:45:00,"p222","TRUE"
"c3647","User_726","israel","The conflict continues with heavy casualties on both sides.",51,2026-05-03 22:46:00,"p345","FALSE"
"c3648","User_341","israel","Protests are spreading globally in support of humanitarian aid.",120,2026-05-03 22:47:00,"p66","FALSE"
"c3649","User_388","politics","The conflict continues with heavy casualties on both sides.",-171,2026-05-03 22:48:00,"p316","FALSE"
"c3650","User_368","worldnews","Economic impact of the war is being felt across the Middle East.",1,2026-05-03 22:49:00,"p102","FALSE"
"c3651","User_98","MiddleEastHistory","New reports suggest a possible breakthrough in negotiations.",168,2026-05-03 22:50:00,"p163","FALSE"
"c3652","User_120","palestine","Diplomatic efforts are ongoing but progress is slow.",131,2026-05-03 22:51:00,"p381","TRUE"
"c3653","User_64","worldnews","Security measures are being tightened in the region.",-281,2026-05-03 22:52:00,"p260","FALSE"
"c3654","User_141","worldnews","Historical context is essential to understand the current escalation.",376,2026-05-03 22:53:00,"p44","TRUE"
"c3655","User_251","worldnews","The conflict continues with heavy casualties on both sides.",-149,2026-05-03 22:54:00,"p16","TRUE"
"c3656","User_778","worldnews","The conflict continues with heavy casualties on both sides.",140,2026-05-03 22:55:00,"p386","FALSE"
"c3657","User_373","palestine","The role of international organizations is being questioned.",5,2026-05-03 22:56:00,"p87","FALSE"
"c3658","User_586","MiddleEastHistory","The role of international organizations is being questioned.",-83,2026-05-03 22:57:00,"p113","FALSE"
"c3659","User_50","israel","Security measures are being tightened in the region.",-25,2026-05-03 22:58:00,"p259","TRUE"
"c3660","User_616","palestine","Public opinion is deeply divided on the best path to peace.",114,2026-05-03 22:59:00,"p269","FALSE"
"c3661","User_440","israel","The role of international organizations is being questioned.",-7,2026-05-03 23:00:00,"p135","FALSE"
"c3662","User_568","worldnews","Civilians are paying the highest price in this long-standing conflict.",-153,2026-05-03 23:01:00,"p69","FALSE"
"c3663","User_115","MiddleEastHistory","Protests are spreading globally in support of humanitarian aid.",85,2026-05-03 23:02:00,"p69","FALSE"
"c3664","User_753","politics","Historical context is essential to understand the current escalation.",-153,2026-05-03 23:03:00,"p256","TRUE"
"c3665","User_128","israel","New reports suggest a possible breakthrough in negotiations.",47,2026-05-03 23:04:00,"p51","TRUE"
"c3666","User_337","israel","The conflict continues with heavy casualties on both sides.",-58,2026-05-03 23:05:00,"p275","FALSE"
"c3667","User_244","MiddleEastHistory","Civilians are paying the highest price in this long-standing conflict.",-158,2026-05-03 23:06:00,"p38","FALSE"
"c3668","User_190","news","The conflict continues with heavy casualties on both sides.",-116,2026-05-03 23:07:00,"p208","FALSE"
"c3669","User_511","palestine","Diplomatic efforts are ongoing but progress is slow.",32,2026-05-03 23:08:00,"p41","FALSE"
"c3670","User_207","MiddleEastHistory","Protests are spreading globally in support of humanitarian aid.",79,2026-05-03 23:09:00,"p205","FALSE"
"c3671","User_257","news","Public opinion is deeply divided on the best path to peace.",-37,2026-05-03 23:10:00,"p348","TRUE"
"c3672","User_744","worldnews","Public opinion is deeply divided on the best path to peace.",-71,2026-05-03 23:11:00,"p337","TRUE"
"c3673","User_371","MiddleEastHistory","Security measures are being tightened in the region.",245,2026-05-03 23:12:00,"p213","FALSE"
"c3674","User_708","MiddleEastHistory","Economic impact of the war is being felt across the Middle East.",-25,2026-05-03 23:13:00,"p13","FALSE"
"c3675","User_365","worldnews","Historical context is essential to understand the current escalation.",-19,2026-05-03 23:14:00,"p358","FALSE"
"c3676","User_597","worldnews","Civilians are paying the highest price in this long-standing conflict.",152,2026-05-03 23:15:00,"p22","FALSE"
"c3677","User_396","worldnews","The role of international organizations is being questioned.",20,2026-05-03 23:16:00,"p107","FALSE"
"c3678","User_188","israel","The conflict continues with heavy casualties on both sides.",221,2026-05-03 23:17:00,"p322","FALSE"
"c3679","User_256","palestine","Diplomatic efforts are ongoing but progress is slow.",-17,2026-05-03 23:18:00,"p110","FALSE"
"c3680","User_67","worldnews","Security measures are being tightened in the region.",-56,2026-05-03 23:19:00,"p233","FALSE"
"c3681","User_713","israel","Protests are spreading globally in support of humanitarian aid.",-105,2026-05-03 23:20:00,"p58","TRUE"
"c3682","User_332","israel","Historical context is essential to understand the current escalation.",0,2026-05-03 23:21:00,"p349","FALSE"
"c3683","User_513","MiddleEastHistory","Protests are spreading globally in support of humanitarian aid.",298,2026-05-03 23:22:00,"p300","FALSE"
"c3684","User_597","palestine","International community calls for an immediate ceasefire.",-162,2026-05-03 23:23:00,"p237","FALSE"
"c3685","User_275","palestine","Public opinion is deeply divided on the best path to peace.",84,2026-05-03 23:24:00,"p183","FALSE"
"c3686","User_705","politics","Historical context is essential to understand the current escalation.",309,2026-05-03 23:25:00,"p286","FALSE"
"c3687","User_284","israel","Protests are spreading globally in support of humanitarian aid.",-90,2026-05-03 23:26:00,"p28","FALSE"
"c3688","User_777","worldnews","Discourse on social media is highly polarized and full of misinformation.",63,2026-05-03 23:27:00,"p309","FALSE"
"c3689","User_215","worldnews","Public opinion is deeply divided on the best path to peace.",47,2026-05-03 23:28:00,"p305","FALSE"
"c3690","User_80","MiddleEastHistory","International community calls for an immediate ceasefire.",297,2026-05-03 23:29:00,"p316","FALSE"
"c3691","User_41","palestine","New reports suggest a possible breakthrough in negotiations.",190,2026-05-03 23:30:00,"p19","FALSE"
"c3692","User_433","MiddleEastHistory","Civilians are paying the highest price in this long-standing conflict.",149,2026-05-03 23:31:00,"p38","FALSE"
"c3693","User_717","palestine","Protests are spreading globally in support of humanitarian aid.",-1,2026-05-03 23:32:00,"p114","TRUE"
"c3694","User_223","MiddleEastHistory","Public opinion is deeply divided on the best path to peace.",-61,2026-05-03 23:33:00,"p34","FALSE"
"c3695","User_657","worldnews","Economic impact of the war is being felt across the Middle East.",57,2026-05-03 23:34:00,"p272","FALSE"
"c3696","User_74","news","The role of international organizations is being questioned.",5,2026-05-03 23:35:00,"p352","FALSE"
"c3697","User_231","worldnews","Civilians are paying the highest price in this long-standing conflict.",143,2026-05-03 23:36:00,"p363","TRUE"
"c3698","User_760","israel","New reports suggest a possible breakthrough in negotiations.",148,2026-05-03 23:37:00,"p269","FALSE"
"c3699","User_518","worldnews","The role of international organizations is being questioned.",5,2026-05-03 23:38:00,"p202","FALSE"
"c3700","User_787","palestine","Security measures are being tightened in the region.",134,2026-05-03 23:39:00,"p35","FALSE"
"c3701","User_743","worldnews","Public opinion is deeply divided on the best path to peace.",36,2026-05-03 23:40:00,"p92","FALSE"
"c3702","User_556","politics","Security measures are being tightened in the region.",-12,2026-05-03 23:41:00,"p100","FALSE"
"c3703","User_465","israel","The role of international organizations is being questioned.",128,2026-05-03 23:42:00,"p230","FALSE"
"c3704","User_307","worldnews","International community calls for an immediate ceasefire.",71,2026-05-03 23:43:00,"p324","FALSE"
"c3705","User_404","news","New reports suggest a possible breakthrough in negotiations.",-128,2026-05-03 23:44:00,"p347","FALSE"
"c3706","User_642","worldnews","International community calls for an immediate ceasefire.",-493,2026-05-03 23:45:00,"p157","TRUE"
"c3707","User_192","israel","Historical context is essential to understand the current escalation.",75,2026-05-03 23:46:00,"p337","FALSE"
"c3708","User_628","palestine","Discourse on social media is highly polarized and full of misinformation.",161,2026-05-03 23:47:00,"p382","FALSE"
"c3709","User_781","palestine","Civilians are paying the highest price in this long-standing conflict.",59,2026-05-03 23:48:00,"p138","FALSE"
"c3710","User_789","worldnews","The role of international organizations is being questioned.",42,2026-05-03 23:49:00,"p203","FALSE"
"c3711","User_565","palestine","Economic impact of the war is being felt across the Middle East.",88,2026-05-03 23:50:00,"p246","FALSE"
"c3712","User_683","worldnews","Historical context is essential to understand the current escalation.",67,2026-05-03 23:51:00,"p277","FALSE"
"c3713","User_284","politics","Security measures are being tightened in the region.",153,2026-05-03 23:52:00,"p110","FALSE"
"c3714","User_443","worldnews","Civilians are paying the highest price in this long-standing conflict.",-100,2026-05-03 23:53:00,"p245","FALSE"
"c3715","User_644","israel","Diplomatic efforts are ongoing but progress is slow.",328,2026-05-03 23:54:00,"p249","FALSE"
"c3716","User_67","palestine","Civilians are paying the highest price in this long-standing conflict.",-32,2026-05-03 23:55:00,"p363","TRUE"
"c3717","User_149","MiddleEastHistory","The role of international organizations is being questioned.",44,2026-05-03 23:56:00,"p161","FALSE"
"c3718","User_116","news","Economic impact of the war is being felt across the Middle East.",149,2026-05-03 23:57:00,"p40","FALSE"
"c3719","User_563","israel","International community calls for an immediate ceasefire.",143,2026-05-03 23:58:00,"p32","FALSE"
"c3720","User_421","news","Civilians are paying the highest price in this long-standing conflict.",167,2026-05-03 23:59:00,"p150","FALSE"
"c3721","User_729","MiddleEastHistory","Diplomatic efforts are ongoing but progress is slow.",358,2026-05-04,"p142","FALSE"
"c3722","User_644","politics","The conflict continues with heavy casualties on both sides.",186,2026-05-04 00:01:00,"p47","FALSE"
"c3723","User_72","news","International community calls for an immediate ceasefire.",-228,2026-05-04 00:02:00,"p315","FALSE"
"c3724","User_14","palestine","International community calls for an immediate ceasefire.",36,2026-05-04 00:03:00,"p62","FALSE"
"c3725","User_67","israel","New reports suggest a possible breakthrough in negotiations.",28,2026-05-04 00:04:00,"p272","TRUE"
"c3726","User_388","worldnews","Civilians are paying the highest price in this long-standing conflict.",277,2026-05-04 00:05:00,"p238","FALSE"
"c3727","User_299","israel","Security measures are being tightened in the region.",98,2026-05-04 00:06:00,"p8","FALSE"
"c3728","User_119","palestine","Public opinion is deeply divided on the best path to peace.",53,2026-05-04 00:07:00,"p36","TRUE"
"c3729","User_261","politics","Civilians are paying the highest price in this long-standing conflict.",-11,2026-05-04 00:08:00,"p176","FALSE"
"c3730","User_254","worldnews","Public opinion is deeply divided on the best path to peace.",54,2026-05-04 00:09:00,"p390","FALSE"
"c3731","User_29","MiddleEastHistory","Diplomatic efforts are ongoing but progress is slow.",237,2026-05-04 00:10:00,"p98","FALSE"
"c3732","User_78","worldnews","Diplomatic efforts are ongoing but progress is slow.",32,2026-05-04 00:11:00,"p333","FALSE"
"c3733","User_610","worldnews","Protests are spreading globally in support of humanitarian aid.",-115,2026-05-04 00:12:00,"p163","FALSE"
"c3734","User_13","palestine","Historical context is essential to understand the current escalation.",-24,2026-05-04 00:13:00,"p58","TRUE"
"c3735","User_594","israel","Protests are spreading globally in support of humanitarian aid.",137,2026-05-04 00:14:00,"p327","FALSE"
"c3736","User_2","israel","The conflict continues with heavy casualties on both sides.",40,2026-05-04 00:15:00,"p92","FALSE"
"c3737","User_224","palestine","Historical context is essential to understand the current escalation.",154,2026-05-04 00:16:00,"p3","FALSE"
"c3738","User_179","palestine","Discourse on social media is highly polarized and full of misinformation.",58,2026-05-04 00:17:00,"p246","FALSE"
"c3739","User_17","israel","Diplomatic efforts are ongoing but progress is slow.",-204,2026-05-04 00:18:00,"p366","FALSE"
"c3740","User_575","palestine","Discourse on social media is highly polarized and full of misinformation.",176,2026-05-04 00:19:00,"p371","FALSE"
"c3741","User_191","worldnews","The role of international organizations is being questioned.",118,2026-05-04 00:20:00,"p380","FALSE"
"c3742","User_502","israel","Security measures are being tightened in the region.",-30,2026-05-04 00:21:00,"p118","FALSE"
"c3743","User_162","worldnews","Civilians are paying the highest price in this long-standing conflict.",-176,2026-05-04 00:22:00,"p225","FALSE"
"c3744","User_317","worldnews","The conflict continues with heavy casualties on both sides.",-95,2026-05-04 00:23:00,"p130","FALSE"
"c3745","User_123","news","Historical context is essential to understand the current escalation.",54,2026-05-04 00:24:00,"p203","FALSE"
"c3746","User_670","news","Security measures are being tightened in the region.",-30,2026-05-04 00:25:00,"p273","FALSE"
"c3747","User_637","israel","Discourse on social media is highly polarized and full of misinformation.",-67,2026-05-04 00:26:00,"p234","FALSE"
"c3748","User_413","MiddleEastHistory","The conflict continues with heavy casualties on both sides.",174,2026-05-04 00:27:00,"p169","FALSE"
"c3749","User_457","israel","Historical context is essential to understand the current escalation.",82,2026-05-04 00:28:00,"p92","FALSE"
"c3750","User_680","israel","International community calls for an immediate ceasefire.",146,2026-05-04 00:29:00,"p288","FALSE"
"c3751","User_88","palestine","Economic impact of the war is being felt across the Middle East.",-94,2026-05-04 00:30:00,"p192","FALSE"
"c3752","User_24","palestine","New reports suggest a possible breakthrough in negotiations.",-268,2026-05-04 00:31:00,"p343","FALSE"
"c3753","User_626","israel","Discourse on social media is highly polarized and full of misinformation.",-28,2026-05-04 00:32:00,"p347","FALSE"
"c3754","User_565","politics","Civilians are paying the highest price in this long-standing conflict.",263,2026-05-04 00:33:00,"p129","FALSE"
"c3755","User_395","worldnews","New reports suggest a possible breakthrough in negotiations.",-62,2026-05-04 00:34:00,"p381","FALSE"
"c3756","User_98","news","The role of international organizations is being questioned.",-157,2026-05-04 00:35:00,"p282","FALSE"
"c3757","User_705","politics","Civilians are paying the highest price in this long-standing conflict.",38,2026-05-04 00:36:00,"p357","FALSE"
"c3758","User_175","palestine","Public opinion is deeply divided on the best path to peace.",145,2026-05-04 00:37:00,"p339","FALSE"
"c3759","User_708","news","Public opinion is deeply divided on the best path to peace.",137,2026-05-04 00:38:00,"p290","TRUE"
"c3760","User_605","palestine","Public opinion is deeply divided on the best path to peace.",98,2026-05-04 00:39:00,"p58","FALSE"
"c3761","User_538","worldnews","The conflict continues with heavy casualties on both sides.",48,2026-05-04 00:40:00,"p395","FALSE"
"c3762","User_333","MiddleEastHistory","Historical context is essential to understand the current escalation.",81,2026-05-04 00:41:00,"p24","FALSE"
"c3763","User_693","worldnews","Diplomatic efforts are ongoing but progress is slow.",-58,2026-05-04 00:42:00,"p338","FALSE"
"c3764","User_4","news","Public opinion is deeply divided on the best path to peace.",168,2026-05-04 00:43:00,"p272","FALSE"
"c3765","User_220","politics","The conflict continues with heavy casualties on both sides.",-81,2026-05-04 00:44:00,"p310","FALSE"
"c3766","User_285","MiddleEastHistory","Civilians are paying the highest price in this long-standing conflict.",-13,2026-05-04 00:45:00,"p123","FALSE"
"c3767","User_556","worldnews","International community calls for an immediate ceasefire.",-2,2026-05-04 00:46:00,"p192","FALSE"
"c3768","User_309","MiddleEastHistory","Historical context is essential to understand the current escalation.",172,2026-05-04 00:47:00,"p85","TRUE"
"c3769","User_634","worldnews","Economic impact of the war is being felt across the Middle East.",40,2026-05-04 00:48:00,"p364","FALSE"
"c3770","User_269","politics","The role of international organizations is being questioned.",-41,2026-05-04 00:49:00,"p261","FALSE"
"c3771","User_583","news","Civilians are paying the highest price in this long-standing conflict.",139,2026-05-04 00:50:00,"p346","FALSE"
"c3772","User_767","israel","Protests are spreading globally in support of humanitarian aid.",156,2026-05-04 00:51:00,"p184","FALSE"
"c3773","User_513","palestine","Historical context is essential to understand the current escalation.",-278,2026-05-04 00:52:00,"p49","FALSE"
"c3774","User_427","palestine","Diplomatic efforts are ongoing but progress is slow.",64,2026-05-04 00:53:00,"p185","FALSE"
"c3775","User_313","palestine","Public opinion is deeply divided on the best path to peace.",43,2026-05-04 00:54:00,"p394","FALSE"
"c3776","User_387","israel","New reports suggest a possible breakthrough in negotiations.",-39,2026-05-04 00:55:00,"p59","FALSE"
"c3777","User_659","worldnews","Diplomatic efforts are ongoing but progress is slow.",-40,2026-05-04 00:56:00,"p220","FALSE"
"c3778","User_363","worldnews","Historical context is essential to understand the current escalation.",-68,2026-05-04 00:57:00,"p44","FALSE"
"c3779","User_781","israel","Civilians are paying the highest price in this long-standing conflict.",-29,2026-05-04 00:58:00,"p102","FALSE"
"c3780","User_428","MiddleEastHistory","Economic impact of the war is being felt across the Middle East.",90,2026-05-04 00:59:00,"p42","FALSE"
"c3781","User_786","israel","Historical context is essential to understand the current escalation.",212,2026-05-04 01:00:00,"p30","FALSE"
"c3782","User_228","israel","The conflict continues with heavy casualties on both sides.",-191,2026-05-04 01:01:00,"p184","FALSE"
"c3783","User_372","news","The conflict continues with heavy casualties on both sides.",292,2026-05-04 01:02:00,"p80","TRUE"
"c3784","User_343","worldnews","New reports suggest a possible breakthrough in negotiations.",19,2026-05-04 01:03:00,"p124","TRUE"
"c3785","User_206","israel","Security measures are being tightened in the region.",28,2026-05-04 01:04:00,"p206","FALSE"
"c3786","User_224","politics","Discourse on social media is highly polarized and full of misinformation.",211,2026-05-04 01:05:00,"p249","FALSE"
"c3787","User_590","politics","Diplomatic efforts are ongoing but progress is slow.",-73,2026-05-04 01:06:00,"p298","FALSE"
"c3788","User_78","israel","New reports suggest a possible breakthrough in negotiations.",-35,2026-05-04 01:07:00,"p129","FALSE"
"c3789","User_759","MiddleEastHistory","New reports suggest a possible breakthrough in negotiations.",-19,2026-05-04 01:08:00,"p385","FALSE"
"c3790","User_180","worldnews","The role of international organizations is being questioned.",32,2026-05-04 01:09:00,"p93","FALSE"
"c3791","User_61","news","Security measures are being tightened in the region.",257,2026-05-04 01:10:00,"p369","FALSE"
"c3792","User_782","worldnews","Protests are spreading globally in support of humanitarian aid.",210,2026-05-04 01:11:00,"p85","FALSE"
"c3793","User_7","worldnews","Civilians are paying the highest price in this long-standing conflict.",41,2026-05-04 01:12:00,"p173","FALSE"
"c3794","User_757","worldnews","Economic impact of the war is being felt across the Middle East.",-22,2026-05-04 01:13:00,"p378","FALSE"
"c3795","User_288","palestine","New reports suggest a possible breakthrough in negotiations.",101,2026-05-04 01:14:00,"p287","FALSE"
"c3796","User_665","palestine","Historical context is essential to understand the current escalation.",63,2026-05-04 01:15:00,"p379","FALSE"
"c3797","User_180","politics","Discourse on social media is highly polarized and full of misinformation.",-85,2026-05-04 01:16:00,"p200","FALSE"
"c3798","User_46","worldnews","Public opinion is deeply divided on the best path to peace.",62,2026-05-04 01:17:00,"p117","FALSE"
"c3799","User_118","israel","Economic impact of the war is being felt across the Middle East.",-6,2026-05-04 01:18:00,"p95","FALSE"
"c3800","User_386","politics","Public opinion is deeply divided on the best path to peace.",236,2026-05-04 01:19:00,"p248","FALSE"
"c3801","User_457","israel","The conflict continues with heavy casualties on both sides.",292,2026-05-04 01:20:00,"p246","FALSE"
"c3802","User_673","israel","Civilians are paying the highest price in this long-standing conflict.",-176,2026-05-04 01:21:00,"p317","FALSE"
"c3803","User_460","palestine","Diplomatic efforts are ongoing but progress is slow.",507,2026-05-04 01:22:00,"p240","TRUE"
"c3804","User_707","MiddleEastHistory","The role of international organizations is being questioned.",220,2026-05-04 01:23:00,"p61","FALSE"
"c3805","User_33","worldnews","Economic impact of the war is being felt across the Middle East.",92,2026-05-04 01:24:00,"p94","FALSE"
"c3806","User_530","worldnews","Diplomatic efforts are ongoing but progress is slow.",-217,2026-05-04 01:25:00,"p103","FALSE"
"c3807","User_274","worldnews","The role of international organizations is being questioned.",70,2026-05-04 01:26:00,"p108","FALSE"
"c3808","User_563","israel","Civilians are paying the highest price in this long-standing conflict.",-115,2026-05-04 01:27:00,"p263","FALSE"
"c3809","User_165","worldnews","Civilians are paying the highest price in this long-standing conflict.",-75,2026-05-04 01:28:00,"p7","FALSE"
"c3810","User_516","worldnews","New reports suggest a possible breakthrough in negotiations.",201,2026-05-04 01:29:00,"p311","FALSE"
"c3811","User_58","worldnews","Civilians are paying the highest price in this long-standing conflict.",135,2026-05-04 01:30:00,"p83","FALSE"
"c3812","User_471","news","Security measures are being tightened in the region.",155,2026-05-04 01:31:00,"p301","TRUE"
"c3813","User_196","israel","Protests are spreading globally in support of humanitarian aid.",215,2026-05-04 01:32:00,"p122","FALSE"
"c3814","User_643","worldnews","Diplomatic efforts are ongoing but progress is slow.",160,2026-05-04 01:33:00,"p65","FALSE"
"c3815","User_151","worldnews","Security measures are being tightened in the region.",268,2026-05-04 01:34:00,"p61","FALSE"
"c3816","User_207","MiddleEastHistory","Economic impact of the war is being felt across the Middle East.",221,2026-05-04 01:35:00,"p81","TRUE"
"c3817","User_675","worldnews","Discourse on social media is highly polarized and full of misinformation.",204,2026-05-04 01:36:00,"p384","FALSE"
"c3818","User_752","politics","International community calls for an immediate ceasefire.",70,2026-05-04 01:37:00,"p324","FALSE"
"c3819","User_189","palestine","Security measures are being tightened in the region.",-1,2026-05-04 01:38:00,"p97","FALSE"
"c3820","User_244","israel","New reports suggest a possible breakthrough in negotiations.",161,2026-05-04 01:39:00,"p289","FALSE"
"c3821","User_321","politics","Security measures are being tightened in the region.",-255,2026-05-04 01:40:00,"p82","FALSE"
"c3822","User_266","israel","Public opinion is deeply divided on the best path to peace.",61,2026-05-04 01:41:00,"p377","FALSE"
"c3823","User_215","palestine","New reports suggest a possible breakthrough in negotiations.",-156,2026-05-04 01:42:00,"p275","FALSE"
"c3824","User_480","MiddleEastHistory","The conflict continues with heavy casualties on both sides.",92,2026-05-04 01:43:00,"p7","FALSE"
"c3825","User_294","worldnews","International community calls for an immediate ceasefire.",-74,2026-05-04 01:44:00,"p198","TRUE"
"c3826","User_61","palestine","Public opinion is deeply divided on the best path to peace.",155,2026-05-04 01:45:00,"p213","FALSE"
"c3827","User_497","worldnews","Security measures are being tightened in the region.",30,2026-05-04 01:46:00,"p331","FALSE"
"c3828","User_756","palestine","Historical context is essential to understand the current escalation.",156,2026-05-04 01:47:00,"p366","TRUE"
"c3829","User_44","israel","Discourse on social media is highly polarized and full of misinformation.",92,2026-05-04 01:48:00,"p21","FALSE"
"c3830","User_736","israel","Diplomatic efforts are ongoing but progress is slow.",300,2026-05-04 01:49:00,"p277","FALSE"
"c3831","User_744","worldnews","International community calls for an immediate ceasefire.",-168,2026-05-04 01:50:00,"p65","FALSE"
"c3832","User_303","worldnews","Diplomatic efforts are ongoing but progress is slow.",48,2026-05-04 01:51:00,"p325","FALSE"
"c3833","User_206","worldnews","Civilians are paying the highest price in this long-standing conflict.",-96,2026-05-04 01:52:00,"p362","FALSE"
"c3834","User_761","israel","Public opinion is deeply divided on the best path to peace.",-124,2026-05-04 01:53:00,"p237","FALSE"
"c3835","User_192","israel","Economic impact of the war is being felt across the Middle East.",71,2026-05-04 01:54:00,"p90","FALSE"
"c3836","User_83","worldnews","Protests are spreading globally in support of humanitarian aid.",22,2026-05-04 01:55:00,"p163","FALSE"
"c3837","User_115","MiddleEastHistory","Security measures are being tightened in the region.",203,2026-05-04 01:56:00,"p259","FALSE"
"c3838","User_340","israel","New reports suggest a possible breakthrough in negotiations.",96,2026-05-04 01:57:00,"p64","FALSE"
"c3839","User_175","israel","Protests are spreading globally in support of humanitarian aid.",119,2026-05-04 01:58:00,"p125","FALSE"
"c3840","User_630","palestine","Civilians are paying the highest price in this long-standing conflict.",-154,2026-05-04 01:59:00,"p165","FALSE"
"c3841","User_174","palestine","Historical context is essential to understand the current escalation.",-13,2026-05-04 02:00:00,"p7","FALSE"
"c3842","User_266","israel","Diplomatic efforts are ongoing but progress is slow.",53,2026-05-04 02:01:00,"p276","FALSE"
"c3843","User_85","worldnews","Security measures are being tightened in the region.",122,2026-05-04 02:02:00,"p293","TRUE"
"c3844","User_290","palestine","Discourse on social media is highly polarized and full of misinformation.",-31,2026-05-04 02:03:00,"p198","FALSE"
"c3845","User_735","worldnews","Diplomatic efforts are ongoing but progress is slow.",75,2026-05-04 02:04:00,"p176","FALSE"
"c3846","User_318","politics","Civilians are paying the highest price in this long-standing conflict.",232,2026-05-04 02:05:00,"p352","FALSE"
"c3847","User_385","israel","Diplomatic efforts are ongoing but progress is slow.",124,2026-05-04 02:06:00,"p73","FALSE"
"c3848","User_661","news","Economic impact of the war is being felt across the Middle East.",47,2026-05-04 02:07:00,"p107","FALSE"
"c3849","User_186","palestine","Civilians are paying the highest price in this long-standing conflict.",83,2026-05-04 02:08:00,"p357","TRUE"
"c3850","User_466","MiddleEastHistory","International community calls for an immediate ceasefire.",-191,2026-05-04 02:09:00,"p260","TRUE"
"c3851","User_495","israel","Economic impact of the war is being felt across the Middle East.",-216,2026-05-04 02:10:00,"p182","FALSE"
"c3852","User_405","MiddleEastHistory","Public opinion is deeply divided on the best path to peace.",-14,2026-05-04 02:11:00,"p51","FALSE"
"c3853","User_786","palestine","Civilians are paying the highest price in this long-standing conflict.",-43,2026-05-04 02:12:00,"p296","FALSE"
"c3854","User_455","MiddleEastHistory","Public opinion is deeply divided on the best path to peace.",157,2026-05-04 02:13:00,"p111","TRUE"
"c3855","User_219","israel","Security measures are being tightened in the region.",106,2026-05-04 02:14:00,"p37","FALSE"
"c3856","User_11","palestine","Economic impact of the war is being felt across the Middle East.",-112,2026-05-04 02:15:00,"p353","FALSE"
"c3857","User_420","worldnews","Public opinion is deeply divided on the best path to peace.",-27,2026-05-04 02:16:00,"p166","FALSE"
"c3858","User_68","worldnews","Security measures are being tightened in the region.",13,2026-05-04 02:17:00,"p204","FALSE"
"c3859","User_70","worldnews","Discourse on social media is highly polarized and full of misinformation.",100,2026-05-04 02:18:00,"p289","FALSE"
"c3860","User_386","israel","The role of international organizations is being questioned.",-11,2026-05-04 02:19:00,"p78","FALSE"
"c3861","User_262","politics","Discourse on social media is highly polarized and full of misinformation.",101,2026-05-04 02:20:00,"p56","FALSE"
"c3862","User_591","news","Historical context is essential to understand the current escalation.",-136,2026-05-04 02:21:00,"p43","TRUE"
"c3863","User_326","palestine","International community calls for an immediate ceasefire.",-26,2026-05-04 02:22:00,"p352","FALSE"
"c3864","User_209","palestine","Public opinion is deeply divided on the best path to peace.",249,2026-05-04 02:23:00,"p9","FALSE"
"c3865","User_269","politics","Economic impact of the war is being felt across the Middle East.",86,2026-05-04 02:24:00,"p362","TRUE"
"c3866","User_59","israel","International community calls for an immediate ceasefire.",34,2026-05-04 02:25:00,"p69","FALSE"
"c3867","User_317","palestine","Economic impact of the war is being felt across the Middle East.",-159,2026-05-04 02:26:00,"p120","TRUE"
"c3868","User_626","palestine","Economic impact of the war is being felt across the Middle East.",-90,2026-05-04 02:27:00,"p210","FALSE"
"c3869","User_105","worldnews","Discourse on social media is highly polarized and full of misinformation.",-70,2026-05-04 02:28:00,"p192","FALSE"
"c3870","User_38","worldnews","Discourse on social media is highly polarized and full of misinformation.",-22,2026-05-04 02:29:00,"p41","TRUE"
"c3871","User_496","worldnews","New reports suggest a possible breakthrough in negotiations.",18,2026-05-04 02:30:00,"p156","TRUE"
"c3872","User_571","palestine","The conflict continues with heavy casualties on both sides.",40,2026-05-04 02:31:00,"p121","FALSE"
"c3873","User_410","worldnews","Public opinion is deeply divided on the best path to peace.",39,2026-05-04 02:32:00,"p139","FALSE"
"c3874","User_492","israel","International community calls for an immediate ceasefire.",102,2026-05-04 02:33:00,"p307","FALSE"
"c3875","User_551","palestine","Protests are spreading globally in support of humanitarian aid.",180,2026-05-04 02:34:00,"p33","FALSE"
"c3876","User_442","israel","Historical context is essential to understand the current escalation.",388,2026-05-04 02:35:00,"p335","FALSE"
"c3877","User_452","israel","The role of international organizations is being questioned.",134,2026-05-04 02:36:00,"p258","TRUE"
"c3878","User_527","worldnews","Security measures are being tightened in the region.",27,2026-05-04 02:37:00,"p63","FALSE"
"c3879","User_444","palestine","Public opinion is deeply divided on the best path to peace.",-209,2026-05-04 02:38:00,"p254","FALSE"
"c3880","User_477","palestine","New reports suggest a possible breakthrough in negotiations.",136,2026-05-04 02:39:00,"p190","FALSE"
"c3881","User_377","MiddleEastHistory","International community calls for an immediate ceasefire.",297,2026-05-04 02:40:00,"p177","FALSE"
"c3882","User_656","politics","Civilians are paying the highest price in this long-standing conflict.",189,2026-05-04 02:41:00,"p116","FALSE"
"c3883","User_128","palestine","Discourse on social media is highly polarized and full of misinformation.",104,2026-05-04 02:42:00,"p18","TRUE"
"c3884","User_187","worldnews","International community calls for an immediate ceasefire.",230,2026-05-04 02:43:00,"p124","FALSE"
"c3885","User_471","israel","Security measures are being tightened in the region.",86,2026-05-04 02:44:00,"p384","FALSE"
"c3886","User_166","palestine","Public opinion is deeply divided on the best path to peace.",-33,2026-05-04 02:45:00,"p5","TRUE"
"c3887","User_567","news","Diplomatic efforts are ongoing but progress is slow.",-143,2026-05-04 02:46:00,"p83","TRUE"
"c3888","User_332","palestine","Security measures are being tightened in the region.",-149,2026-05-04 02:47:00,"p78","FALSE"
"c3889","User_633","israel","The conflict continues with heavy casualties on both sides.",-55,2026-05-04 02:48:00,"p366","FALSE"
"c3890","User_53","israel","Historical context is essential to understand the current escalation.",179,2026-05-04 02:49:00,"p237","FALSE"
"c3891","User_128","israel","The conflict continues with heavy casualties on both sides.",-15,2026-05-04 02:50:00,"p70","FALSE"
"c3892","User_163","palestine","Diplomatic efforts are ongoing but progress is slow.",40,2026-05-04 02:51:00,"p107","FALSE"
"c3893","User_352","MiddleEastHistory","International community calls for an immediate ceasefire.",-58,2026-05-04 02:52:00,"p286","FALSE"
"c3894","User_498","worldnews","The role of international organizations is being questioned.",231,2026-05-04 02:53:00,"p148","FALSE"
"c3895","User_14","politics","Civilians are paying the highest price in this long-standing conflict.",-163,2026-05-04 02:54:00,"p378","FALSE"
"c3896","User_486","palestine","Economic impact of the war is being felt across the Middle East.",-36,2026-05-04 02:55:00,"p245","FALSE"
"c3897","User_789","israel","Security measures are being tightened in the region.",28,2026-05-04 02:56:00,"p252","FALSE"
"c3898","User_300","worldnews","Discourse on social media is highly polarized and full of misinformation.",-90,2026-05-04 02:57:00,"p148","FALSE"
"c3899","User_258","israel","The conflict continues with heavy casualties on both sides.",-117,2026-05-04 02:58:00,"p73","FALSE"
"c3900","User_170","MiddleEastHistory","Discourse on social media is highly polarized and full of misinformation.",-3,2026-05-04 02:59:00,"p12","TRUE"
"c3901","User_545","politics","The conflict continues with heavy casualties on both sides.",74,2026-05-04 03:00:00,"p264","FALSE"
"c3902","User_638","palestine","Protests are spreading globally in support of humanitarian aid.",84,2026-05-04 03:01:00,"p92","FALSE"
"c3903","User_121","palestine","Discourse on social media is highly polarized and full of misinformation.",80,2026-05-04 03:02:00,"p188","FALSE"
"c3904","User_454","worldnews","International community calls for an immediate ceasefire.",-101,2026-05-04 03:03:00,"p90","TRUE"
"c3905","User_621","worldnews","Historical context is essential to understand the current escalation.",22,2026-05-04 03:04:00,"p234","TRUE"
"c3906","User_223","palestine","The conflict continues with heavy casualties on both sides.",-201,2026-05-04 03:05:00,"p35","FALSE"
"c3907","User_762","palestine","Security measures are being tightened in the region.",99,2026-05-04 03:06:00,"p250","FALSE"
"c3908","User_588","politics","Security measures are being tightened in the region.",27,2026-05-04 03:07:00,"p62","FALSE"
"c3909","User_462","worldnews","Historical context is essential to understand the current escalation.",167,2026-05-04 03:08:00,"p310","FALSE"
"c3910","User_239","israel","Civilians are paying the highest price in this long-standing conflict.",208,2026-05-04 03:09:00,"p129","FALSE"
"c3911","User_176","worldnews","Diplomatic efforts are ongoing but progress is slow.",155,2026-05-04 03:10:00,"p125","FALSE"
"c3912","User_620","palestine","Historical context is essential to understand the current escalation.",83,2026-05-04 03:11:00,"p281","FALSE"
"c3913","User_435","MiddleEastHistory","Economic impact of the war is being felt across the Middle East.",-107,2026-05-04 03:12:00,"p258","FALSE"
"c3914","User_759","worldnews","The role of international organizations is being questioned.",71,2026-05-04 03:13:00,"p142","FALSE"
"c3915","User_173","worldnews","Discourse on social media is highly polarized and full of misinformation.",272,2026-05-04 03:14:00,"p313","FALSE"
"c3916","User_76","worldnews","Economic impact of the war is being felt across the Middle East.",249,2026-05-04 03:15:00,"p59","FALSE"
"c3917","User_164","worldnews","Protests are spreading globally in support of humanitarian aid.",172,2026-05-04 03:16:00,"p15","FALSE"
"c3918","User_192","palestine","International community calls for an immediate ceasefire.",125,2026-05-04 03:17:00,"p126","FALSE"
"c3919","User_793","israel","Diplomatic efforts are ongoing but progress is slow.",231,2026-05-04 03:18:00,"p13","FALSE"
"c3920","User_140","palestine","Discourse on social media is highly polarized and full of misinformation.",-267,2026-05-04 03:19:00,"p54","FALSE"
"c3921","User_279","worldnews","The conflict continues with heavy casualties on both sides.",122,2026-05-04 03:20:00,"p335","FALSE"
"c3922","User_599","worldnews","Protests are spreading globally in support of humanitarian aid.",79,2026-05-04 03:21:00,"p319","FALSE"
"c3923","User_369","israel","International community calls for an immediate ceasefire.",52,2026-05-04 03:22:00,"p303","FALSE"
"c3924","User_586","palestine","The conflict continues with heavy casualties on both sides.",-54,2026-05-04 03:23:00,"p70","TRUE"
"c3925","User_21","MiddleEastHistory","Public opinion is deeply divided on the best path to peace.",263,2026-05-04 03:24:00,"p321","FALSE"
"c3926","User_87","worldnews","The conflict continues with heavy casualties on both sides.",-221,2026-05-04 03:25:00,"p237","FALSE"
"c3927","User_160","worldnews","The role of international organizations is being questioned.",111,2026-05-04 03:26:00,"p105","TRUE"
"c3928","User_434","politics","The role of international organizations is being questioned.",41,2026-05-04 03:27:00,"p91","FALSE"
"c3929","User_262","worldnews","Discourse on social media is highly polarized and full of misinformation.",97,2026-05-04 03:28:00,"p266","TRUE"
"c3930","User_451","worldnews","Security measures are being tightened in the region.",260,2026-05-04 03:29:00,"p342","FALSE"
"c3931","User_460","MiddleEastHistory","Economic impact of the war is being felt across the Middle East.",-15,2026-05-04 03:30:00,"p144","FALSE"
"c3932","User_790","MiddleEastHistory","New reports suggest a possible breakthrough in negotiations.",-28,2026-05-04 03:31:00,"p320","FALSE"
"c3933","User_124","politics","Civilians are paying the highest price in this long-standing conflict.",104,2026-05-04 03:32:00,"p71","FALSE"
"c3934","User_561","MiddleEastHistory","Public opinion is deeply divided on the best path to peace.",-100,2026-05-04 03:33:00,"p39","FALSE"
"c3935","User_52","israel","The conflict continues with heavy casualties on both sides.",-90,2026-05-04 03:34:00,"p13","FALSE"
"c3936","User_371","MiddleEastHistory","Security measures are being tightened in the region.",376,2026-05-04 03:35:00,"p231","FALSE"
"c3937","User_49","worldnews","Discourse on social media is highly polarized and full of misinformation.",60,2026-05-04 03:36:00,"p74","FALSE"
"c3938","User_322","worldnews","Public opinion is deeply divided on the best path to peace.",115,2026-05-04 03:37:00,"p259","FALSE"
"c3939","User_326","MiddleEastHistory","Diplomatic efforts are ongoing but progress is slow.",-109,2026-05-04 03:38:00,"p376","FALSE"
"c3940","User_676","worldnews","International community calls for an immediate ceasefire.",-50,2026-05-04 03:39:00,"p390","FALSE"
"c3941","User_605","palestine","New reports suggest a possible breakthrough in negotiations.",-90,2026-05-04 03:40:00,"p56","FALSE"
"c3942","User_243","news","The conflict continues with heavy casualties on both sides.",-76,2026-05-04 03:41:00,"p230","FALSE"
"c3943","User_139","worldnews","Public opinion is deeply divided on the best path to peace.",-73,2026-05-04 03:42:00,"p322","FALSE"
"c3944","User_766","israel","Civilians are paying the highest price in this long-standing conflict.",8,2026-05-04 03:43:00,"p162","FALSE"
"c3945","User_568","politics","Public opinion is deeply divided on the best path to peace.",-123,2026-05-04 03:44:00,"p236","FALSE"
"c3946","User_188","worldnews","Protests are spreading globally in support of humanitarian aid.",126,2026-05-04 03:45:00,"p40","TRUE"
"c3947","User_504","israel","Public opinion is deeply divided on the best path to peace.",15,2026-05-04 03:46:00,"p383","FALSE"
"c3948","User_482","worldnews","Historical context is essential to understand the current escalation.",100,2026-05-04 03:47:00,"p393","FALSE"
"c3949","User_367","worldnews","Security measures are being tightened in the region.",144,2026-05-04 03:48:00,"p42","FALSE"
"c3950","User_54","worldnews","New reports suggest a possible breakthrough in negotiations.",258,2026-05-04 03:49:00,"p241","FALSE"
"c3951","User_84","worldnews","The conflict continues with heavy casualties on both sides.",41,2026-05-04 03:50:00,"p55","TRUE"
"c3952","User_626","palestine","Security measures are being tightened in the region.",131,2026-05-04 03:51:00,"p288","FALSE"
"c3953","User_2","worldnews","Economic impact of the war is being felt across the Middle East.",105,2026-05-04 03:52:00,"p379","FALSE"
"c3954","User_457","politics","Diplomatic efforts are ongoing but progress is slow.",31,2026-05-04 03:53:00,"p98","FALSE"
"c3955","User_692","worldnews","The role of international organizations is being questioned.",122,2026-05-04 03:54:00,"p278","FALSE"
"c3956","User_679","worldnews","Diplomatic efforts are ongoing but progress is slow.",36,2026-05-04 03:55:00,"p331","FALSE"
"c3957","User_573","MiddleEastHistory","International community calls for an immediate ceasefire.",-65,2026-05-04 03:56:00,"p227","FALSE"
"c3958","User_645","politics","The role of international organizations is being questioned.",42,2026-05-04 03:57:00,"p193","FALSE"
"c3959","User_385","palestine","The role of international organizations is being questioned.",133,2026-05-04 03:58:00,"p342","FALSE"
"c3960","User_88","palestine","Historical context is essential to understand the current escalation.",-27,2026-05-04 03:59:00,"p200","FALSE"
"c3961","User_125","worldnews","The conflict continues with heavy casualties on both sides.",214,2026-05-04 04:00:00,"p61","FALSE"
"c3962","User_683","israel","Public opinion is deeply divided on the best path to peace.",244,2026-05-04 04:01:00,"p90","FALSE"
"c3963","User_280","palestine","International community calls for an immediate ceasefire.",-13,2026-05-04 04:02:00,"p33","FALSE"
"c3964","User_274","israel","Civilians are paying the highest price in this long-standing conflict.",19,2026-05-04 04:03:00,"p221","FALSE"
"c3965","User_408","worldnews","Discourse on social media is highly polarized and full of misinformation.",-3,2026-05-04 04:04:00,"p163","FALSE"
"c3966","User_704","MiddleEastHistory","Diplomatic efforts are ongoing but progress is slow.",88,2026-05-04 04:05:00,"p342","FALSE"
"c3967","User_161","worldnews","The role of international organizations is being questioned.",111,2026-05-04 04:06:00,"p244","FALSE"
"c3968","User_148","MiddleEastHistory","Security measures are being tightened in the region.",-70,2026-05-04 04:07:00,"p129","FALSE"
"c3969","User_580","palestine","Public opinion is deeply divided on the best path to peace.",98,2026-05-04 04:08:00,"p147","FALSE"
"c3970","User_430","israel","Protests are spreading globally in support of humanitarian aid.",-10,2026-05-04 04:09:00,"p295","FALSE"
"c3971","User_130","palestine","Economic impact of the war is being felt across the Middle East.",330,2026-05-04 04:10:00,"p340","FALSE"
"c3972","User_134","palestine","Diplomatic efforts are ongoing but progress is slow.",176,2026-05-04 04:11:00,"p238","FALSE"
"c3973","User_764","israel","International community calls for an immediate ceasefire.",179,2026-05-04 04:12:00,"p158","FALSE"
"c3974","User_89","israel","Discourse on social media is highly polarized and full of misinformation.",-242,2026-05-04 04:13:00,"p119","FALSE"
"c3975","User_456","worldnews","The conflict continues with heavy casualties on both sides.",282,2026-05-04 04:14:00,"p179","FALSE"
"c3976","User_705","politics","Diplomatic efforts are ongoing but progress is slow.",76,2026-05-04 04:15:00,"p6","FALSE"
"c3977","User_666","worldnews","New reports suggest a possible breakthrough in negotiations.",-19,2026-05-04 04:16:00,"p136","FALSE"
"c3978","User_618","politics","Historical context is essential to understand the current escalation.",-103,2026-05-04 04:17:00,"p397","FALSE"
"c3979","User_6","news","The conflict continues with heavy casualties on both sides.",171,2026-05-04 04:18:00,"p393","FALSE"
"c3980","User_142","worldnews","Diplomatic efforts are ongoing but progress is slow.",132,2026-05-04 04:19:00,"p268","TRUE"
"c3981","User_543","palestine","Discourse on social media is highly polarized and full of misinformation.",214,2026-05-04 04:20:00,"p94","TRUE"
"c3982","User_693","MiddleEastHistory","New reports suggest a possible breakthrough in negotiations.",16,2026-05-04 04:21:00,"p151","FALSE"
"c3983","User_560","worldnews","International community calls for an immediate ceasefire.",123,2026-05-04 04:22:00,"p142","FALSE"
"c3984","User_377","palestine","Protests are spreading globally in support of humanitarian aid.",58,2026-05-04 04:23:00,"p320","FALSE"
"c3985","User_6","news","The role of international organizations is being questioned.",102,2026-05-04 04:24:00,"p265","FALSE"
"c3986","User_628","palestine","The conflict continues with heavy casualties on both sides.",29,2026-05-04 04:25:00,"p325","FALSE"
"c3987","User_446","worldnews","New reports suggest a possible breakthrough in negotiations.",-41,2026-05-04 04:26:00,"p30","FALSE"
"c3988","User_625","palestine","The role of international organizations is being questioned.",-128,2026-05-04 04:27:00,"p357","TRUE"
"c3989","User_224","worldnews","The role of international organizations is being questioned.",-13,2026-05-04 04:28:00,"p267","FALSE"
"c3990","User_412","worldnews","Public opinion is deeply divided on the best path to peace.",117,2026-05-04 04:29:00,"p150","FALSE"
"c3991","User_94","worldnews","Public opinion is deeply divided on the best path to peace.",-74,2026-05-04 04:30:00,"p316","FALSE"
"c3992","User_144","israel","Public opinion is deeply divided on the best path to peace.",120,2026-05-04 04:31:00,"p21","FALSE"
"c3993","User_237","israel","New reports suggest a possible breakthrough in negotiations.",-190,2026-05-04 04:32:00,"p166","FALSE"
"c3994","User_368","worldnews","Protests are spreading globally in support of humanitarian aid.",-109,2026-05-04 04:33:00,"p100","TRUE"
"c3995","User_708","politics","Public opinion is deeply divided on the best path to peace.",-121,2026-05-04 04:34:00,"p341","TRUE"
"c3996","User_148","news","Security measures are being tightened in the region.",191,2026-05-04 04:35:00,"p335","FALSE"
"c3997","User_638","worldnews","New reports suggest a possible breakthrough in negotiations.",144,2026-05-04 04:36:00,"p336","TRUE"
"c3998","User_575","palestine","New reports suggest a possible breakthrough in negotiations.",107,2026-05-04 04:37:00,"p285","FALSE"
"c3999","User_617","politics","The role of international organizations is being questioned.",366,2026-05-04 04:38:00,"p333","FALSE"
"c4000","User_258","palestine","Historical context is essential to understand the current escalation.",119,2026-05-04 04:39:00,"p337","FALSE"
"c4001","User_108","palestine","Public opinion is deeply divided on the best path to peace.",-86,2026-05-04 04:40:00,"p302","FALSE"
"c4002","User_332","israel","Civilians are paying the highest price in this long-standing conflict.",45,2026-05-04 04:41:00,"p46","FALSE"
"c4003","User_571","worldnews","Security measures are being tightened in the region.",229,2026-05-04 04:42:00,"p88","FALSE"
"c4004","User_737","worldnews","The conflict continues with heavy casualties on both sides.",-13,2026-05-04 04:43:00,"p331","FALSE"
"c4005","User_588","palestine","Public opinion is deeply divided on the best path to peace.",61,2026-05-04 04:44:00,"p209","FALSE"
"c4006","User_511","politics","Protests are spreading globally in support of humanitarian aid.",165,2026-05-04 04:45:00,"p389","FALSE"
"c4007","User_328","israel","The role of international organizations is being questioned.",352,2026-05-04 04:46:00,"p99","TRUE"
"c4008","User_616","worldnews","Historical context is essential to understand the current escalation.",132,2026-05-04 04:47:00,"p100","FALSE"
"c4009","User_667","worldnews","Diplomatic efforts are ongoing but progress is slow.",260,2026-05-04 04:48:00,"p186","FALSE"
"c4010","User_649","worldnews","The conflict continues with heavy casualties on both sides.",56,2026-05-04 04:49:00,"p201","FALSE"
"c4011","User_282","israel","New reports suggest a possible breakthrough in negotiations.",20,2026-05-04 04:50:00,"p173","FALSE"
"c4012","User_230","israel","Historical context is essential to understand the current escalation.",-21,2026-05-04 04:51:00,"p207","TRUE"
"c4013","User_731","israel","Diplomatic efforts are ongoing but progress is slow.",29,2026-05-04 04:52:00,"p32","FALSE"
"c4014","User_369","worldnews","Diplomatic efforts are ongoing but progress is slow.",146,2026-05-04 04:53:00,"p318","FALSE"
"c4015","User_158","MiddleEastHistory","Security measures are being tightened in the region.",196,2026-05-04 04:54:00,"p252","TRUE"
"c4016","User_464","worldnews","The role of international organizations is being questioned.",178,2026-05-04 04:55:00,"p175","FALSE"
"c4017","User_186","news","Civilians are paying the highest price in this long-standing conflict.",-145,2026-05-04 04:56:00,"p126","FALSE"
"c4018","User_325","MiddleEastHistory","Protests are spreading globally in support of humanitarian aid.",-98,2026-05-04 04:57:00,"p334","FALSE"
"c4019","User_491","israel","Civilians are paying the highest price in this long-standing conflict.",-38,2026-05-04 04:58:00,"p69","FALSE"
"c4020","User_578","worldnews","Protests are spreading globally in support of humanitarian aid.",-22,2026-05-04 04:59:00,"p9","TRUE"
"c4021","User_333","palestine","The conflict continues with heavy casualties on both sides.",27,2026-05-04 05:00:00,"p371","TRUE"
"c4022","User_439","worldnews","The conflict continues with heavy casualties on both sides.",-130,2026-05-04 05:01:00,"p20","TRUE"
"c4023","User_176","politics","Security measures are being tightened in the region.",-32,2026-05-04 05:02:00,"p267","FALSE"
"c4024","User_421","worldnews","Economic impact of the war is being felt across the Middle East.",-37,2026-05-04 05:03:00,"p134","TRUE"
"c4025","User_790","MiddleEastHistory","Diplomatic efforts are ongoing but progress is slow.",17,2026-05-04 05:04:00,"p399","FALSE"
"c4026","User_645","palestine","Discourse on social media is highly polarized and full of misinformation.",98,2026-05-04 05:05:00,"p213","FALSE"
"c4027","User_32","MiddleEastHistory","Discourse on social media is highly polarized and full of misinformation.",-75,2026-05-04 05:06:00,"p244","FALSE"
"c4028","User_238","politics","Security measures are being tightened in the region.",-57,2026-05-04 05:07:00,"p280","FALSE"
"c4029","User_645","israel","Protests are spreading globally in support of humanitarian aid.",243,2026-05-04 05:08:00,"p12","FALSE"
"c4030","User_796","palestine","Security measures are being tightened in the region.",24,2026-05-04 05:09:00,"p369","FALSE"
"c4031","User_797","palestine","Discourse on social media is highly polarized and full of misinformation.",-150,2026-05-04 05:10:00,"p99","FALSE"
"c4032","User_422","palestine","Diplomatic efforts are ongoing but progress is slow.",-106,2026-05-04 05:11:00,"p369","TRUE"
"c4033","User_257","MiddleEastHistory","International community calls for an immediate ceasefire.",-10,2026-05-04 05:12:00,"p260","FALSE"
"c4034","User_194","palestine","Economic impact of the war is being felt across the Middle East.",-94,2026-05-04 05:13:00,"p364","TRUE"
"c4035","User_469","MiddleEastHistory","Security measures are being tightened in the region.",141,2026-05-04 05:14:00,"p123","FALSE"
"c4036","User_283","palestine","The conflict continues with heavy casualties on both sides.",-10,2026-05-04 05:15:00,"p83","FALSE"
"c4037","User_773","palestine","Security measures are being tightened in the region.",157,2026-05-04 05:16:00,"p128","FALSE"
"c4038","User_495","worldnews","Economic impact of the war is being felt across the Middle East.",-77,2026-05-04 05:17:00,"p164","FALSE"
"c4039","User_337","israel","International community calls for an immediate ceasefire.",-15,2026-05-04 05:18:00,"p328","FALSE"
"c4040","User_183","worldnews","Diplomatic efforts are ongoing but progress is slow.",-6,2026-05-04 05:19:00,"p221","FALSE"
"c4041","User_203","politics","Historical context is essential to understand the current escalation.",-146,2026-05-04 05:20:00,"p392","FALSE"
"c4042","User_204","israel","The role of international organizations is being questioned.",-49,2026-05-04 05:21:00,"p265","FALSE"
"c4043","User_340","politics","Civilians are paying the highest price in this long-standing conflict.",-22,2026-05-04 05:22:00,"p120","FALSE"
"c4044","User_632","news","Historical context is essential to understand the current escalation.",-127,2026-05-04 05:23:00,"p231","FALSE"
"c4045","User_244","worldnews","Public opinion is deeply divided on the best path to peace.",212,2026-05-04 05:24:00,"p14","FALSE"
"c4046","User_786","politics","The role of international organizations is being questioned.",85,2026-05-04 05:25:00,"p161","FALSE"
"c4047","User_643","news","New reports suggest a possible breakthrough in negotiations.",32,2026-05-04 05:26:00,"p224","FALSE"
"c4048","User_40","israel","The role of international organizations is being questioned.",-175,2026-05-04 05:27:00,"p102","FALSE"
"c4049","User_215","worldnews","Civilians are paying the highest price in this long-standing conflict.",-105,2026-05-04 05:28:00,"p50","FALSE"
"c4050","User_744","worldnews","Security measures are being tightened in the region.",142,2026-05-04 05:29:00,"p165","FALSE"
"c4051","User_704","news","The conflict continues with heavy casualties on both sides.",557,2026-05-04 05:30:00,"p273","FALSE"
"c4052","User_210","worldnews","Civilians are paying the highest price in this long-standing conflict.",-202,2026-05-04 05:31:00,"p334","FALSE"
"c4053","User_132","worldnews","Civilians are paying the highest price in this long-standing conflict.",-195,2026-05-04 05:32:00,"p350","FALSE"
"c4054","User_578","israel","The role of international organizations is being questioned.",46,2026-05-04 05:33:00,"p274","FALSE"
"c4055","User_565","politics","Historical context is essential to understand the current escalation.",57,2026-05-04 05:34:00,"p362","FALSE"
"c4056","User_794","politics","Diplomatic efforts are ongoing but progress is slow.",-40,2026-05-04 05:35:00,"p15","FALSE"
"c4057","User_601","politics","Public opinion is deeply divided on the best path to peace.",26,2026-05-04 05:36:00,"p311","FALSE"
"c4058","User_273","israel","International community calls for an immediate ceasefire.",320,2026-05-04 05:37:00,"p59","FALSE"
"c4059","User_582","news","Public opinion is deeply divided on the best path to peace.",-19,2026-05-04 05:38:00,"p31","FALSE"
"c4060","User_462","israel","New reports suggest a possible breakthrough in negotiations.",221,2026-05-04 05:39:00,"p50","TRUE"
"c4061","User_586","worldnews","Security measures are being tightened in the region.",76,2026-05-04 05:40:00,"p328","FALSE"
"c4062","User_403","israel","Historical context is essential to understand the current escalation.",-14,2026-05-04 05:41:00,"p102","FALSE"
"c4063","User_462","palestine","Historical context is essential to understand the current escalation.",100,2026-05-04 05:42:00,"p297","FALSE"
"c4064","User_123","worldnews","Civilians are paying the highest price in this long-standing conflict.",-3,2026-05-04 05:43:00,"p155","FALSE"
"c4065","User_397","palestine","Civilians are paying the highest price in this long-standing conflict.",38,2026-05-04 05:44:00,"p340","FALSE"
"c4066","User_370","israel","Historical context is essential to understand the current escalation.",-227,2026-05-04 05:45:00,"p51","TRUE"
"c4067","User_667","palestine","Economic impact of the war is being felt across the Middle East.",-7,2026-05-04 05:46:00,"p395","FALSE"
"c4068","User_506","palestine","New reports suggest a possible breakthrough in negotiations.",-232,2026-05-04 05:47:00,"p351","FALSE"
"c4069","User_308","news","Discourse on social media is highly polarized and full of misinformation.",200,2026-05-04 05:48:00,"p358","FALSE"
"c4070","User_282","israel","International community calls for an immediate ceasefire.",-112,2026-05-04 05:49:00,"p173","FALSE"
"c4071","User_255","worldnews","Economic impact of the war is being felt across the Middle East.",311,2026-05-04 05:50:00,"p251","FALSE"
"c4072","User_126","israel","International community calls for an immediate ceasefire.",257,2026-05-04 05:51:00,"p345","FALSE"
"c4073","User_310","worldnews","Civilians are paying the highest price in this long-standing conflict.",164,2026-05-04 05:52:00,"p72","FALSE"
"c4074","User_522","worldnews","The role of international organizations is being questioned.",4,2026-05-04 05:53:00,"p42","FALSE"
"c4075","User_79","politics","Discourse on social media is highly polarized and full of misinformation.",15,2026-05-04 05:54:00,"p236","TRUE"
"c4076","User_22","politics","The conflict continues with heavy casualties on both sides.",-33,2026-05-04 05:55:00,"p152","FALSE"
"c4077","User_279","politics","Civilians are paying the highest price in this long-standing conflict.",38,2026-05-04 05:56:00,"p172","FALSE"
"c4078","User_361","palestine","The role of international organizations is being questioned.",106,2026-05-04 05:57:00,"p359","FALSE"
"c4079","User_617","worldnews","Protests are spreading globally in support of humanitarian aid.",-7,2026-05-04 05:58:00,"p220","FALSE"
"c4080","User_534","worldnews","Protests are spreading globally in support of humanitarian aid.",97,2026-05-04 05:59:00,"p115","TRUE"
"c4081","User_460","palestine","International community calls for an immediate ceasefire.",93,2026-05-04 06:00:00,"p315","FALSE"
"c4082","User_684","MiddleEastHistory","Security measures are being tightened in the region.",151,2026-05-04 06:01:00,"p380","FALSE"
"c4083","User_58","palestine","Security measures are being tightened in the region.",138,2026-05-04 06:02:00,"p327","TRUE"
"c4084","User_519","worldnews","Discourse on social media is highly polarized and full of misinformation.",-67,2026-05-04 06:03:00,"p294","FALSE"
"c4085","User_389","israel","Historical context is essential to understand the current escalation.",234,2026-05-04 06:04:00,"p323","FALSE"
"c4086","User_86","worldnews","The role of international organizations is being questioned.",96,2026-05-04 06:05:00,"p318","FALSE"
"c4087","User_703","israel","Economic impact of the war is being felt across the Middle East.",120,2026-05-04 06:06:00,"p231","TRUE"
"c4088","User_421","worldnews","The conflict continues with heavy casualties on both sides.",-205,2026-05-04 06:07:00,"p268","TRUE"
"c4089","User_634","politics","Protests are spreading globally in support of humanitarian aid.",7,2026-05-04 06:08:00,"p49","FALSE"
"c4090","User_62","news","Discourse on social media is highly polarized and full of misinformation.",117,2026-05-04 06:09:00,"p152","FALSE"
"c4091","User_304","MiddleEastHistory","The conflict continues with heavy casualties on both sides.",273,2026-05-04 06:10:00,"p69","FALSE"
"c4092","User_272","worldnews","The role of international organizations is being questioned.",-176,2026-05-04 06:11:00,"p48","FALSE"
"c4093","User_663","worldnews","The conflict continues with heavy casualties on both sides.",202,2026-05-04 06:12:00,"p164","TRUE"
"c4094","User_637","MiddleEastHistory","International community calls for an immediate ceasefire.",-204,2026-05-04 06:13:00,"p70","TRUE"
"c4095","User_283","worldnews","Public opinion is deeply divided on the best path to peace.",21,2026-05-04 06:14:00,"p167","FALSE"
"c4096","User_59","israel","Economic impact of the war is being felt across the Middle East.",35,2026-05-04 06:15:00,"p354","FALSE"
"c4097","User_698","israel","Economic impact of the war is being felt across the Middle East.",-71,2026-05-04 06:16:00,"p332","FALSE"
"c4098","User_338","palestine","International community calls for an immediate ceasefire.",183,2026-05-04 06:17:00,"p14","FALSE"
"c4099","User_692","israel","Historical context is essential to understand the current escalation.",123,2026-05-04 06:18:00,"p220","TRUE"
"c4100","User_27","palestine","The role of international organizations is being questioned.",-26,2026-05-04 06:19:00,"p236","FALSE"
"c4101","User_195","MiddleEastHistory","Security measures are being tightened in the region.",229,2026-05-04 06:20:00,"p118","TRUE"
"c4102","User_28","worldnews","Protests are spreading globally in support of humanitarian aid.",95,2026-05-04 06:21:00,"p75","FALSE"
"c4103","User_76","MiddleEastHistory","Diplomatic efforts are ongoing but progress is slow.",-39,2026-05-04 06:22:00,"p392","FALSE"
"c4104","User_305","worldnews","Security measures are being tightened in the region.",-130,2026-05-04 06:23:00,"p11","TRUE"
"c4105","User_661","worldnews","Diplomatic efforts are ongoing but progress is slow.",-36,2026-05-04 06:24:00,"p220","FALSE"
"c4106","User_746","MiddleEastHistory","Diplomatic efforts are ongoing but progress is slow.",-155,2026-05-04 06:25:00,"p111","FALSE"
"c4107","User_627","palestine","Public opinion is deeply divided on the best path to peace.",-85,2026-05-04 06:26:00,"p258","FALSE"
"c4108","User_71","israel","Diplomatic efforts are ongoing but progress is slow.",215,2026-05-04 06:27:00,"p251","FALSE"
"c4109","User_486","palestine","New reports suggest a possible breakthrough in negotiations.",-46,2026-05-04 06:28:00,"p189","FALSE"
"c4110","User_625","worldnews","The conflict continues with heavy casualties on both sides.",166,2026-05-04 06:29:00,"p245","FALSE"
"c4111","User_396","news","Diplomatic efforts are ongoing but progress is slow.",-54,2026-05-04 06:30:00,"p371","FALSE"
"c4112","User_700","politics","The conflict continues with heavy casualties on both sides.",119,2026-05-04 06:31:00,"p260","FALSE"
"c4113","User_81","worldnews","The conflict continues with heavy casualties on both sides.",-271,2026-05-04 06:32:00,"p355","FALSE"
"c4114","User_3","worldnews","Historical context is essential to understand the current escalation.",-117,2026-05-04 06:33:00,"p48","TRUE"
"c4115","User_14","MiddleEastHistory","Civilians are paying the highest price in this long-standing conflict.",-104,2026-05-04 06:34:00,"p231","FALSE"
"c4116","User_507","news","International community calls for an immediate ceasefire.",70,2026-05-04 06:35:00,"p111","FALSE"
"c4117","User_52","news","Public opinion is deeply divided on the best path to peace.",125,2026-05-04 06:36:00,"p232","FALSE"
"c4118","User_69","news","Protests are spreading globally in support of humanitarian aid.",-6,2026-05-04 06:37:00,"p166","FALSE"
"c4119","User_255","worldnews","New reports suggest a possible breakthrough in negotiations.",52,2026-05-04 06:38:00,"p393","FALSE"
"c4120","User_515","palestine","Historical context is essential to understand the current escalation.",-41,2026-05-04 06:39:00,"p61","FALSE"
"c4121","User_137","worldnews","The role of international organizations is being questioned.",18,2026-05-04 06:40:00,"p13","FALSE"
"c4122","User_85","worldnews","Public opinion is deeply divided on the best path to peace.",43,2026-05-04 06:41:00,"p85","FALSE"
"c4123","User_615","israel","International community calls for an immediate ceasefire.",77,2026-05-04 06:42:00,"p359","FALSE"
"c4124","User_20","MiddleEastHistory","Civilians are paying the highest price in this long-standing conflict.",-100,2026-05-04 06:43:00,"p272","FALSE"
"c4125","User_260","palestine","Historical context is essential to understand the current escalation.",-245,2026-05-04 06:44:00,"p218","TRUE"
"c4126","User_380","palestine","New reports suggest a possible breakthrough in negotiations.",160,2026-05-04 06:45:00,"p116","FALSE"
"c4127","User_710","israel","International community calls for an immediate ceasefire.",111,2026-05-04 06:46:00,"p362","FALSE"
"c4128","User_201","israel","Protests are spreading globally in support of humanitarian aid.",42,2026-05-04 06:47:00,"p70","FALSE"
"c4129","User_697","MiddleEastHistory","Diplomatic efforts are ongoing but progress is slow.",-4,2026-05-04 06:48:00,"p215","TRUE"
"c4130","User_351","news","Protests are spreading globally in support of humanitarian aid.",152,2026-05-04 06:49:00,"p125","FALSE"
"c4131","User_298","worldnews","Discourse on social media is highly polarized and full of misinformation.",295,2026-05-04 06:50:00,"p50","TRUE"
"c4132","User_664","worldnews","Diplomatic efforts are ongoing but progress is slow.",-29,2026-05-04 06:51:00,"p95","FALSE"
"c4133","User_48","palestine","International community calls for an immediate ceasefire.",6,2026-05-04 06:52:00,"p13","FALSE"
"c4134","User_187","palestine","Public opinion is deeply divided on the best path to peace.",-168,2026-05-04 06:53:00,"p273","FALSE"
"c4135","User_138","palestine","New reports suggest a possible breakthrough in negotiations.",-41,2026-05-04 06:54:00,"p41","FALSE"
"c4136","User_545","worldnews","International community calls for an immediate ceasefire.",386,2026-05-04 06:55:00,"p214","TRUE"
"c4137","User_700","palestine","Public opinion is deeply divided on the best path to peace.",273,2026-05-04 06:56:00,"p264","FALSE"
"c4138","User_311","worldnews","The role of international organizations is being questioned.",27,2026-05-04 06:57:00,"p256","FALSE"
"c4139","User_447","MiddleEastHistory","International community calls for an immediate ceasefire.",-25,2026-05-04 06:58:00,"p175","FALSE"
"c4140","User_235","palestine","New reports suggest a possible breakthrough in negotiations.",-39,2026-05-04 06:59:00,"p291","FALSE"
"c4141","User_189","MiddleEastHistory","Diplomatic efforts are ongoing but progress is slow.",-40,2026-05-04 07:00:00,"p234","FALSE"
"c4142","User_620","MiddleEastHistory","Diplomatic efforts are ongoing but progress is slow.",36,2026-05-04 07:01:00,"p196","TRUE"
"c4143","User_91","news","Discourse on social media is highly polarized and full of misinformation.",194,2026-05-04 07:02:00,"p322","FALSE"
"c4144","User_102","israel","International community calls for an immediate ceasefire.",89,2026-05-04 07:03:00,"p11","FALSE"
"c4145","User_772","worldnews","Protests are spreading globally in support of humanitarian aid.",-47,2026-05-04 07:04:00,"p6","TRUE"
"c4146","User_265","israel","Security measures are being tightened in the region.",-88,2026-05-04 07:05:00,"p281","FALSE"
"c4147","User_299","israel","Historical context is essential to understand the current escalation.",-63,2026-05-04 07:06:00,"p367","FALSE"
"c4148","User_111","worldnews","Security measures are being tightened in the region.",2,2026-05-04 07:07:00,"p400","FALSE"
"c4149","User_465","israel","Protests are spreading globally in support of humanitarian aid.",131,2026-05-04 07:08:00,"p154","FALSE"
"c4150","User_432","palestine","Discourse on social media is highly polarized and full of misinformation.",-34,2026-05-04 07:09:00,"p1","FALSE"
"c4151","User_271","politics","Public opinion is deeply divided on the best path to peace.",107,2026-05-04 07:10:00,"p339","TRUE"
"c4152","User_206","palestine","International community calls for an immediate ceasefire.",149,2026-05-04 07:11:00,"p61","FALSE"
"c4153","User_238","worldnews","The conflict continues with heavy casualties on both sides.",42,2026-05-04 07:12:00,"p368","FALSE"
"c4154","User_203","palestine","The role of international organizations is being questioned.",-253,2026-05-04 07:13:00,"p80","FALSE"
"c4155","User_555","palestine","International community calls for an immediate ceasefire.",-67,2026-05-04 07:14:00,"p267","FALSE"
"c4156","User_516","worldnews","Protests are spreading globally in support of humanitarian aid.",-126,2026-05-04 07:15:00,"p296","TRUE"
"c4157","User_252","politics","New reports suggest a possible breakthrough in negotiations.",294,2026-05-04 07:16:00,"p311","FALSE"
"c4158","User_344","israel","Public opinion is deeply divided on the best path to peace.",-54,2026-05-04 07:17:00,"p362","FALSE"
"c4159","User_148","palestine","International community calls for an immediate ceasefire.",-110,2026-05-04 07:18:00,"p122","FALSE"
"c4160","User_665","news","Protests are spreading globally in support of humanitarian aid.",-95,2026-05-04 07:19:00,"p74","FALSE"
"c4161","User_50","palestine","Civilians are paying the highest price in this long-standing conflict.",98,2026-05-04 07:20:00,"p229","FALSE"
"c4162","User_364","worldnews","Security measures are being tightened in the region.",113,2026-05-04 07:21:00,"p200","FALSE"
"c4163","User_649","palestine","New reports suggest a possible breakthrough in negotiations.",-159,2026-05-04 07:22:00,"p399","FALSE"
"c4164","User_274","israel","Security measures are being tightened in the region.",44,2026-05-04 07:23:00,"p152","FALSE"
"c4165","User_13","news","The conflict continues with heavy casualties on both sides.",-87,2026-05-04 07:24:00,"p176","FALSE"
"c4166","User_699","MiddleEastHistory","The role of international organizations is being questioned.",99,2026-05-04 07:25:00,"p389","TRUE"
"c4167","User_436","politics","The role of international organizations is being questioned.",79,2026-05-04 07:26:00,"p119","FALSE"
"c4168","User_782","worldnews","Discourse on social media is highly polarized and full of misinformation.",90,2026-05-04 07:27:00,"p264","FALSE"
"c4169","User_264","politics","Security measures are being tightened in the region.",-41,2026-05-04 07:28:00,"p192","FALSE"
"c4170","User_84","palestine","New reports suggest a possible breakthrough in negotiations.",232,2026-05-04 07:29:00,"p199","TRUE"
"c4171","User_294","MiddleEastHistory","Diplomatic efforts are ongoing but progress is slow.",-122,2026-05-04 07:30:00,"p56","FALSE"
"c4172","User_713","MiddleEastHistory","Security measures are being tightened in the region.",51,2026-05-04 07:31:00,"p301","FALSE"
"c4173","User_471","israel","Civilians are paying the highest price in this long-standing conflict.",52,2026-05-04 07:32:00,"p305","FALSE"
"c4174","User_439","worldnews","Protests are spreading globally in support of humanitarian aid.",-253,2026-05-04 07:33:00,"p262","FALSE"
"c4175","User_701","israel","The role of international organizations is being questioned.",95,2026-05-04 07:34:00,"p91","FALSE"
"c4176","User_677","palestine","The conflict continues with heavy casualties on both sides.",26,2026-05-04 07:35:00,"p50","FALSE"
"c4177","User_329","worldnews","Historical context is essential to understand the current escalation.",-45,2026-05-04 07:36:00,"p16","TRUE"
"c4178","User_128","palestine","Public opinion is deeply divided on the best path to peace.",84,2026-05-04 07:37:00,"p296","FALSE"
"c4179","User_767","news","The conflict continues with heavy casualties on both sides.",59,2026-05-04 07:38:00,"p302","FALSE"
"c4180","User_268","worldnews","Security measures are being tightened in the region.",-284,2026-05-04 07:39:00,"p177","FALSE"
"c4181","User_538","MiddleEastHistory","The conflict continues with heavy casualties on both sides.",300,2026-05-04 07:40:00,"p294","FALSE"
"c4182","User_394","worldnews","Security measures are being tightened in the region.",-23,2026-05-04 07:41:00,"p269","FALSE"
"c4183","User_589","worldnews","Discourse on social media is highly polarized and full of misinformation.",234,2026-05-04 07:42:00,"p234","FALSE"
"c4184","User_563","worldnews","The role of international organizations is being questioned.",129,2026-05-04 07:43:00,"p232","FALSE"
"c4185","User_706","israel","Diplomatic efforts are ongoing but progress is slow.",341,2026-05-04 07:44:00,"p195","FALSE"
"c4186","User_170","news","The conflict continues with heavy casualties on both sides.",1,2026-05-04 07:45:00,"p294","FALSE"
"c4187","User_515","israel","The role of international organizations is being questioned.",-16,2026-05-04 07:46:00,"p128","FALSE"
"c4188","User_716","worldnews","Security measures are being tightened in the region.",207,2026-05-04 07:47:00,"p214","FALSE"
"c4189","User_22","worldnews","Discourse on social media is highly polarized and full of misinformation.",283,2026-05-04 07:48:00,"p20","FALSE"
"c4190","User_287","palestine","Civilians are paying the highest price in this long-standing conflict.",27,2026-05-04 07:49:00,"p148","TRUE"
"c4191","User_261","politics","Economic impact of the war is being felt across the Middle East.",26,2026-05-04 07:50:00,"p145","FALSE"
"c4192","User_308","palestine","Civilians are paying the highest price in this long-standing conflict.",159,2026-05-04 07:51:00,"p31","TRUE"
"c4193","User_407","palestine","The conflict continues with heavy casualties on both sides.",272,2026-05-04 07:52:00,"p127","FALSE"
"c4194","User_605","israel","Economic impact of the war is being felt across the Middle East.",-75,2026-05-04 07:53:00,"p123","FALSE"
"c4195","User_149","news","Discourse on social media is highly polarized and full of misinformation.",310,2026-05-04 07:54:00,"p256","FALSE"
"c4196","User_750","palestine","Historical context is essential to understand the current escalation.",-5,2026-05-04 07:55:00,"p264","FALSE"
"c4197","User_165","israel","The role of international organizations is being questioned.",64,2026-05-04 07:56:00,"p2","FALSE"
"c4198","User_262","palestine","The conflict continues with heavy casualties on both sides.",-162,2026-05-04 07:57:00,"p322","TRUE"
"c4199","User_134","MiddleEastHistory","Civilians are paying the highest price in this long-standing conflict.",140,2026-05-04 07:58:00,"p264","FALSE"
"c4200","User_442","palestine","The role of international organizations is being questioned.",124,2026-05-04 07:59:00,"p10","FALSE"
"c4201","User_169","israel","Discourse on social media is highly polarized and full of misinformation.",-25,2026-05-04 08:00:00,"p301","FALSE"
"c4202","User_474","politics","The role of international organizations is being questioned.",-120,2026-05-04 08:01:00,"p307","FALSE"
"c4203","User_80","worldnews","Historical context is essential to understand the current escalation.",118,2026-05-04 08:02:00,"p141","FALSE"
"c4204","User_408","news","Civilians are paying the highest price in this long-standing conflict.",165,2026-05-04 08:03:00,"p355","FALSE"
"c4205","User_625","worldnews","The conflict continues with heavy casualties on both sides.",-51,2026-05-04 08:04:00,"p257","TRUE"
"c4206","User_318","israel","The conflict continues with heavy casualties on both sides.",150,2026-05-04 08:05:00,"p232","FALSE"
"c4207","User_421","worldnews","Public opinion is deeply divided on the best path to peace.",81,2026-05-04 08:06:00,"p109","TRUE"
"c4208","User_275","MiddleEastHistory","New reports suggest a possible breakthrough in negotiations.",27,2026-05-04 08:07:00,"p62","FALSE"
"c4209","User_586","worldnews","Protests are spreading globally in support of humanitarian aid.",-8,2026-05-04 08:08:00,"p47","FALSE"
"c4210","User_9","news","International community calls for an immediate ceasefire.",3,2026-05-04 08:09:00,"p61","FALSE"
"c4211","User_233","politics","Civilians are paying the highest price in this long-standing conflict.",235,2026-05-04 08:10:00,"p97","FALSE"
"c4212","User_375","MiddleEastHistory","The conflict continues with heavy casualties on both sides.",266,2026-05-04 08:11:00,"p153","FALSE"
"c4213","User_759","MiddleEastHistory","Protests are spreading globally in support of humanitarian aid.",-75,2026-05-04 08:12:00,"p67","TRUE"
"c4214","User_105","worldnews","New reports suggest a possible breakthrough in negotiations.",-151,2026-05-04 08:13:00,"p315","FALSE"
"c4215","User_208","worldnews","Diplomatic efforts are ongoing but progress is slow.",-115,2026-05-04 08:14:00,"p145","FALSE"
"c4216","User_5","politics","Historical context is essential to understand the current escalation.",133,2026-05-04 08:15:00,"p391","FALSE"
"c4217","User_621","worldnews","New reports suggest a possible breakthrough in negotiations.",320,2026-05-04 08:16:00,"p251","FALSE"
"c4218","User_443","worldnews","International community calls for an immediate ceasefire.",-19,2026-05-04 08:17:00,"p217","FALSE"
"c4219","User_551","palestine","Diplomatic efforts are ongoing but progress is slow.",237,2026-05-04 08:18:00,"p127","FALSE"
"c4220","User_268","worldnews","Protests are spreading globally in support of humanitarian aid.",-343,2026-05-04 08:19:00,"p62","FALSE"
"c4221","User_372","news","Security measures are being tightened in the region.",-2,2026-05-04 08:20:00,"p364","TRUE"
"c4222","User_144","worldnews","The conflict continues with heavy casualties on both sides.",176,2026-05-04 08:21:00,"p91","FALSE"
"c4223","User_716","palestine","Civilians are paying the highest price in this long-standing conflict.",16,2026-05-04 08:22:00,"p103","FALSE"
"c4224","User_144","worldnews","The role of international organizations is being questioned.",146,2026-05-04 08:23:00,"p30","FALSE"
"c4225","User_222","worldnews","Security measures are being tightened in the region.",-59,2026-05-04 08:24:00,"p162","FALSE"
"c4226","User_56","worldnews","The role of international organizations is being questioned.",70,2026-05-04 08:25:00,"p263","FALSE"
"c4227","User_336","news","The conflict continues with heavy casualties on both sides.",70,2026-05-04 08:26:00,"p229","FALSE"
"c4228","User_78","news","Discourse on social media is highly polarized and full of misinformation.",269,2026-05-04 08:27:00,"p229","FALSE"
"c4229","User_252","palestine","The conflict continues with heavy casualties on both sides.",131,2026-05-04 08:28:00,"p360","FALSE"
"c4230","User_200","worldnews","Protests are spreading globally in support of humanitarian aid.",27,2026-05-04 08:29:00,"p214","FALSE"
"c4231","User_75","worldnews","The conflict continues with heavy casualties on both sides.",-93,2026-05-04 08:30:00,"p166","FALSE"
"c4232","User_269","worldnews","Protests are spreading globally in support of humanitarian aid.",274,2026-05-04 08:31:00,"p182","FALSE"
"c4233","User_779","politics","Security measures are being tightened in the region.",-18,2026-05-04 08:32:00,"p334","FALSE"
"c4234","User_670","worldnews","The role of international organizations is being questioned.",-115,2026-05-04 08:33:00,"p367","FALSE"
"c4235","User_649","israel","Protests are spreading globally in support of humanitarian aid.",59,2026-05-04 08:34:00,"p98","TRUE"
"c4236","User_382","worldnews","Protests are spreading globally in support of humanitarian aid.",309,2026-05-04 08:35:00,"p172","FALSE"
"c4237","User_54","worldnews","Security measures are being tightened in the region.",-77,2026-05-04 08:36:00,"p186","FALSE"
"c4238","User_199","news","Protests are spreading globally in support of humanitarian aid.",122,2026-05-04 08:37:00,"p202","FALSE"
"c4239","User_625","MiddleEastHistory","Public opinion is deeply divided on the best path to peace.",-201,2026-05-04 08:38:00,"p360","FALSE"
"c4240","User_387","israel","Discourse on social media is highly polarized and full of misinformation.",-381,2026-05-04 08:39:00,"p348","TRUE"
"c4241","User_453","politics","New reports suggest a possible breakthrough in negotiations.",121,2026-05-04 08:40:00,"p50","FALSE"
"c4242","User_571","worldnews","The conflict continues with heavy casualties on both sides.",-211,2026-05-04 08:41:00,"p258","FALSE"
"c4243","User_670","israel","Civilians are paying the highest price in this long-standing conflict.",361,2026-05-04 08:42:00,"p312","TRUE"
"c4244","User_529","israel","Discourse on social media is highly polarized and full of misinformation.",115,2026-05-04 08:43:00,"p201","TRUE"
"c4245","User_293","palestine","Public opinion is deeply divided on the best path to peace.",94,2026-05-04 08:44:00,"p386","TRUE"
"c4246","User_80","news","Historical context is essential to understand the current escalation.",139,2026-05-04 08:45:00,"p43","FALSE"
"c4247","User_621","MiddleEastHistory","Protests are spreading globally in support of humanitarian aid.",152,2026-05-04 08:46:00,"p377","FALSE"
"c4248","User_161","palestine","International community calls for an immediate ceasefire.",27,2026-05-04 08:47:00,"p357","TRUE"
"c4249","User_282","worldnews","Diplomatic efforts are ongoing but progress is slow.",93,2026-05-04 08:48:00,"p114","FALSE"
"c4250","User_16","palestine","International community calls for an immediate ceasefire.",120,2026-05-04 08:49:00,"p40","FALSE"
"c4251","User_551","worldnews","Protests are spreading globally in support of humanitarian aid.",-31,2026-05-04 08:50:00,"p384","FALSE"
"c4252","User_374","israel","New reports suggest a possible breakthrough in negotiations.",128,2026-05-04 08:51:00,"p386","FALSE"
"c4253","User_426","worldnews","Civilians are paying the highest price in this long-standing conflict.",-196,2026-05-04 08:52:00,"p92","FALSE"
"c4254","User_137","palestine","Public opinion is deeply divided on the best path to peace.",-17,2026-05-04 08:53:00,"p212","FALSE"
"c4255","User_761","worldnews","Historical context is essential to understand the current escalation.",400,2026-05-04 08:54:00,"p188","FALSE"
"c4256","User_757","MiddleEastHistory","Economic impact of the war is being felt across the Middle East.",8,2026-05-04 08:55:00,"p279","FALSE"
"c4257","User_44","news","Diplomatic efforts are ongoing but progress is slow.",66,2026-05-04 08:56:00,"p195","FALSE"
"c4258","User_765","israel","Protests are spreading globally in support of humanitarian aid.",-91,2026-05-04 08:57:00,"p361","FALSE"
"c4259","User_538","israel","Protests are spreading globally in support of humanitarian aid.",-15,2026-05-04 08:58:00,"p165","FALSE"
"c4260","User_45","israel","Economic impact of the war is being felt across the Middle East.",-238,2026-05-04 08:59:00,"p78","FALSE"
"c4261","User_511","politics","Discourse on social media is highly polarized and full of misinformation.",105,2026-05-04 09:00:00,"p165","FALSE"
"c4262","User_270","israel","Security measures are being tightened in the region.",-292,2026-05-04 09:01:00,"p207","TRUE"
"c4263","User_439","israel","Protests are spreading globally in support of humanitarian aid.",122,2026-05-04 09:02:00,"p20","FALSE"
"c4264","User_26","israel","International community calls for an immediate ceasefire.",57,2026-05-04 09:03:00,"p46","FALSE"
"c4265","User_1","palestine","Economic impact of the war is being felt across the Middle East.",143,2026-05-04 09:04:00,"p336","TRUE"
"c4266","User_539","palestine","New reports suggest a possible breakthrough in negotiations.",150,2026-05-04 09:05:00,"p67","FALSE"
"c4267","User_398","worldnews","Diplomatic efforts are ongoing but progress is slow.",92,2026-05-04 09:06:00,"p280","FALSE"
"c4268","User_425","palestine","Civilians are paying the highest price in this long-standing conflict.",158,2026-05-04 09:07:00,"p392","FALSE"
"c4269","User_78","news","Security measures are being tightened in the region.",169,2026-05-04 09:08:00,"p159","FALSE"
"c4270","User_512","palestine","The conflict continues with heavy casualties on both sides.",-25,2026-05-04 09:09:00,"p154","FALSE"
"c4271","User_573","politics","International community calls for an immediate ceasefire.",127,2026-05-04 09:10:00,"p319","TRUE"
"c4272","User_371","worldnews","Economic impact of the war is being felt across the Middle East.",-97,2026-05-04 09:11:00,"p145","TRUE"
"c4273","User_721","politics","International community calls for an immediate ceasefire.",106,2026-05-04 09:12:00,"p178","TRUE"
"c4274","User_212","worldnews","Historical context is essential to understand the current escalation.",-31,2026-05-04 09:13:00,"p15","FALSE"
"c4275","User_147","israel","The conflict continues with heavy casualties on both sides.",43,2026-05-04 09:14:00,"p128","FALSE"
"c4276","User_450","news","Security measures are being tightened in the region.",75,2026-05-04 09:15:00,"p23","FALSE"
"c4277","User_218","MiddleEastHistory","Historical context is essential to understand the current escalation.",186,2026-05-04 09:16:00,"p353","FALSE"
"c4278","User_35","palestine","New reports suggest a possible breakthrough in negotiations.",-267,2026-05-04 09:17:00,"p268","FALSE"
"c4279","User_709","israel","Security measures are being tightened in the region.",-249,2026-05-04 09:18:00,"p42","FALSE"
"c4280","User_389","MiddleEastHistory","Security measures are being tightened in the region.",-65,2026-05-04 09:19:00,"p385","FALSE"
"c4281","User_2","news","The role of international organizations is being questioned.",62,2026-05-04 09:20:00,"p56","FALSE"
"c4282","User_389","news","New reports suggest a possible breakthrough in negotiations.",-45,2026-05-04 09:21:00,"p124","FALSE"
"c4283","User_195","worldnews","The role of international organizations is being questioned.",173,2026-05-04 09:22:00,"p160","FALSE"
"c4284","User_227","news","Security measures are being tightened in the region.",25,2026-05-04 09:23:00,"p380","FALSE"
"c4285","User_368","worldnews","Historical context is essential to understand the current escalation.",238,2026-05-04 09:24:00,"p23","TRUE"
"c4286","User_635","politics","Civilians are paying the highest price in this long-standing conflict.",31,2026-05-04 09:25:00,"p352","FALSE"
"c4287","User_397","news","Historical context is essential to understand the current escalation.",158,2026-05-04 09:26:00,"p56","TRUE"
"c4288","User_734","MiddleEastHistory","Diplomatic efforts are ongoing but progress is slow.",-196,2026-05-04 09:27:00,"p281","FALSE"
"c4289","User_700","news","International community calls for an immediate ceasefire.",231,2026-05-04 09:28:00,"p23","FALSE"
"c4290","User_614","israel","Discourse on social media is highly polarized and full of misinformation.",-41,2026-05-04 09:29:00,"p72","FALSE"
"c4291","User_506","worldnews","The conflict continues with heavy casualties on both sides.",426,2026-05-04 09:30:00,"p172","FALSE"
"c4292","User_9","worldnews","Protests are spreading globally in support of humanitarian aid.",-3,2026-05-04 09:31:00,"p256","FALSE"
"c4293","User_283","palestine","Discourse on social media is highly polarized and full of misinformation.",-120,2026-05-04 09:32:00,"p21","FALSE"
"c4294","User_324","worldnews","The role of international organizations is being questioned.",153,2026-05-04 09:33:00,"p88","TRUE"
"c4295","User_321","worldnews","Diplomatic efforts are ongoing but progress is slow.",120,2026-05-04 09:34:00,"p241","FALSE"
"c4296","User_5","israel","Security measures are being tightened in the region.",-339,2026-05-04 09:35:00,"p113","FALSE"
"c4297","User_721","politics","Historical context is essential to understand the current escalation.",-40,2026-05-04 09:36:00,"p52","FALSE"
"c4298","User_637","israel","Diplomatic efforts are ongoing but progress is slow.",314,2026-05-04 09:37:00,"p166","FALSE"
"c4299","User_347","palestine","Public opinion is deeply divided on the best path to peace.",267,2026-05-04 09:38:00,"p117","FALSE"
"c4300","User_711","worldnews","The role of international organizations is being questioned.",-205,2026-05-04 09:39:00,"p372","FALSE"
"c4301","User_507","worldnews","The conflict continues with heavy casualties on both sides.",81,2026-05-04 09:40:00,"p302","FALSE"
"c4302","User_86","MiddleEastHistory","Public opinion is deeply divided on the best path to peace.",158,2026-05-04 09:41:00,"p213","FALSE"
"c4303","User_195","israel","Economic impact of the war is being felt across the Middle East.",370,2026-05-04 09:42:00,"p353","FALSE"
"c4304","User_714","palestine","Civilians are paying the highest price in this long-standing conflict.",111,2026-05-04 09:43:00,"p177","TRUE"
"c4305","User_137","israel","New reports suggest a possible breakthrough in negotiations.",391,2026-05-04 09:44:00,"p259","FALSE"
"c4306","User_345","news","Civilians are paying the highest price in this long-standing conflict.",83,2026-05-04 09:45:00,"p107","FALSE"
"c4307","User_475","israel","The conflict continues with heavy casualties on both sides.",-6,2026-05-04 09:46:00,"p101","TRUE"
"c4308","User_500","israel","Protests are spreading globally in support of humanitarian aid.",-94,2026-05-04 09:47:00,"p61","FALSE"
"c4309","User_646","MiddleEastHistory","Security measures are being tightened in the region.",-136,2026-05-04 09:48:00,"p197","FALSE"
"c4310","User_233","israel","The role of international organizations is being questioned.",44,2026-05-04 09:49:00,"p230","TRUE"
"c4311","User_109","news","The conflict continues with heavy casualties on both sides.",114,2026-05-04 09:50:00,"p270","FALSE"
"c4312","User_690","israel","Historical context is essential to understand the current escalation.",-25,2026-05-04 09:51:00,"p255","FALSE"
"c4313","User_529","palestine","The conflict continues with heavy casualties on both sides.",-45,2026-05-04 09:52:00,"p384","FALSE"
"c4314","User_174","news","Diplomatic efforts are ongoing but progress is slow.",257,2026-05-04 09:53:00,"p27","TRUE"
"c4315","User_608","worldnews","International community calls for an immediate ceasefire.",100,2026-05-04 09:54:00,"p85","FALSE"
"c4316","User_669","politics","International community calls for an immediate ceasefire.",96,2026-05-04 09:55:00,"p150","FALSE"
"c4317","User_53","politics","Diplomatic efforts are ongoing but progress is slow.",106,2026-05-04 09:56:00,"p235","FALSE"
"c4318","User_573","palestine","The conflict continues with heavy casualties on both sides.",69,2026-05-04 09:57:00,"p304","FALSE"
"c4319","User_461","israel","The role of international organizations is being questioned.",-22,2026-05-04 09:58:00,"p214","TRUE"
"c4320","User_438","MiddleEastHistory","Historical context is essential to understand the current escalation.",227,2026-05-04 09:59:00,"p43","FALSE"
"c4321","User_192","worldnews","The role of international organizations is being questioned.",87,2026-05-04 10:00:00,"p164","FALSE"
"c4322","User_789","news","Security measures are being tightened in the region.",-182,2026-05-04 10:01:00,"p13","FALSE"
"c4323","User_6","israel","Protests are spreading globally in support of humanitarian aid.",187,2026-05-04 10:02:00,"p266","FALSE"
"c4324","User_403","palestine","The role of international organizations is being questioned.",118,2026-05-04 10:03:00,"p1","FALSE"
"c4325","User_102","worldnews","Economic impact of the war is being felt across the Middle East.",-286,2026-05-04 10:04:00,"p178","TRUE"
"c4326","User_745","news","Historical context is essential to understand the current escalation.",12,2026-05-04 10:05:00,"p266","FALSE"
"c4327","User_386","politics","Security measures are being tightened in the region.",151,2026-05-04 10:06:00,"p101","FALSE"
"c4328","User_523","news","Civilians are paying the highest price in this long-standing conflict.",-128,2026-05-04 10:07:00,"p184","FALSE"
"c4329","User_496","MiddleEastHistory","Protests are spreading globally in support of humanitarian aid.",-198,2026-05-04 10:08:00,"p240","FALSE"
"c4330","User_514","palestine","Public opinion is deeply divided on the best path to peace.",160,2026-05-04 10:09:00,"p308","FALSE"
"c4331","User_250","politics","Discourse on social media is highly polarized and full of misinformation.",167,2026-05-04 10:10:00,"p385","FALSE"
"c4332","User_193","palestine","Historical context is essential to understand the current escalation.",152,2026-05-04 10:11:00,"p324","FALSE"
"c4333","User_61","news","Security measures are being tightened in the region.",203,2026-05-04 10:12:00,"p245","TRUE"
"c4334","User_169","MiddleEastHistory","Public opinion is deeply divided on the best path to peace.",159,2026-05-04 10:13:00,"p100","FALSE"
"c4335","User_98","worldnews","International community calls for an immediate ceasefire.",-101,2026-05-04 10:14:00,"p176","FALSE"
"c4336","User_412","israel","New reports suggest a possible breakthrough in negotiations.",9,2026-05-04 10:15:00,"p333","FALSE"
"c4337","User_303","worldnews","Civilians are paying the highest price in this long-standing conflict.",92,2026-05-04 10:16:00,"p356","FALSE"
"c4338","User_502","MiddleEastHistory","Historical context is essential to understand the current escalation.",-164,2026-05-04 10:17:00,"p115","FALSE"
"c4339","User_730","worldnews","The role of international organizations is being questioned.",248,2026-05-04 10:18:00,"p91","FALSE"
"c4340","User_248","palestine","International community calls for an immediate ceasefire.",89,2026-05-04 10:19:00,"p318","FALSE"
"c4341","User_305","politics","Public opinion is deeply divided on the best path to peace.",-129,2026-05-04 10:20:00,"p216","TRUE"
"c4342","User_741","palestine","Public opinion is deeply divided on the best path to peace.",-2,2026-05-04 10:21:00,"p21","FALSE"
"c4343","User_18","worldnews","Diplomatic efforts are ongoing but progress is slow.",-23,2026-05-04 10:22:00,"p116","FALSE"
"c4344","User_729","palestine","Public opinion is deeply divided on the best path to peace.",-35,2026-05-04 10:23:00,"p173","FALSE"
"c4345","User_701","news","Civilians are paying the highest price in this long-standing conflict.",-127,2026-05-04 10:24:00,"p193","FALSE"
"c4346","User_431","worldnews","Public opinion is deeply divided on the best path to peace.",203,2026-05-04 10:25:00,"p257","FALSE"
"c4347","User_771","politics","The role of international organizations is being questioned.",-310,2026-05-04 10:26:00,"p367","TRUE"
"c4348","User_153","palestine","Historical context is essential to understand the current escalation.",-31,2026-05-04 10:27:00,"p169","FALSE"
"c4349","User_89","israel","Historical context is essential to understand the current escalation.",120,2026-05-04 10:28:00,"p247","FALSE"
"c4350","User_725","israel","New reports suggest a possible breakthrough in negotiations.",13,2026-05-04 10:29:00,"p171","TRUE"
"c4351","User_205","news","New reports suggest a possible breakthrough in negotiations.",-151,2026-05-04 10:30:00,"p162","FALSE"
"c4352","User_727","worldnews","The conflict continues with heavy casualties on both sides.",-116,2026-05-04 10:31:00,"p268","FALSE"
"c4353","User_797","palestine","Diplomatic efforts are ongoing but progress is slow.",210,2026-05-04 10:32:00,"p312","FALSE"
"c4354","User_173","worldnews","Security measures are being tightened in the region.",30,2026-05-04 10:33:00,"p180","FALSE"
"c4355","User_323","israel","Diplomatic efforts are ongoing but progress is slow.",-82,2026-05-04 10:34:00,"p237","FALSE"
"c4356","User_239","worldnews","The role of international organizations is being questioned.",-29,2026-05-04 10:35:00,"p13","FALSE"
"c4357","User_530","palestine","Historical context is essential to understand the current escalation.",0,2026-05-04 10:36:00,"p92","TRUE"
"c4358","User_793","worldnews","Discourse on social media is highly polarized and full of misinformation.",-136,2026-05-04 10:37:00,"p19","FALSE"
"c4359","User_116","israel","Civilians are paying the highest price in this long-standing conflict.",-145,2026-05-04 10:38:00,"p23","FALSE"
"c4360","User_33","israel","New reports suggest a possible breakthrough in negotiations.",-51,2026-05-04 10:39:00,"p249","FALSE"
"c4361","User_508","israel","Economic impact of the war is being felt across the Middle East.",-25,2026-05-04 10:40:00,"p185","TRUE"
"c4362","User_447","palestine","The role of international organizations is being questioned.",-198,2026-05-04 10:41:00,"p195","FALSE"
"c4363","User_199","israel","The role of international organizations is being questioned.",147,2026-05-04 10:42:00,"p100","FALSE"
"c4364","User_585","worldnews","Protests are spreading globally in support of humanitarian aid.",-417,2026-05-04 10:43:00,"p392","TRUE"
"c4365","User_572","israel","New reports suggest a possible breakthrough in negotiations.",158,2026-05-04 10:44:00,"p48","FALSE"
"c4366","User_19","israel","International community calls for an immediate ceasefire.",18,2026-05-04 10:45:00,"p285","FALSE"
"c4367","User_145","palestine","Historical context is essential to understand the current escalation.",-193,2026-05-04 10:46:00,"p104","FALSE"
"c4368","User_639","israel","The role of international organizations is being questioned.",185,2026-05-04 10:47:00,"p246","FALSE"
"c4369","User_181","palestine","Diplomatic efforts are ongoing but progress is slow.",120,2026-05-04 10:48:00,"p240","FALSE"
"c4370","User_519","israel","International community calls for an immediate ceasefire.",-326,2026-05-04 10:49:00,"p45","FALSE"
"c4371","User_526","news","New reports suggest a possible breakthrough in negotiations.",269,2026-05-04 10:50:00,"p299","FALSE"
"c4372","User_728","palestine","Public opinion is deeply divided on the best path to peace.",379,2026-05-04 10:51:00,"p307","FALSE"
"c4373","User_479","israel","Discourse on social media is highly polarized and full of misinformation.",137,2026-05-04 10:52:00,"p70","FALSE"
"c4374","User_688","MiddleEastHistory","Public opinion is deeply divided on the best path to peace.",62,2026-05-04 10:53:00,"p301","TRUE"
"c4375","User_486","israel","Civilians are paying the highest price in this long-standing conflict.",207,2026-05-04 10:54:00,"p188","FALSE"
"c4376","User_179","news","The conflict continues with heavy casualties on both sides.",35,2026-05-04 10:55:00,"p19","FALSE"
"c4377","User_272","politics","Diplomatic efforts are ongoing but progress is slow.",-141,2026-05-04 10:56:00,"p329","FALSE"
"c4378","User_723","worldnews","The conflict continues with heavy casualties on both sides.",252,2026-05-04 10:57:00,"p18","FALSE"
"c4379","User_706","MiddleEastHistory","Security measures are being tightened in the region.",-56,2026-05-04 10:58:00,"p88","FALSE"
"c4380","User_564","news","New reports suggest a possible breakthrough in negotiations.",21,2026-05-04 10:59:00,"p291","FALSE"
"c4381","User_58","worldnews","Protests are spreading globally in support of humanitarian aid.",115,2026-05-04 11:00:00,"p326","TRUE"
"c4382","User_434","news","International community calls for an immediate ceasefire.",3,2026-05-04 11:01:00,"p46","FALSE"
"c4383","User_378","worldnews","Discourse on social media is highly polarized and full of misinformation.",253,2026-05-04 11:02:00,"p51","FALSE"
"c4384","User_208","israel","Discourse on social media is highly polarized and full of misinformation.",-76,2026-05-04 11:03:00,"p136","FALSE"
"c4385","User_684","palestine","The role of international organizations is being questioned.",251,2026-05-04 11:04:00,"p368","FALSE"
"c4386","User_486","worldnews","Protests are spreading globally in support of humanitarian aid.",-118,2026-05-04 11:05:00,"p210","FALSE"
"c4387","User_696","israel","Protests are spreading globally in support of humanitarian aid.",-223,2026-05-04 11:06:00,"p50","TRUE"
"c4388","User_478","israel","Security measures are being tightened in the region.",133,2026-05-04 11:07:00,"p139","FALSE"
"c4389","User_794","palestine","The role of international organizations is being questioned.",92,2026-05-04 11:08:00,"p238","FALSE"
"c4390","User_615","israel","Public opinion is deeply divided on the best path to peace.",15,2026-05-04 11:09:00,"p75","FALSE"
"c4391","User_183","worldnews","Security measures are being tightened in the region.",158,2026-05-04 11:10:00,"p326","FALSE"
"c4392","User_450","palestine","Public opinion is deeply divided on the best path to peace.",182,2026-05-04 11:11:00,"p331","FALSE"
"c4393","User_696","politics","Protests are spreading globally in support of humanitarian aid.",43,2026-05-04 11:12:00,"p142","FALSE"
"c4394","User_751","worldnews","Economic impact of the war is being felt across the Middle East.",-99,2026-05-04 11:13:00,"p28","FALSE"
"c4395","User_772","news","International community calls for an immediate ceasefire.",-59,2026-05-04 11:14:00,"p228","FALSE"
"c4396","User_589","worldnews","Security measures are being tightened in the region.",170,2026-05-04 11:15:00,"p12","FALSE"
"c4397","User_127","news","Discourse on social media is highly polarized and full of misinformation.",-103,2026-05-04 11:16:00,"p234","FALSE"
"c4398","User_579","worldnews","Civilians are paying the highest price in this long-standing conflict.",147,2026-05-04 11:17:00,"p21","FALSE"
"c4399","User_722","palestine","Diplomatic efforts are ongoing but progress is slow.",120,2026-05-04 11:18:00,"p94","FALSE"
"c4400","User_683","worldnews","The conflict continues with heavy casualties on both sides.",38,2026-05-04 11:19:00,"p365","FALSE"
"c4401","User_440","israel","International community calls for an immediate ceasefire.",61,2026-05-04 11:20:00,"p51","FALSE"
"c4402","User_105","israel","Security measures are being tightened in the region.",52,2026-05-04 11:21:00,"p341","FALSE"
"c4403","User_53","palestine","Public opinion is deeply divided on the best path to peace.",-145,2026-05-04 11:22:00,"p88","TRUE"
"c4404","User_798","israel","Public opinion is deeply divided on the best path to peace.",57,2026-05-04 11:23:00,"p70","TRUE"
"c4405","User_601","MiddleEastHistory","International community calls for an immediate ceasefire.",232,2026-05-04 11:24:00,"p214","FALSE"
"c4406","User_537","news","Discourse on social media is highly polarized and full of misinformation.",-133,2026-05-04 11:25:00,"p187","FALSE"
"c4407","User_179","israel","New reports suggest a possible breakthrough in negotiations.",239,2026-05-04 11:26:00,"p229","FALSE"
"c4408","User_496","MiddleEastHistory","Security measures are being tightened in the region.",211,2026-05-04 11:27:00,"p276","FALSE"
"c4409","User_742","israel","Historical context is essential to understand the current escalation.",-295,2026-05-04 11:28:00,"p363","FALSE"
"c4410","User_671","worldnews","Historical context is essential to understand the current escalation.",-215,2026-05-04 11:29:00,"p323","FALSE"
"c4411","User_335","MiddleEastHistory","Economic impact of the war is being felt across the Middle East.",92,2026-05-04 11:30:00,"p332","FALSE"
"c4412","User_375","israel","Historical context is essential to understand the current escalation.",268,2026-05-04 11:31:00,"p96","FALSE"
"c4413","User_153","politics","Protests are spreading globally in support of humanitarian aid.",127,2026-05-04 11:32:00,"p88","FALSE"
"c4414","User_538","MiddleEastHistory","Protests are spreading globally in support of humanitarian aid.",161,2026-05-04 11:33:00,"p45","FALSE"
"c4415","User_168","israel","New reports suggest a possible breakthrough in negotiations.",20,2026-05-04 11:34:00,"p349","FALSE"
"c4416","User_256","MiddleEastHistory","International community calls for an immediate ceasefire.",-175,2026-05-04 11:35:00,"p206","FALSE"
"c4417","User_582","palestine","New reports suggest a possible breakthrough in negotiations.",279,2026-05-04 11:36:00,"p187","FALSE"
"c4418","User_257","israel","Security measures are being tightened in the region.",-156,2026-05-04 11:37:00,"p359","FALSE"
"c4419","User_521","worldnews","New reports suggest a possible breakthrough in negotiations.",139,2026-05-04 11:38:00,"p216","FALSE"
"c4420","User_381","worldnews","The conflict continues with heavy casualties on both sides.",5,2026-05-04 11:39:00,"p17","FALSE"
"c4421","User_753","israel","Historical context is essential to understand the current escalation.",235,2026-05-04 11:40:00,"p201","FALSE"
"c4422","User_418","israel","The conflict continues with heavy casualties on both sides.",35,2026-05-04 11:41:00,"p32","TRUE"
"c4423","User_259","politics","International community calls for an immediate ceasefire.",77,2026-05-04 11:42:00,"p189","FALSE"
"c4424","User_84","worldnews","Civilians are paying the highest price in this long-standing conflict.",-12,2026-05-04 11:43:00,"p15","FALSE"
"c4425","User_482","palestine","Discourse on social media is highly polarized and full of misinformation.",-58,2026-05-04 11:44:00,"p360","FALSE"
"c4426","User_374","news","New reports suggest a possible breakthrough in negotiations.",-56,2026-05-04 11:45:00,"p123","FALSE"
"c4427","User_318","worldnews","Security measures are being tightened in the region.",20,2026-05-04 11:46:00,"p255","FALSE"
"c4428","User_63","worldnews","Historical context is essential to understand the current escalation.",176,2026-05-04 11:47:00,"p5","FALSE"
"c4429","User_272","worldnews","Discourse on social media is highly polarized and full of misinformation.",-128,2026-05-04 11:48:00,"p329","FALSE"
"c4430","User_386","israel","Protests are spreading globally in support of humanitarian aid.",227,2026-05-04 11:49:00,"p306","FALSE"
"c4431","User_396","israel","Civilians are paying the highest price in this long-standing conflict.",315,2026-05-04 11:50:00,"p93","TRUE"
"c4432","User_366","palestine","Historical context is essential to understand the current escalation.",-46,2026-05-04 11:51:00,"p93","FALSE"
"c4433","User_674","worldnews","Protests are spreading globally in support of humanitarian aid.",-353,2026-05-04 11:52:00,"p129","FALSE"
"c4434","User_73","worldnews","Discourse on social media is highly polarized and full of misinformation.",-179,2026-05-04 11:53:00,"p102","FALSE"
"c4435","User_664","palestine","New reports suggest a possible breakthrough in negotiations.",-91,2026-05-04 11:54:00,"p64","FALSE"
"c4436","User_205","MiddleEastHistory","Security measures are being tightened in the region.",68,2026-05-04 11:55:00,"p152","FALSE"
"c4437","User_759","israel","Economic impact of the war is being felt across the Middle East.",119,2026-05-04 11:56:00,"p259","FALSE"
"c4438","User_609","worldnews","Economic impact of the war is being felt across the Middle East.",353,2026-05-04 11:57:00,"p332","FALSE"
"c4439","User_680","palestine","The role of international organizations is being questioned.",-175,2026-05-04 11:58:00,"p251","FALSE"
"c4440","User_499","worldnews","Public opinion is deeply divided on the best path to peace.",322,2026-05-04 11:59:00,"p262","FALSE"
"c4441","User_477","israel","The conflict continues with heavy casualties on both sides.",251,2026-05-04 12:00:00,"p157","FALSE"
"c4442","User_633","palestine","Protests are spreading globally in support of humanitarian aid.",249,2026-05-04 12:01:00,"p262","FALSE"
"c4443","User_355","worldnews","New reports suggest a possible breakthrough in negotiations.",-186,2026-05-04 12:02:00,"p186","FALSE"
"c4444","User_459","israel","Public opinion is deeply divided on the best path to peace.",86,2026-05-04 12:03:00,"p221","FALSE"
"c4445","User_604","worldnews","International community calls for an immediate ceasefire.",130,2026-05-04 12:04:00,"p349","TRUE"
"c4446","User_74","worldnews","Diplomatic efforts are ongoing but progress is slow.",-92,2026-05-04 12:05:00,"p261","FALSE"
"c4447","User_143","politics","The conflict continues with heavy casualties on both sides.",20,2026-05-04 12:06:00,"p68","FALSE"
"c4448","User_1","worldnews","Economic impact of the war is being felt across the Middle East.",122,2026-05-04 12:07:00,"p216","FALSE"
"c4449","User_147","israel","The role of international organizations is being questioned.",-47,2026-05-04 12:08:00,"p78","TRUE"
"c4450","User_525","worldnews","New reports suggest a possible breakthrough in negotiations.",54,2026-05-04 12:09:00,"p267","TRUE"
"c4451","User_54","palestine","Diplomatic efforts are ongoing but progress is slow.",535,2026-05-04 12:10:00,"p37","TRUE"
"c4452","User_111","israel","Security measures are being tightened in the region.",-154,2026-05-04 12:11:00,"p376","FALSE"
"c4453","User_236","worldnews","New reports suggest a possible breakthrough in negotiations.",112,2026-05-04 12:12:00,"p215","FALSE"
"c4454","User_435","palestine","New reports suggest a possible breakthrough in negotiations.",165,2026-05-04 12:13:00,"p337","FALSE"
"c4455","User_71","israel","The conflict continues with heavy casualties on both sides.",-93,2026-05-04 12:14:00,"p93","FALSE"
"c4456","User_162","palestine","Civilians are paying the highest price in this long-standing conflict.",155,2026-05-04 12:15:00,"p339","FALSE"
"c4457","User_767","israel","Diplomatic efforts are ongoing but progress is slow.",143,2026-05-04 12:16:00,"p37","FALSE"
"c4458","User_126","palestine","Historical context is essential to understand the current escalation.",-272,2026-05-04 12:17:00,"p213","FALSE"
"c4459","User_705","news","New reports suggest a possible breakthrough in negotiations.",269,2026-05-04 12:18:00,"p46","FALSE"
"c4460","User_381","MiddleEastHistory","Civilians are paying the highest price in this long-standing conflict.",-236,2026-05-04 12:19:00,"p69","FALSE"
"c4461","User_490","palestine","New reports suggest a possible breakthrough in negotiations.",62,2026-05-04 12:20:00,"p240","FALSE"
"c4462","User_606","palestine","The conflict continues with heavy casualties on both sides.",37,2026-05-04 12:21:00,"p2","FALSE"
"c4463","User_622","worldnews","Civilians are paying the highest price in this long-standing conflict.",130,2026-05-04 12:22:00,"p103","FALSE"
"c4464","User_732","worldnews","Diplomatic efforts are ongoing but progress is slow.",89,2026-05-04 12:23:00,"p331","FALSE"
"c4465","User_89","politics","Civilians are paying the highest price in this long-standing conflict.",-16,2026-05-04 12:24:00,"p241","FALSE"
"c4466","User_245","israel","The conflict continues with heavy casualties on both sides.",-66,2026-05-04 12:25:00,"p222","FALSE"
"c4467","User_338","MiddleEastHistory","The conflict continues with heavy casualties on both sides.",169,2026-05-04 12:26:00,"p220","FALSE"
"c4468","User_588","worldnews","Discourse on social media is highly polarized and full of misinformation.",23,2026-05-04 12:27:00,"p209","TRUE"
"c4469","User_578","palestine","Security measures are being tightened in the region.",-79,2026-05-04 12:28:00,"p387","TRUE"
"c4470","User_157","politics","Economic impact of the war is being felt across the Middle East.",316,2026-05-04 12:29:00,"p299","FALSE"
"c4471","User_79","MiddleEastHistory","New reports suggest a possible breakthrough in negotiations.",-30,2026-05-04 12:30:00,"p175","FALSE"
"c4472","User_429","politics","Discourse on social media is highly polarized and full of misinformation.",-56,2026-05-04 12:31:00,"p198","FALSE"
"c4473","User_380","worldnews","International community calls for an immediate ceasefire.",48,2026-05-04 12:32:00,"p184","FALSE"
"c4474","User_454","news","Economic impact of the war is being felt across the Middle East.",-163,2026-05-04 12:33:00,"p295","FALSE"
"c4475","User_332","israel","Security measures are being tightened in the region.",7,2026-05-04 12:34:00,"p273","FALSE"
"c4476","User_95","worldnews","Discourse on social media is highly polarized and full of misinformation.",85,2026-05-04 12:35:00,"p190","FALSE"
"c4477","User_396","israel","The conflict continues with heavy casualties on both sides.",-31,2026-05-04 12:36:00,"p31","FALSE"
"c4478","User_770","MiddleEastHistory","International community calls for an immediate ceasefire.",31,2026-05-04 12:37:00,"p310","TRUE"
"c4479","User_292","MiddleEastHistory","The role of international organizations is being questioned.",-3,2026-05-04 12:38:00,"p181","FALSE"
"c4480","User_394","israel","Discourse on social media is highly polarized and full of misinformation.",-14,2026-05-04 12:39:00,"p180","FALSE"
"c4481","User_457","politics","International community calls for an immediate ceasefire.",161,2026-05-04 12:40:00,"p119","FALSE"
"c4482","User_720","MiddleEastHistory","Economic impact of the war is being felt across the Middle East.",286,2026-05-04 12:41:00,"p289","FALSE"
"c4483","User_268","israel","New reports suggest a possible breakthrough in negotiations.",23,2026-05-04 12:42:00,"p367","FALSE"
"c4484","User_502","palestine","International community calls for an immediate ceasefire.",304,2026-05-04 12:43:00,"p255","FALSE"
"c4485","User_372","worldnews","Protests are spreading globally in support of humanitarian aid.",-15,2026-05-04 12:44:00,"p277","FALSE"
"c4486","User_347","worldnews","The role of international organizations is being questioned.",63,2026-05-04 12:45:00,"p171","FALSE"
"c4487","User_330","news","Security measures are being tightened in the region.",-80,2026-05-04 12:46:00,"p319","FALSE"
"c4488","User_163","worldnews","Discourse on social media is highly polarized and full of misinformation.",130,2026-05-04 12:47:00,"p394","FALSE"
"c4489","User_229","politics","Protests are spreading globally in support of humanitarian aid.",133,2026-05-04 12:48:00,"p148","TRUE"
"c4490","User_580","worldnews","New reports suggest a possible breakthrough in negotiations.",202,2026-05-04 12:49:00,"p31","FALSE"
"c4491","User_609","palestine","Security measures are being tightened in the region.",-35,2026-05-04 12:50:00,"p279","FALSE"
"c4492","User_182","israel","Civilians are paying the highest price in this long-standing conflict.",56,2026-05-04 12:51:00,"p360","FALSE"
"c4493","User_222","worldnews","Civilians are paying the highest price in this long-standing conflict.",47,2026-05-04 12:52:00,"p151","FALSE"
"c4494","User_249","worldnews","Economic impact of the war is being felt across the Middle East.",254,2026-05-04 12:53:00,"p137","FALSE"
"c4495","User_648","israel","The role of international organizations is being questioned.",76,2026-05-04 12:54:00,"p183","FALSE"
"c4496","User_783","worldnews","International community calls for an immediate ceasefire.",103,2026-05-04 12:55:00,"p131","FALSE"
"c4497","User_611","worldnews","New reports suggest a possible breakthrough in negotiations.",-55,2026-05-04 12:56:00,"p61","FALSE"
"c4498","User_711","israel","Civilians are paying the highest price in this long-standing conflict.",1,2026-05-04 12:57:00,"p60","FALSE"
"c4499","User_244","MiddleEastHistory","Security measures are being tightened in the region.",41,2026-05-04 12:58:00,"p21","TRUE"
"c4500","User_322","worldnews","Security measures are being tightened in the region.",141,2026-05-04 12:59:00,"p301","FALSE"
"c4501","User_618","news","The conflict continues with heavy casualties on both sides.",41,2026-05-04 13:00:00,"p381","FALSE"
"c4502","User_366","palestine","Security measures are being tightened in the region.",-227,2026-05-04 13:01:00,"p301","FALSE"
"c4503","User_784","israel","Diplomatic efforts are ongoing but progress is slow.",-237,2026-05-04 13:02:00,"p323","FALSE"
"c4504","User_422","news","Security measures are being tightened in the region.",-165,2026-05-04 13:03:00,"p208","FALSE"
"c4505","User_448","palestine","Public opinion is deeply divided on the best path to peace.",-151,2026-05-04 13:04:00,"p158","FALSE"
"c4506","User_641","MiddleEastHistory","Public opinion is deeply divided on the best path to peace.",-194,2026-05-04 13:05:00,"p20","TRUE"
"c4507","User_763","worldnews","International community calls for an immediate ceasefire.",-114,2026-05-04 13:06:00,"p18","TRUE"
"c4508","User_61","worldnews","International community calls for an immediate ceasefire.",-200,2026-05-04 13:07:00,"p133","FALSE"
"c4509","User_797","worldnews","New reports suggest a possible breakthrough in negotiations.",111,2026-05-04 13:08:00,"p263","FALSE"
"c4510","User_228","news","Diplomatic efforts are ongoing but progress is slow.",49,2026-05-04 13:09:00,"p380","TRUE"
"c4511","User_685","worldnews","Economic impact of the war is being felt across the Middle East.",-17,2026-05-04 13:10:00,"p307","FALSE"
"c4512","User_688","worldnews","The role of international organizations is being questioned.",14,2026-05-04 13:11:00,"p224","FALSE"
"c4513","User_59","palestine","Security measures are being tightened in the region.",-201,2026-05-04 13:12:00,"p208","FALSE"
"c4514","User_591","worldnews","Diplomatic efforts are ongoing but progress is slow.",231,2026-05-04 13:13:00,"p300","FALSE"
"c4515","User_210","MiddleEastHistory","Economic impact of the war is being felt across the Middle East.",139,2026-05-04 13:14:00,"p52","FALSE"
"c4516","User_532","politics","The role of international organizations is being questioned.",-32,2026-05-04 13:15:00,"p375","TRUE"
"c4517","User_572","MiddleEastHistory","Civilians are paying the highest price in this long-standing conflict.",214,2026-05-04 13:16:00,"p141","FALSE"
"c4518","User_160","MiddleEastHistory","Protests are spreading globally in support of humanitarian aid.",-342,2026-05-04 13:17:00,"p305","FALSE"
"c4519","User_442","worldnews","Public opinion is deeply divided on the best path to peace.",199,2026-05-04 13:18:00,"p260","FALSE"
"c4520","User_529","palestine","Security measures are being tightened in the region.",24,2026-05-04 13:19:00,"p110","FALSE"
"c4521","User_287","palestine","Public opinion is deeply divided on the best path to peace.",2,2026-05-04 13:20:00,"p276","FALSE"
"c4522","User_393","palestine","New reports suggest a possible breakthrough in negotiations.",-170,2026-05-04 13:21:00,"p263","FALSE"
"c4523","User_335","news","New reports suggest a possible breakthrough in negotiations.",256,2026-05-04 13:22:00,"p4","FALSE"
"c4524","User_640","MiddleEastHistory","International community calls for an immediate ceasefire.",73,2026-05-04 13:23:00,"p22","FALSE"
"c4525","User_541","palestine","Discourse on social media is highly polarized and full of misinformation.",228,2026-05-04 13:24:00,"p391","FALSE"
"c4526","User_427","politics","Security measures are being tightened in the region.",-78,2026-05-04 13:25:00,"p45","FALSE"
"c4527","User_508","MiddleEastHistory","New reports suggest a possible breakthrough in negotiations.",220,2026-05-04 13:26:00,"p139","FALSE"
"c4528","User_621","politics","Discourse on social media is highly polarized and full of misinformation.",256,2026-05-04 13:27:00,"p194","TRUE"
"c4529","User_777","worldnews","Public opinion is deeply divided on the best path to peace.",-2,2026-05-04 13:28:00,"p203","FALSE"
"c4530","User_2","MiddleEastHistory","New reports suggest a possible breakthrough in negotiations.",483,2026-05-04 13:29:00,"p332","FALSE"
"c4531","User_384","worldnews","Discourse on social media is highly polarized and full of misinformation.",75,2026-05-04 13:30:00,"p353","FALSE"
"c4532","User_241","palestine","Public opinion is deeply divided on the best path to peace.",25,2026-05-04 13:31:00,"p149","FALSE"
"c4533","User_493","israel","International community calls for an immediate ceasefire.",-158,2026-05-04 13:32:00,"p91","TRUE"
"c4534","User_349","MiddleEastHistory","Historical context is essential to understand the current escalation.",89,2026-05-04 13:33:00,"p86","FALSE"
"c4535","User_431","palestine","Security measures are being tightened in the region.",-152,2026-05-04 13:34:00,"p29","TRUE"
"c4536","User_263","politics","New reports suggest a possible breakthrough in negotiations.",84,2026-05-04 13:35:00,"p214","FALSE"
"c4537","User_699","worldnews","The role of international organizations is being questioned.",242,2026-05-04 13:36:00,"p258","TRUE"
"c4538","User_121","worldnews","International community calls for an immediate ceasefire.",-140,2026-05-04 13:37:00,"p227","FALSE"
"c4539","User_753","politics","Historical context is essential to understand the current escalation.",-83,2026-05-04 13:38:00,"p236","FALSE"
"c4540","User_113","politics","Public opinion is deeply divided on the best path to peace.",240,2026-05-04 13:39:00,"p141","FALSE"
"c4541","User_214","MiddleEastHistory","Civilians are paying the highest price in this long-standing conflict.",94,2026-05-04 13:40:00,"p50","FALSE"
"c4542","User_201","palestine","Civilians are paying the highest price in this long-standing conflict.",438,2026-05-04 13:41:00,"p144","FALSE"
"c4543","User_574","worldnews","Civilians are paying the highest price in this long-standing conflict.",202,2026-05-04 13:42:00,"p14","FALSE"
"c4544","User_133","worldnews","The role of international organizations is being questioned.",109,2026-05-04 13:43:00,"p330","FALSE"
"c4545","User_16","worldnews","International community calls for an immediate ceasefire.",147,2026-05-04 13:44:00,"p62","TRUE"
"c4546","User_669","politics","The conflict continues with heavy casualties on both sides.",52,2026-05-04 13:45:00,"p29","TRUE"
"c4547","User_458","worldnews","Protests are spreading globally in support of humanitarian aid.",-42,2026-05-04 13:46:00,"p187","FALSE"
"c4548","User_327","israel","Protests are spreading globally in support of humanitarian aid.",-79,2026-05-04 13:47:00,"p125","FALSE"
"c4549","User_123","palestine","Discourse on social media is highly polarized and full of misinformation.",93,2026-05-04 13:48:00,"p366","FALSE"
"c4550","User_47","israel","Diplomatic efforts are ongoing but progress is slow.",-51,2026-05-04 13:49:00,"p235","FALSE"
"c4551","User_150","palestine","International community calls for an immediate ceasefire.",-121,2026-05-04 13:50:00,"p366","FALSE"
"c4552","User_630","palestine","Civilians are paying the highest price in this long-standing conflict.",71,2026-05-04 13:51:00,"p341","FALSE"
"c4553","User_316","news","New reports suggest a possible breakthrough in negotiations.",83,2026-05-04 13:52:00,"p264","FALSE"
"c4554","User_599","palestine","Protests are spreading globally in support of humanitarian aid.",232,2026-05-04 13:53:00,"p258","FALSE"
"c4555","User_720","worldnews","New reports suggest a possible breakthrough in negotiations.",237,2026-05-04 13:54:00,"p165","FALSE"
"c4556","User_329","worldnews","Historical context is essential to understand the current escalation.",318,2026-05-04 13:55:00,"p27","FALSE"
"c4557","User_135","worldnews","New reports suggest a possible breakthrough in negotiations.",-56,2026-05-04 13:56:00,"p129","FALSE"
"c4558","User_398","news","Public opinion is deeply divided on the best path to peace.",128,2026-05-04 13:57:00,"p318","FALSE"
"c4559","User_336","news","Protests are spreading globally in support of humanitarian aid.",-39,2026-05-04 13:58:00,"p28","FALSE"
"c4560","User_646","MiddleEastHistory","Security measures are being tightened in the region.",192,2026-05-04 13:59:00,"p97","FALSE"
"c4561","User_743","worldnews","Historical context is essential to understand the current escalation.",24,2026-05-04 14:00:00,"p280","FALSE"
"c4562","User_258","politics","The role of international organizations is being questioned.",-50,2026-05-04 14:01:00,"p106","FALSE"
"c4563","User_654","palestine","Public opinion is deeply divided on the best path to peace.",32,2026-05-04 14:02:00,"p372","FALSE"
"c4564","User_382","palestine","The conflict continues with heavy casualties on both sides.",-2,2026-05-04 14:03:00,"p35","FALSE"
"c4565","User_416","palestine","The role of international organizations is being questioned.",22,2026-05-04 14:04:00,"p268","FALSE"
"c4566","User_755","politics","New reports suggest a possible breakthrough in negotiations.",107,2026-05-04 14:05:00,"p333","FALSE"
"c4567","User_75","worldnews","Civilians are paying the highest price in this long-standing conflict.",215,2026-05-04 14:06:00,"p353","FALSE"
"c4568","User_338","palestine","Economic impact of the war is being felt across the Middle East.",-164,2026-05-04 14:07:00,"p260","TRUE"
"c4569","User_687","israel","Civilians are paying the highest price in this long-standing conflict.",118,2026-05-04 14:08:00,"p110","FALSE"
"c4570","User_624","palestine","Discourse on social media is highly polarized and full of misinformation.",46,2026-05-04 14:09:00,"p14","FALSE"
"c4571","User_510","worldnews","New reports suggest a possible breakthrough in negotiations.",27,2026-05-04 14:10:00,"p366","FALSE"
"c4572","User_768","politics","Historical context is essential to understand the current escalation.",48,2026-05-04 14:11:00,"p126","FALSE"
"c4573","User_547","palestine","New reports suggest a possible breakthrough in negotiations.",143,2026-05-04 14:12:00,"p9","FALSE"
"c4574","User_679","worldnews","Economic impact of the war is being felt across the Middle East.",34,2026-05-04 14:13:00,"p24","FALSE"
"c4575","User_640","politics","New reports suggest a possible breakthrough in negotiations.",144,2026-05-04 14:14:00,"p394","FALSE"
"c4576","User_432","MiddleEastHistory","The role of international organizations is being questioned.",300,2026-05-04 14:15:00,"p308","FALSE"
"c4577","User_543","israel","International community calls for an immediate ceasefire.",88,2026-05-04 14:16:00,"p151","FALSE"
"c4578","User_271","worldnews","Discourse on social media is highly polarized and full of misinformation.",-17,2026-05-04 14:17:00,"p46","FALSE"
"c4579","User_555","israel","Civilians are paying the highest price in this long-standing conflict.",-111,2026-05-04 14:18:00,"p241","FALSE"
"c4580","User_259","worldnews","The role of international organizations is being questioned.",55,2026-05-04 14:19:00,"p372","FALSE"
"c4581","User_601","news","Security measures are being tightened in the region.",-52,2026-05-04 14:20:00,"p189","TRUE"
"c4582","User_625","MiddleEastHistory","Economic impact of the war is being felt across the Middle East.",102,2026-05-04 14:21:00,"p167","FALSE"
"c4583","User_147","palestine","International community calls for an immediate ceasefire.",-100,2026-05-04 14:22:00,"p113","FALSE"
"c4584","User_447","worldnews","Diplomatic efforts are ongoing but progress is slow.",73,2026-05-04 14:23:00,"p308","FALSE"
"c4585","User_148","news","Diplomatic efforts are ongoing but progress is slow.",258,2026-05-04 14:24:00,"p79","FALSE"
"c4586","User_690","MiddleEastHistory","The conflict continues with heavy casualties on both sides.",-157,2026-05-04 14:25:00,"p313","FALSE"
"c4587","User_607","palestine","Protests are spreading globally in support of humanitarian aid.",180,2026-05-04 14:26:00,"p63","FALSE"
"c4588","User_166","worldnews","Historical context is essential to understand the current escalation.",-96,2026-05-04 14:27:00,"p325","FALSE"
"c4589","User_454","worldnews","The conflict continues with heavy casualties on both sides.",-21,2026-05-04 14:28:00,"p68","FALSE"
"c4590","User_445","worldnews","Civilians are paying the highest price in this long-standing conflict.",-138,2026-05-04 14:29:00,"p162","FALSE"
"c4591","User_134","palestine","Protests are spreading globally in support of humanitarian aid.",347,2026-05-04 14:30:00,"p220","FALSE"
"c4592","User_123","worldnews","Protests are spreading globally in support of humanitarian aid.",172,2026-05-04 14:31:00,"p243","FALSE"
"c4593","User_595","israel","Public opinion is deeply divided on the best path to peace.",-108,2026-05-04 14:32:00,"p116","FALSE"
"c4594","User_7","palestine","Economic impact of the war is being felt across the Middle East.",252,2026-05-04 14:33:00,"p54","FALSE"
"c4595","User_684","israel","Historical context is essential to understand the current escalation.",30,2026-05-04 14:34:00,"p265","FALSE"
"c4596","User_298","politics","International community calls for an immediate ceasefire.",-91,2026-05-04 14:35:00,"p23","FALSE"
"c4597","User_724","palestine","The conflict continues with heavy casualties on both sides.",-197,2026-05-04 14:36:00,"p378","FALSE"
"c4598","User_624","news","Discourse on social media is highly polarized and full of misinformation.",-45,2026-05-04 14:37:00,"p90","TRUE"
"c4599","User_366","palestine","The role of international organizations is being questioned.",-44,2026-05-04 14:38:00,"p392","FALSE"
"c4600","User_659","politics","Historical context is essential to understand the current escalation.",277,2026-05-04 14:39:00,"p151","FALSE"
"c4601","User_57","worldnews","Diplomatic efforts are ongoing but progress is slow.",-78,2026-05-04 14:40:00,"p271","FALSE"
"c4602","User_393","news","New reports suggest a possible breakthrough in negotiations.",-251,2026-05-04 14:41:00,"p277","FALSE"
"c4603","User_482","MiddleEastHistory","Protests are spreading globally in support of humanitarian aid.",-26,2026-05-04 14:42:00,"p328","FALSE"
"c4604","User_500","news","Public opinion is deeply divided on the best path to peace.",97,2026-05-04 14:43:00,"p319","FALSE"
"c4605","User_68","israel","International community calls for an immediate ceasefire.",118,2026-05-04 14:44:00,"p227","FALSE"
"c4606","User_654","MiddleEastHistory","Discourse on social media is highly polarized and full of misinformation.",-95,2026-05-04 14:45:00,"p132","FALSE"
"c4607","User_491","israel","Civilians are paying the highest price in this long-standing conflict.",-83,2026-05-04 14:46:00,"p17","FALSE"
"c4608","User_357","palestine","The role of international organizations is being questioned.",306,2026-05-04 14:47:00,"p294","FALSE"
"c4609","User_650","news","Economic impact of the war is being felt across the Middle East.",-279,2026-05-04 14:48:00,"p44","FALSE"
"c4610","User_779","palestine","New reports suggest a possible breakthrough in negotiations.",-184,2026-05-04 14:49:00,"p127","FALSE"
"c4611","User_511","worldnews","Public opinion is deeply divided on the best path to peace.",-66,2026-05-04 14:50:00,"p204","TRUE"
"c4612","User_210","israel","Protests are spreading globally in support of humanitarian aid.",46,2026-05-04 14:51:00,"p398","TRUE"
"c4613","User_388","palestine","Public opinion is deeply divided on the best path to peace.",-69,2026-05-04 14:52:00,"p387","FALSE"
"c4614","User_739","news","Discourse on social media is highly polarized and full of misinformation.",-100,2026-05-04 14:53:00,"p13","FALSE"
"c4615","User_610","MiddleEastHistory","Historical context is essential to understand the current escalation.",-12,2026-05-04 14:54:00,"p160","FALSE"
"c4616","User_754","news","International community calls for an immediate ceasefire.",148,2026-05-04 14:55:00,"p187","TRUE"
"c4617","User_537","politics","The role of international organizations is being questioned.",52,2026-05-04 14:56:00,"p184","FALSE"
"c4618","User_289","worldnews","Discourse on social media is highly polarized and full of misinformation.",-179,2026-05-04 14:57:00,"p170","TRUE"
"c4619","User_480","politics","The conflict continues with heavy casualties on both sides.",-131,2026-05-04 14:58:00,"p98","FALSE"
"c4620","User_587","worldnews","International community calls for an immediate ceasefire.",-82,2026-05-04 14:59:00,"p194","FALSE"
"c4621","User_712","politics","Diplomatic efforts are ongoing but progress is slow.",31,2026-05-04 15:00:00,"p120","FALSE"
"c4622","User_610","israel","Economic impact of the war is being felt across the Middle East.",-54,2026-05-04 15:01:00,"p388","FALSE"
"c4623","User_674","worldnews","Diplomatic efforts are ongoing but progress is slow.",346,2026-05-04 15:02:00,"p88","FALSE"
"c4624","User_310","worldnews","Protests are spreading globally in support of humanitarian aid.",-23,2026-05-04 15:03:00,"p82","FALSE"
"c4625","User_384","palestine","Protests are spreading globally in support of humanitarian aid.",43,2026-05-04 15:04:00,"p79","FALSE"
"c4626","User_339","israel","Protests are spreading globally in support of humanitarian aid.",93,2026-05-04 15:05:00,"p145","FALSE"
"c4627","User_401","worldnews","Civilians are paying the highest price in this long-standing conflict.",-8,2026-05-04 15:06:00,"p310","FALSE"
"c4628","User_469","MiddleEastHistory","The conflict continues with heavy casualties on both sides.",-15,2026-05-04 15:07:00,"p89","TRUE"
"c4629","User_229","israel","The conflict continues with heavy casualties on both sides.",92,2026-05-04 15:08:00,"p378","TRUE"
"c4630","User_573","israel","Discourse on social media is highly polarized and full of misinformation.",-99,2026-05-04 15:09:00,"p359","FALSE"
"c4631","User_646","palestine","Civilians are paying the highest price in this long-standing conflict.",-76,2026-05-04 15:10:00,"p74","FALSE"
"c4632","User_274","news","Public opinion is deeply divided on the best path to peace.",-237,2026-05-04 15:11:00,"p71","FALSE"
"c4633","User_449","politics","Protests are spreading globally in support of humanitarian aid.",-93,2026-05-04 15:12:00,"p14","TRUE"
"c4634","User_331","palestine","Diplomatic efforts are ongoing but progress is slow.",26,2026-05-04 15:13:00,"p175","FALSE"
"c4635","User_330","worldnews","Civilians are paying the highest price in this long-standing conflict.",-44,2026-05-04 15:14:00,"p258","FALSE"
"c4636","User_751","MiddleEastHistory","Public opinion is deeply divided on the best path to peace.",-131,2026-05-04 15:15:00,"p115","FALSE"
"c4637","User_501","israel","The conflict continues with heavy casualties on both sides.",44,2026-05-04 15:16:00,"p10","FALSE"
"c4638","User_332","worldnews","Economic impact of the war is being felt across the Middle East.",118,2026-05-04 15:17:00,"p101","FALSE"
"c4639","User_451","palestine","Protests are spreading globally in support of humanitarian aid.",-168,2026-05-04 15:18:00,"p200","FALSE"
"c4640","User_416","palestine","Protests are spreading globally in support of humanitarian aid.",231,2026-05-04 15:19:00,"p225","FALSE"
"c4641","User_213","news","Discourse on social media is highly polarized and full of misinformation.",132,2026-05-04 15:20:00,"p114","FALSE"
"c4642","User_330","palestine","Public opinion is deeply divided on the best path to peace.",128,2026-05-04 15:21:00,"p131","FALSE"
"c4643","User_744","MiddleEastHistory","Economic impact of the war is being felt across the Middle East.",-174,2026-05-04 15:22:00,"p323","FALSE"
"c4644","User_579","politics","New reports suggest a possible breakthrough in negotiations.",-74,2026-05-04 15:23:00,"p342","FALSE"
"c4645","User_686","worldnews","Public opinion is deeply divided on the best path to peace.",34,2026-05-04 15:24:00,"p242","TRUE"
"c4646","User_171","israel","International community calls for an immediate ceasefire.",-363,2026-05-04 15:25:00,"p273","FALSE"
"c4647","User_609","politics","Economic impact of the war is being felt across the Middle East.",246,2026-05-04 15:26:00,"p85","FALSE"
"c4648","User_584","politics","Economic impact of the war is being felt across the Middle East.",41,2026-05-04 15:27:00,"p178","FALSE"
"c4649","User_520","MiddleEastHistory","Protests are spreading globally in support of humanitarian aid.",-108,2026-05-04 15:28:00,"p176","FALSE"
"c4650","User_408","worldnews","Economic impact of the war is being felt across the Middle East.",82,2026-05-04 15:29:00,"p343","FALSE"
"c4651","User_794","worldnews","Discourse on social media is highly polarized and full of misinformation.",205,2026-05-04 15:30:00,"p375","FALSE"
"c4652","User_541","MiddleEastHistory","The role of international organizations is being questioned.",-198,2026-05-04 15:31:00,"p365","FALSE"
"c4653","User_705","palestine","Discourse on social media is highly polarized and full of misinformation.",60,2026-05-04 15:32:00,"p7","FALSE"
"c4654","User_444","israel","Diplomatic efforts are ongoing but progress is slow.",-22,2026-05-04 15:33:00,"p327","TRUE"
"c4655","User_531","MiddleEastHistory","Diplomatic efforts are ongoing but progress is slow.",51,2026-05-04 15:34:00,"p379","FALSE"
"c4656","User_710","news","The role of international organizations is being questioned.",140,2026-05-04 15:35:00,"p46","FALSE"
"c4657","User_86","israel","The role of international organizations is being questioned.",91,2026-05-04 15:36:00,"p6","FALSE"
"c4658","User_278","palestine","Historical context is essential to understand the current escalation.",-31,2026-05-04 15:37:00,"p230","FALSE"
"c4659","User_485","palestine","New reports suggest a possible breakthrough in negotiations.",275,2026-05-04 15:38:00,"p165","FALSE"
"c4660","User_611","israel","International community calls for an immediate ceasefire.",120,2026-05-04 15:39:00,"p308","TRUE"
"c4661","User_206","worldnews","Civilians are paying the highest price in this long-standing conflict.",404,2026-05-04 15:40:00,"p184","FALSE"
"c4662","User_270","palestine","Discourse on social media is highly polarized and full of misinformation.",247,2026-05-04 15:41:00,"p354","FALSE"
"c4663","User_537","worldnews","Diplomatic efforts are ongoing but progress is slow.",-169,2026-05-04 15:42:00,"p343","FALSE"
"c4664","User_39","palestine","Discourse on social media is highly polarized and full of misinformation.",70,2026-05-04 15:43:00,"p387","TRUE"
"c4665","User_692","worldnews","Economic impact of the war is being felt across the Middle East.",29,2026-05-04 15:44:00,"p203","FALSE"
"c4666","User_710","worldnews","Public opinion is deeply divided on the best path to peace.",151,2026-05-04 15:45:00,"p50","FALSE"
"c4667","User_474","palestine","Protests are spreading globally in support of humanitarian aid.",136,2026-05-04 15:46:00,"p28","TRUE"
"c4668","User_647","politics","The role of international organizations is being questioned.",101,2026-05-04 15:47:00,"p383","FALSE"
"c4669","User_185","palestine","Historical context is essential to understand the current escalation.",83,2026-05-04 15:48:00,"p267","TRUE"
"c4670","User_664","news","The conflict continues with heavy casualties on both sides.",159,2026-05-04 15:49:00,"p67","FALSE"
"c4671","User_149","israel","Diplomatic efforts are ongoing but progress is slow.",-115,2026-05-04 15:50:00,"p332","FALSE"
"c4672","User_601","worldnews","The role of international organizations is being questioned.",-26,2026-05-04 15:51:00,"p143","FALSE"
"c4673","User_101","MiddleEastHistory","Diplomatic efforts are ongoing but progress is slow.",154,2026-05-04 15:52:00,"p164","FALSE"
"c4674","User_489","politics","Security measures are being tightened in the region.",236,2026-05-04 15:53:00,"p180","FALSE"
"c4675","User_473","worldnews","International community calls for an immediate ceasefire.",241,2026-05-04 15:54:00,"p266","FALSE"
"c4676","User_627","politics","The role of international organizations is being questioned.",104,2026-05-04 15:55:00,"p360","FALSE"
"c4677","User_478","israel","Discourse on social media is highly polarized and full of misinformation.",111,2026-05-04 15:56:00,"p225","FALSE"
"c4678","User_35","worldnews","The conflict continues with heavy casualties on both sides.",95,2026-05-04 15:57:00,"p95","TRUE"
"c4679","User_626","news","Economic impact of the war is being felt across the Middle East.",86,2026-05-04 15:58:00,"p123","FALSE"
"c4680","User_100","israel","Security measures are being tightened in the region.",166,2026-05-04 15:59:00,"p76","TRUE"
"c4681","User_5","worldnews","Diplomatic efforts are ongoing but progress is slow.",94,2026-05-04 16:00:00,"p203","FALSE"
"c4682","User_659","palestine","Protests are spreading globally in support of humanitarian aid.",170,2026-05-04 16:01:00,"p192","FALSE"
"c4683","User_249","israel","Civilians are paying the highest price in this long-standing conflict.",346,2026-05-04 16:02:00,"p169","FALSE"
"c4684","User_360","palestine","Economic impact of the war is being felt across the Middle East.",-16,2026-05-04 16:03:00,"p18","FALSE"
"c4685","User_241","palestine","The conflict continues with heavy casualties on both sides.",230,2026-05-04 16:04:00,"p69","FALSE"
"c4686","User_382","MiddleEastHistory","Economic impact of the war is being felt across the Middle East.",195,2026-05-04 16:05:00,"p159","FALSE"
"c4687","User_359","worldnews","International community calls for an immediate ceasefire.",363,2026-05-04 16:06:00,"p386","FALSE"
"c4688","User_165","palestine","Diplomatic efforts are ongoing but progress is slow.",-270,2026-05-04 16:07:00,"p114","FALSE"
"c4689","User_318","worldnews","Security measures are being tightened in the region.",331,2026-05-04 16:08:00,"p372","FALSE"
"c4690","User_316","palestine","Civilians are paying the highest price in this long-standing conflict.",59,2026-05-04 16:09:00,"p176","FALSE"
"c4691","User_153","palestine","Discourse on social media is highly polarized and full of misinformation.",141,2026-05-04 16:10:00,"p288","FALSE"
"c4692","User_373","politics","New reports suggest a possible breakthrough in negotiations.",-69,2026-05-04 16:11:00,"p140","FALSE"
"c4693","User_582","worldnews","Security measures are being tightened in the region.",-125,2026-05-04 16:12:00,"p182","FALSE"
"c4694","User_333","palestine","Diplomatic efforts are ongoing but progress is slow.",-95,2026-05-04 16:13:00,"p251","FALSE"
"c4695","User_174","palestine","Historical context is essential to understand the current escalation.",162,2026-05-04 16:14:00,"p99","FALSE"
"c4696","User_24","worldnews","International community calls for an immediate ceasefire.",-7,2026-05-04 16:15:00,"p241","FALSE"
"c4697","User_230","palestine","International community calls for an immediate ceasefire.",370,2026-05-04 16:16:00,"p113","TRUE"
"c4698","User_385","worldnews","The role of international organizations is being questioned.",55,2026-05-04 16:17:00,"p148","FALSE"
"c4699","User_40","israel","Security measures are being tightened in the region.",124,2026-05-04 16:18:00,"p305","TRUE"
"c4700","User_298","worldnews","Discourse on social media is highly polarized and full of misinformation.",34,2026-05-04 16:19:00,"p4","FALSE"
"c4701","User_590","palestine","Diplomatic efforts are ongoing but progress is slow.",140,2026-05-04 16:20:00,"p395","TRUE"
"c4702","User_562","news","Historical context is essential to understand the current escalation.",269,2026-05-04 16:21:00,"p3","TRUE"
"c4703","User_632","news","Security measures are being tightened in the region.",125,2026-05-04 16:22:00,"p250","FALSE"
"c4704","User_594","MiddleEastHistory","Diplomatic efforts are ongoing but progress is slow.",5,2026-05-04 16:23:00,"p266","FALSE"
"c4705","User_788","israel","Protests are spreading globally in support of humanitarian aid.",-14,2026-05-04 16:24:00,"p26","FALSE"
"c4706","User_617","worldnews","International community calls for an immediate ceasefire.",-57,2026-05-04 16:25:00,"p100","FALSE"
"c4707","User_148","israel","The role of international organizations is being questioned.",-4,2026-05-04 16:26:00,"p186","FALSE"
"c4708","User_549","MiddleEastHistory","New reports suggest a possible breakthrough in negotiations.",374,2026-05-04 16:27:00,"p16","TRUE"
"c4709","User_190","worldnews","Protests are spreading globally in support of humanitarian aid.",-72,2026-05-04 16:28:00,"p273","FALSE"
"c4710","User_175","israel","Public opinion is deeply divided on the best path to peace.",190,2026-05-04 16:29:00,"p29","TRUE"
"c4711","User_283","news","Protests are spreading globally in support of humanitarian aid.",161,2026-05-04 16:30:00,"p358","FALSE"
"c4712","User_722","palestine","Protests are spreading globally in support of humanitarian aid.",-23,2026-05-04 16:31:00,"p240","FALSE"
"c4713","User_198","palestine","The conflict continues with heavy casualties on both sides.",-301,2026-05-04 16:32:00,"p333","FALSE"
"c4714","User_147","worldnews","Security measures are being tightened in the region.",285,2026-05-04 16:33:00,"p97","FALSE"
"c4715","User_11","news","Diplomatic efforts are ongoing but progress is slow.",37,2026-05-04 16:34:00,"p92","FALSE"
"c4716","User_742","worldnews","Protests are spreading globally in support of humanitarian aid.",-5,2026-05-04 16:35:00,"p85","FALSE"
"c4717","User_794","worldnews","The conflict continues with heavy casualties on both sides.",1,2026-05-04 16:36:00,"p292","FALSE"
"c4718","User_672","politics","Public opinion is deeply divided on the best path to peace.",113,2026-05-04 16:37:00,"p177","FALSE"
"c4719","User_302","worldnews","Diplomatic efforts are ongoing but progress is slow.",50,2026-05-04 16:38:00,"p49","FALSE"
"c4720","User_315","israel","New reports suggest a possible breakthrough in negotiations.",29,2026-05-04 16:39:00,"p17","TRUE"
"c4721","User_37","israel","Historical context is essential to understand the current escalation.",117,2026-05-04 16:40:00,"p353","FALSE"
"c4722","User_447","politics","Economic impact of the war is being felt across the Middle East.",71,2026-05-04 16:41:00,"p294","FALSE"
"c4723","User_541","worldnews","Civilians are paying the highest price in this long-standing conflict.",-138,2026-05-04 16:42:00,"p159","FALSE"
"c4724","User_622","palestine","The role of international organizations is being questioned.",-20,2026-05-04 16:43:00,"p304","TRUE"
"c4725","User_156","palestine","Protests are spreading globally in support of humanitarian aid.",148,2026-05-04 16:44:00,"p168","FALSE"
"c4726","User_413","MiddleEastHistory","Public opinion is deeply divided on the best path to peace.",-208,2026-05-04 16:45:00,"p96","TRUE"
"c4727","User_564","politics","New reports suggest a possible breakthrough in negotiations.",266,2026-05-04 16:46:00,"p370","FALSE"
"c4728","User_722","worldnews","Discourse on social media is highly polarized and full of misinformation.",415,2026-05-04 16:47:00,"p165","FALSE"
"c4729","User_423","israel","The role of international organizations is being questioned.",119,2026-05-04 16:48:00,"p127","FALSE"
"c4730","User_434","news","Diplomatic efforts are ongoing but progress is slow.",44,2026-05-04 16:49:00,"p296","FALSE"
"c4731","User_505","palestine","The conflict continues with heavy casualties on both sides.",294,2026-05-04 16:50:00,"p312","FALSE"
"c4732","User_13","palestine","Protests are spreading globally in support of humanitarian aid.",84,2026-05-04 16:51:00,"p394","TRUE"
"c4733","User_430","worldnews","Public opinion is deeply divided on the best path to peace.",-231,2026-05-04 16:52:00,"p123","FALSE"
"c4734","User_16","worldnews","International community calls for an immediate ceasefire.",34,2026-05-04 16:53:00,"p364","TRUE"
"c4735","User_196","worldnews","Protests are spreading globally in support of humanitarian aid.",-145,2026-05-04 16:54:00,"p103","FALSE"
"c4736","User_395","israel","The role of international organizations is being questioned.",-233,2026-05-04 16:55:00,"p239","TRUE"
"c4737","User_50","politics","Diplomatic efforts are ongoing but progress is slow.",34,2026-05-04 16:56:00,"p151","TRUE"
"c4738","User_413","palestine","The role of international organizations is being questioned.",-146,2026-05-04 16:57:00,"p225","FALSE"
"c4739","User_530","israel","New reports suggest a possible breakthrough in negotiations.",253,2026-05-04 16:58:00,"p179","FALSE"
"c4740","User_196","palestine","International community calls for an immediate ceasefire.",-500,2026-05-04 16:59:00,"p219","FALSE"
"c4741","User_561","news","The conflict continues with heavy casualties on both sides.",220,2026-05-04 17:00:00,"p15","FALSE"
"c4742","User_44","worldnews","International community calls for an immediate ceasefire.",1,2026-05-04 17:01:00,"p297","FALSE"
"c4743","User_392","palestine","Public opinion is deeply divided on the best path to peace.",362,2026-05-04 17:02:00,"p336","FALSE"
"c4744","User_731","israel","Discourse on social media is highly polarized and full of misinformation.",296,2026-05-04 17:03:00,"p242","FALSE"
"c4745","User_419","MiddleEastHistory","Discourse on social media is highly polarized and full of misinformation.",56,2026-05-04 17:04:00,"p52","FALSE"
"c4746","User_470","worldnews","Discourse on social media is highly polarized and full of misinformation.",-95,2026-05-04 17:05:00,"p109","FALSE"
"c4747","User_668","worldnews","Protests are spreading globally in support of humanitarian aid.",-95,2026-05-04 17:06:00,"p281","FALSE"
"c4748","User_151","worldnews","The role of international organizations is being questioned.",-192,2026-05-04 17:07:00,"p180","FALSE"
"c4749","User_550","worldnews","Economic impact of the war is being felt across the Middle East.",-149,2026-05-04 17:08:00,"p275","FALSE"
"c4750","User_318","palestine","The conflict continues with heavy casualties on both sides.",-15,2026-05-04 17:09:00,"p63","FALSE"
"c4751","User_601","palestine","Civilians are paying the highest price in this long-standing conflict.",134,2026-05-04 17:10:00,"p215","FALSE"
"c4752","User_404","israel","Historical context is essential to understand the current escalation.",104,2026-05-04 17:11:00,"p91","FALSE"
"c4753","User_555","palestine","Discourse on social media is highly polarized and full of misinformation.",-369,2026-05-04 17:12:00,"p128","FALSE"
"c4754","User_310","news","Public opinion is deeply divided on the best path to peace.",-144,2026-05-04 17:13:00,"p355","FALSE"
"c4755","User_702","worldnews","International community calls for an immediate ceasefire.",294,2026-05-04 17:14:00,"p368","FALSE"
"c4756","User_666","worldnews","Protests are spreading globally in support of humanitarian aid.",96,2026-05-04 17:15:00,"p156","FALSE"
"c4757","User_575","news","Public opinion is deeply divided on the best path to peace.",-104,2026-05-04 17:16:00,"p37","FALSE"
"c4758","User_387","worldnews","The conflict continues with heavy casualties on both sides.",7,2026-05-04 17:17:00,"p8","FALSE"
"c4759","User_756","israel","International community calls for an immediate ceasefire.",-234,2026-05-04 17:18:00,"p31","FALSE"
"c4760","User_19","worldnews","Civilians are paying the highest price in this long-standing conflict.",143,2026-05-04 17:19:00,"p202","FALSE"
"c4761","User_321","news","Historical context is essential to understand the current escalation.",137,2026-05-04 17:20:00,"p202","FALSE"
"c4762","User_628","worldnews","Discourse on social media is highly polarized and full of misinformation.",266,2026-05-04 17:21:00,"p101","FALSE"
"c4763","User_130","politics","The conflict continues with heavy casualties on both sides.",11,2026-05-04 17:22:00,"p113","FALSE"
"c4764","User_178","palestine","Economic impact of the war is being felt across the Middle East.",18,2026-05-04 17:23:00,"p137","FALSE"
"c4765","User_758","palestine","Protests are spreading globally in support of humanitarian aid.",-26,2026-05-04 17:24:00,"p244","FALSE"
"c4766","User_676","palestine","Diplomatic efforts are ongoing but progress is slow.",18,2026-05-04 17:25:00,"p244","FALSE"
"c4767","User_576","israel","Diplomatic efforts are ongoing but progress is slow.",251,2026-05-04 17:26:00,"p23","FALSE"
"c4768","User_416","worldnews","Discourse on social media is highly polarized and full of misinformation.",-14,2026-05-04 17:27:00,"p23","FALSE"
"c4769","User_334","politics","International community calls for an immediate ceasefire.",-37,2026-05-04 17:28:00,"p229","FALSE"
"c4770","User_320","israel","Public opinion is deeply divided on the best path to peace.",9,2026-05-04 17:29:00,"p79","TRUE"
"c4771","User_102","worldnews","Security measures are being tightened in the region.",-153,2026-05-04 17:30:00,"p174","FALSE"
"c4772","User_12","palestine","The conflict continues with heavy casualties on both sides.",-31,2026-05-04 17:31:00,"p348","FALSE"
"c4773","User_498","israel","Historical context is essential to understand the current escalation.",5,2026-05-04 17:32:00,"p350","FALSE"
"c4774","User_43","israel","Protests are spreading globally in support of humanitarian aid.",338,2026-05-04 17:33:00,"p326","FALSE"
"c4775","User_740","israel","Historical context is essential to understand the current escalation.",41,2026-05-04 17:34:00,"p122","FALSE"
"c4776","User_687","worldnews","International community calls for an immediate ceasefire.",-169,2026-05-04 17:35:00,"p118","FALSE"
"c4777","User_198","MiddleEastHistory","The conflict continues with heavy casualties on both sides.",117,2026-05-04 17:36:00,"p327","TRUE"
"c4778","User_703","politics","New reports suggest a possible breakthrough in negotiations.",-141,2026-05-04 17:37:00,"p85","FALSE"
"c4779","User_403","israel","International community calls for an immediate ceasefire.",-89,2026-05-04 17:38:00,"p336","FALSE"
"c4780","User_25","worldnews","Civilians are paying the highest price in this long-standing conflict.",36,2026-05-04 17:39:00,"p324","FALSE"
"c4781","User_155","MiddleEastHistory","Economic impact of the war is being felt across the Middle East.",-210,2026-05-04 17:40:00,"p157","TRUE"
"c4782","User_581","MiddleEastHistory","Protests are spreading globally in support of humanitarian aid.",-283,2026-05-04 17:41:00,"p137","FALSE"
"c4783","User_353","israel","Public opinion is deeply divided on the best path to peace.",232,2026-05-04 17:42:00,"p191","TRUE"
"c4784","User_391","worldnews","Economic impact of the war is being felt across the Middle East.",26,2026-05-04 17:43:00,"p210","FALSE"
"c4785","User_318","palestine","Public opinion is deeply divided on the best path to peace.",-95,2026-05-04 17:44:00,"p379","TRUE"
"c4786","User_118","worldnews","Public opinion is deeply divided on the best path to peace.",238,2026-05-04 17:45:00,"p322","FALSE"
"c4787","User_720","MiddleEastHistory","Protests are spreading globally in support of humanitarian aid.",-232,2026-05-04 17:46:00,"p261","FALSE"
"c4788","User_409","palestine","Economic impact of the war is being felt across the Middle East.",142,2026-05-04 17:47:00,"p27","FALSE"
"c4789","User_220","israel","Protests are spreading globally in support of humanitarian aid.",192,2026-05-04 17:48:00,"p89","FALSE"
"c4790","User_631","politics","Economic impact of the war is being felt across the Middle East.",228,2026-05-04 17:49:00,"p182","FALSE"
"c4791","User_197","palestine","The conflict continues with heavy casualties on both sides.",-209,2026-05-04 17:50:00,"p139","FALSE"
"c4792","User_428","palestine","Security measures are being tightened in the region.",-79,2026-05-04 17:51:00,"p93","FALSE"
"c4793","User_400","israel","Diplomatic efforts are ongoing but progress is slow.",242,2026-05-04 17:52:00,"p260","FALSE"
"c4794","User_336","politics","Historical context is essential to understand the current escalation.",27,2026-05-04 17:53:00,"p80","FALSE"
"c4795","User_614","worldnews","Discourse on social media is highly polarized and full of misinformation.",153,2026-05-04 17:54:00,"p295","FALSE"
"c4796","User_667","palestine","Public opinion is deeply divided on the best path to peace.",-19,2026-05-04 17:55:00,"p259","FALSE"
"c4797","User_124","worldnews","The role of international organizations is being questioned.",134,2026-05-04 17:56:00,"p379","FALSE"
"c4798","User_617","worldnews","Historical context is essential to understand the current escalation.",77,2026-05-04 17:57:00,"p78","FALSE"
"c4799","User_632","worldnews","Diplomatic efforts are ongoing but progress is slow.",169,2026-05-04 17:58:00,"p50","TRUE"
"c4800","User_93","israel","Discourse on social media is highly polarized and full of misinformation.",85,2026-05-04 17:59:00,"p220","FALSE"
"c4801","User_303","MiddleEastHistory","International community calls for an immediate ceasefire.",89,2026-05-04 18:00:00,"p6","FALSE"
"c4802","User_25","news","Public opinion is deeply divided on the best path to peace.",-48,2026-05-04 18:01:00,"p144","FALSE"
"c4803","User_781","news","Public opinion is deeply divided on the best path to peace.",33,2026-05-04 18:02:00,"p384","FALSE"
"c4804","User_418","worldnews","The conflict continues with heavy casualties on both sides.",289,2026-05-04 18:03:00,"p99","FALSE"
"c4805","User_419","palestine","New reports suggest a possible breakthrough in negotiations.",-43,2026-05-04 18:04:00,"p300","FALSE"
"c4806","User_748","israel","Diplomatic efforts are ongoing but progress is slow.",15,2026-05-04 18:05:00,"p217","FALSE"
"c4807","User_349","news","Public opinion is deeply divided on the best path to peace.",-96,2026-05-04 18:06:00,"p230","FALSE"
"c4808","User_597","worldnews","New reports suggest a possible breakthrough in negotiations.",61,2026-05-04 18:07:00,"p300","FALSE"
"c4809","User_1","worldnews","Discourse on social media is highly polarized and full of misinformation.",42,2026-05-04 18:08:00,"p286","FALSE"
"c4810","User_613","politics","Public opinion is deeply divided on the best path to peace.",196,2026-05-04 18:09:00,"p245","TRUE"
"c4811","User_240","news","Public opinion is deeply divided on the best path to peace.",102,2026-05-04 18:10:00,"p112","TRUE"
"c4812","User_648","palestine","The role of international organizations is being questioned.",40,2026-05-04 18:11:00,"p207","TRUE"
"c4813","User_662","worldnews","Protests are spreading globally in support of humanitarian aid.",246,2026-05-04 18:12:00,"p300","FALSE"
"c4814","User_622","palestine","Protests are spreading globally in support of humanitarian aid.",43,2026-05-04 18:13:00,"p82","TRUE"
"c4815","User_104","worldnews","New reports suggest a possible breakthrough in negotiations.",3,2026-05-04 18:14:00,"p87","FALSE"
"c4816","User_421","MiddleEastHistory","The conflict continues with heavy casualties on both sides.",4,2026-05-04 18:15:00,"p355","FALSE"
"c4817","User_471","israel","Protests are spreading globally in support of humanitarian aid.",-184,2026-05-04 18:16:00,"p326","FALSE"
"c4818","User_588","israel","Historical context is essential to understand the current escalation.",194,2026-05-04 18:17:00,"p287","FALSE"
"c4819","User_223","news","Public opinion is deeply divided on the best path to peace.",-8,2026-05-04 18:18:00,"p83","FALSE"
"c4820","User_729","worldnews","Public opinion is deeply divided on the best path to peace.",175,2026-05-04 18:19:00,"p19","FALSE"
"c4821","User_14","MiddleEastHistory","The conflict continues with heavy casualties on both sides.",-41,2026-05-04 18:20:00,"p228","FALSE"
"c4822","User_321","worldnews","Security measures are being tightened in the region.",164,2026-05-04 18:21:00,"p71","FALSE"
"c4823","User_224","israel","Public opinion is deeply divided on the best path to peace.",152,2026-05-04 18:22:00,"p127","FALSE"
"c4824","User_740","israel","New reports suggest a possible breakthrough in negotiations.",80,2026-05-04 18:23:00,"p91","FALSE"
"c4825","User_168","MiddleEastHistory","Discourse on social media is highly polarized and full of misinformation.",-76,2026-05-04 18:24:00,"p48","FALSE"
"c4826","User_158","israel","Civilians are paying the highest price in this long-standing conflict.",-10,2026-05-04 18:25:00,"p32","TRUE"
"c4827","User_89","worldnews","Economic impact of the war is being felt across the Middle East.",12,2026-05-04 18:26:00,"p334","FALSE"
"c4828","User_344","MiddleEastHistory","Historical context is essential to understand the current escalation.",220,2026-05-04 18:27:00,"p101","FALSE"
"c4829","User_400","worldnews","Civilians are paying the highest price in this long-standing conflict.",-167,2026-05-04 18:28:00,"p229","FALSE"
"c4830","User_781","news","International community calls for an immediate ceasefire.",208,2026-05-04 18:29:00,"p61","FALSE"
"c4831","User_376","worldnews","The conflict continues with heavy casualties on both sides.",-1,2026-05-04 18:30:00,"p284","TRUE"
"c4832","User_17","palestine","Civilians are paying the highest price in this long-standing conflict.",-87,2026-05-04 18:31:00,"p207","FALSE"
"c4833","User_264","MiddleEastHistory","Protests are spreading globally in support of humanitarian aid.",13,2026-05-04 18:32:00,"p167","FALSE"
"c4834","User_620","israel","Protests are spreading globally in support of humanitarian aid.",-273,2026-05-04 18:33:00,"p209","FALSE"
"c4835","User_387","palestine","Historical context is essential to understand the current escalation.",-101,2026-05-04 18:34:00,"p61","FALSE"
"c4836","User_96","news","The role of international organizations is being questioned.",105,2026-05-04 18:35:00,"p390","FALSE"
"c4837","User_33","MiddleEastHistory","New reports suggest a possible breakthrough in negotiations.",150,2026-05-04 18:36:00,"p181","FALSE"
"c4838","User_356","MiddleEastHistory","New reports suggest a possible breakthrough in negotiations.",229,2026-05-04 18:37:00,"p62","FALSE"
"c4839","User_360","israel","Civilians are paying the highest price in this long-standing conflict.",-6,2026-05-04 18:38:00,"p197","FALSE"
"c4840","User_784","worldnews","Public opinion is deeply divided on the best path to peace.",116,2026-05-04 18:39:00,"p248","FALSE"
"c4841","User_405","worldnews","Historical context is essential to understand the current escalation.",-198,2026-05-04 18:40:00,"p300","FALSE"
"c4842","User_586","news","The conflict continues with heavy casualties on both sides.",95,2026-05-04 18:41:00,"p34","FALSE"
"c4843","User_520","palestine","The conflict continues with heavy casualties on both sides.",294,2026-05-04 18:42:00,"p51","FALSE"
"c4844","User_716","israel","Protests are spreading globally in support of humanitarian aid.",61,2026-05-04 18:43:00,"p397","FALSE"
"c4845","User_414","worldnews","The role of international organizations is being questioned.",109,2026-05-04 18:44:00,"p240","TRUE"
"c4846","User_370","palestine","Security measures are being tightened in the region.",-76,2026-05-04 18:45:00,"p146","FALSE"
"c4847","User_637","israel","Protests are spreading globally in support of humanitarian aid.",185,2026-05-04 18:46:00,"p280","FALSE"
"c4848","User_742","news","Historical context is essential to understand the current escalation.",157,2026-05-04 18:47:00,"p47","TRUE"
"c4849","User_271","palestine","Civilians are paying the highest price in this long-standing conflict.",-147,2026-05-04 18:48:00,"p262","FALSE"
"c4850","User_111","worldnews","Diplomatic efforts are ongoing but progress is slow.",50,2026-05-04 18:49:00,"p64","TRUE"
"c4851","User_108","worldnews","The role of international organizations is being questioned.",10,2026-05-04 18:50:00,"p261","FALSE"
"c4852","User_330","MiddleEastHistory","Discourse on social media is highly polarized and full of misinformation.",-169,2026-05-04 18:51:00,"p165","FALSE"
"c4853","User_483","worldnews","Security measures are being tightened in the region.",63,2026-05-04 18:52:00,"p381","FALSE"
"c4854","User_530","palestine","International community calls for an immediate ceasefire.",254,2026-05-04 18:53:00,"p274","FALSE"
"c4855","User_557","worldnews","International community calls for an immediate ceasefire.",134,2026-05-04 18:54:00,"p351","FALSE"
"c4856","User_721","MiddleEastHistory","Protests are spreading globally in support of humanitarian aid.",-30,2026-05-04 18:55:00,"p298","FALSE"
"c4857","User_469","palestine","Discourse on social media is highly polarized and full of misinformation.",105,2026-05-04 18:56:00,"p39","TRUE"
"c4858","User_108","israel","Protests are spreading globally in support of humanitarian aid.",96,2026-05-04 18:57:00,"p201","FALSE"
"c4859","User_203","worldnews","Economic impact of the war is being felt across the Middle East.",128,2026-05-04 18:58:00,"p107","FALSE"
"c4860","User_365","MiddleEastHistory","Diplomatic efforts are ongoing but progress is slow.",132,2026-05-04 18:59:00,"p199","FALSE"
"c4861","User_14","worldnews","International community calls for an immediate ceasefire.",99,2026-05-04 19:00:00,"p109","FALSE"
"c4862","User_428","worldnews","Economic impact of the war is being felt across the Middle East.",52,2026-05-04 19:01:00,"p212","FALSE"
"c4863","User_75","palestine","Discourse on social media is highly polarized and full of misinformation.",-150,2026-05-04 19:02:00,"p86","FALSE"
"c4864","User_100","worldnews","Civilians are paying the highest price in this long-standing conflict.",162,2026-05-04 19:03:00,"p372","FALSE"
"c4865","User_347","palestine","Diplomatic efforts are ongoing but progress is slow.",-138,2026-05-04 19:04:00,"p85","FALSE"
"c4866","User_43","israel","International community calls for an immediate ceasefire.",226,2026-05-04 19:05:00,"p11","FALSE"
"c4867","User_714","israel","New reports suggest a possible breakthrough in negotiations.",-49,2026-05-04 19:06:00,"p273","TRUE"
"c4868","User_76","israel","Discourse on social media is highly polarized and full of misinformation.",146,2026-05-04 19:07:00,"p328","FALSE"
"c4869","User_758","worldnews","Diplomatic efforts are ongoing but progress is slow.",-36,2026-05-04 19:08:00,"p324","FALSE"
"c4870","User_450","MiddleEastHistory","The conflict continues with heavy casualties on both sides.",-40,2026-05-04 19:09:00,"p342","FALSE"
"c4871","User_249","MiddleEastHistory","Protests are spreading globally in support of humanitarian aid.",-113,2026-05-04 19:10:00,"p106","FALSE"
"c4872","User_586","israel","Historical context is essential to understand the current escalation.",282,2026-05-04 19:11:00,"p191","FALSE"
"c4873","User_401","worldnews","Discourse on social media is highly polarized and full of misinformation.",-25,2026-05-04 19:12:00,"p395","FALSE"
"c4874","User_133","politics","Protests are spreading globally in support of humanitarian aid.",-129,2026-05-04 19:13:00,"p26","FALSE"
"c4875","User_72","worldnews","Historical context is essential to understand the current escalation.",87,2026-05-04 19:14:00,"p265","FALSE"
"c4876","User_568","worldnews","Historical context is essential to understand the current escalation.",-83,2026-05-04 19:15:00,"p226","FALSE"
"c4877","User_567","worldnews","Historical context is essential to understand the current escalation.",-110,2026-05-04 19:16:00,"p3","FALSE"
"c4878","User_728","israel","Historical context is essential to understand the current escalation.",215,2026-05-04 19:17:00,"p119","FALSE"
"c4879","User_663","politics","International community calls for an immediate ceasefire.",-9,2026-05-04 19:18:00,"p358","FALSE"
"c4880","User_344","MiddleEastHistory","The role of international organizations is being questioned.",98,2026-05-04 19:19:00,"p43","FALSE"
"c4881","User_91","israel","Diplomatic efforts are ongoing but progress is slow.",-213,2026-05-04 19:20:00,"p326","FALSE"
"c4882","User_57","worldnews","International community calls for an immediate ceasefire.",34,2026-05-04 19:21:00,"p397","FALSE"
"c4883","User_570","worldnews","Economic impact of the war is being felt across the Middle East.",150,2026-05-04 19:22:00,"p275","FALSE"
"c4884","User_205","worldnews","Protests are spreading globally in support of humanitarian aid.",-40,2026-05-04 19:23:00,"p157","FALSE"
"c4885","User_23","palestine","Security measures are being tightened in the region.",-1,2026-05-04 19:24:00,"p135","FALSE"
"c4886","User_530","politics","Economic impact of the war is being felt across the Middle East.",9,2026-05-04 19:25:00,"p230","FALSE"
"c4887","User_158","news","Security measures are being tightened in the region.",67,2026-05-04 19:26:00,"p220","TRUE"
"c4888","User_780","worldnews","Diplomatic efforts are ongoing but progress is slow.",42,2026-05-04 19:27:00,"p101","FALSE"
"c4889","User_129","israel","Public opinion is deeply divided on the best path to peace.",143,2026-05-04 19:28:00,"p286","TRUE"
"c4890","User_633","worldnews","New reports suggest a possible breakthrough in negotiations.",127,2026-05-04 19:29:00,"p327","FALSE"
"c4891","User_283","israel","New reports suggest a possible breakthrough in negotiations.",-112,2026-05-04 19:30:00,"p357","FALSE"
"c4892","User_126","palestine","Civilians are paying the highest price in this long-standing conflict.",-91,2026-05-04 19:31:00,"p35","FALSE"
"c4893","User_560","worldnews","International community calls for an immediate ceasefire.",43,2026-05-04 19:32:00,"p384","FALSE"
"c4894","User_146","worldnews","Protests are spreading globally in support of humanitarian aid.",-58,2026-05-04 19:33:00,"p57","FALSE"
"c4895","User_747","worldnews","Security measures are being tightened in the region.",-48,2026-05-04 19:34:00,"p350","FALSE"
"c4896","User_29","worldnews","Discourse on social media is highly polarized and full of misinformation.",254,2026-05-04 19:35:00,"p188","TRUE"
"c4897","User_497","news","Discourse on social media is highly polarized and full of misinformation.",156,2026-05-04 19:36:00,"p399","FALSE"
"c4898","User_690","worldnews","Discourse on social media is highly polarized and full of misinformation.",129,2026-05-04 19:37:00,"p358","FALSE"
"c4899","User_261","worldnews","Historical context is essential to understand the current escalation.",-28,2026-05-04 19:38:00,"p40","FALSE"
"c4900","User_708","worldnews","Civilians are paying the highest price in this long-standing conflict.",93,2026-05-04 19:39:00,"p29","TRUE"
"c4901","User_408","politics","Diplomatic efforts are ongoing but progress is slow.",64,2026-05-04 19:40:00,"p155","FALSE"
"c4902","User_80","palestine","Economic impact of the war is being felt across the Middle East.",109,2026-05-04 19:41:00,"p75","TRUE"
"c4903","User_90","israel","Diplomatic efforts are ongoing but progress is slow.",11,2026-05-04 19:42:00,"p125","FALSE"
"c4904","User_588","israel","International community calls for an immediate ceasefire.",179,2026-05-04 19:43:00,"p305","FALSE"
"c4905","User_538","news","Discourse on social media is highly polarized and full of misinformation.",136,2026-05-04 19:44:00,"p210","TRUE"
"c4906","User_273","palestine","Economic impact of the war is being felt across the Middle East.",70,2026-05-04 19:45:00,"p24","FALSE"
"c4907","User_738","worldnews","Discourse on social media is highly polarized and full of misinformation.",-43,2026-05-04 19:46:00,"p139","FALSE"
"c4908","User_150","worldnews","Civilians are paying the highest price in this long-standing conflict.",-314,2026-05-04 19:47:00,"p278","FALSE"
"c4909","User_288","news","Civilians are paying the highest price in this long-standing conflict.",121,2026-05-04 19:48:00,"p240","FALSE"
"c4910","User_719","politics","Historical context is essential to understand the current escalation.",418,2026-05-04 19:49:00,"p245","FALSE"
"c4911","User_105","israel","Security measures are being tightened in the region.",114,2026-05-04 19:50:00,"p234","TRUE"
"c4912","User_408","news","The role of international organizations is being questioned.",141,2026-05-04 19:51:00,"p17","FALSE"
"c4913","User_539","worldnews","New reports suggest a possible breakthrough in negotiations.",206,2026-05-04 19:52:00,"p67","FALSE"
"c4914","User_105","worldnews","Security measures are being tightened in the region.",-197,2026-05-04 19:53:00,"p32","FALSE"
"c4915","User_685","israel","Diplomatic efforts are ongoing but progress is slow.",-206,2026-05-04 19:54:00,"p214","FALSE"
"c4916","User_80","israel","Protests are spreading globally in support of humanitarian aid.",-288,2026-05-04 19:55:00,"p373","FALSE"
"c4917","User_59","worldnews","The role of international organizations is being questioned.",38,2026-05-04 19:56:00,"p203","FALSE"
"c4918","User_525","MiddleEastHistory","Protests are spreading globally in support of humanitarian aid.",240,2026-05-04 19:57:00,"p183","FALSE"
"c4919","User_346","worldnews","New reports suggest a possible breakthrough in negotiations.",248,2026-05-04 19:58:00,"p82","FALSE"
"c4920","User_391","israel","New reports suggest a possible breakthrough in negotiations.",-301,2026-05-04 19:59:00,"p162","FALSE"
"c4921","User_596","palestine","Discourse on social media is highly polarized and full of misinformation.",39,2026-05-04 20:00:00,"p82","FALSE"
"c4922","User_520","israel","Discourse on social media is highly polarized and full of misinformation.",-2,2026-05-04 20:01:00,"p297","FALSE"
"c4923","User_465","worldnews","The conflict continues with heavy casualties on both sides.",-45,2026-05-04 20:02:00,"p231","FALSE"
"c4924","User_755","news","Discourse on social media is highly polarized and full of misinformation.",59,2026-05-04 20:03:00,"p106","FALSE"
"c4925","User_517","worldnews","The conflict continues with heavy casualties on both sides.",164,2026-05-04 20:04:00,"p171","FALSE"
"c4926","User_405","worldnews","Security measures are being tightened in the region.",114,2026-05-04 20:05:00,"p46","FALSE"
"c4927","User_719","MiddleEastHistory","The role of international organizations is being questioned.",317,2026-05-04 20:06:00,"p399","FALSE"
"c4928","User_327","news","Historical context is essential to understand the current escalation.",-70,2026-05-04 20:07:00,"p255","TRUE"
"c4929","User_737","worldnews","Discourse on social media is highly polarized and full of misinformation.",-33,2026-05-04 20:08:00,"p137","FALSE"
"c4930","User_658","israel","Civilians are paying the highest price in this long-standing conflict.",-12,2026-05-04 20:09:00,"p190","FALSE"
"c4931","User_476","worldnews","The role of international organizations is being questioned.",213,2026-05-04 20:10:00,"p22","FALSE"
"c4932","User_366","news","Economic impact of the war is being felt across the Middle East.",99,2026-05-04 20:11:00,"p319","FALSE"
"c4933","User_168","israel","Public opinion is deeply divided on the best path to peace.",159,2026-05-04 20:12:00,"p246","FALSE"
"c4934","User_707","palestine","Civilians are paying the highest price in this long-standing conflict.",143,2026-05-04 20:13:00,"p339","FALSE"
"c4935","User_10","worldnews","Historical context is essential to understand the current escalation.",250,2026-05-04 20:14:00,"p315","FALSE"
"c4936","User_17","politics","International community calls for an immediate ceasefire.",-264,2026-05-04 20:15:00,"p327","FALSE"
"c4937","User_434","worldnews","The role of international organizations is being questioned.",200,2026-05-04 20:16:00,"p216","FALSE"
"c4938","User_732","palestine","Historical context is essential to understand the current escalation.",4,2026-05-04 20:17:00,"p321","FALSE"
"c4939","User_436","news","Economic impact of the war is being felt across the Middle East.",270,2026-05-04 20:18:00,"p248","FALSE"
"c4940","User_314","worldnews","Public opinion is deeply divided on the best path to peace.",53,2026-05-04 20:19:00,"p263","FALSE"
"c4941","User_140","politics","Civilians are paying the highest price in this long-standing conflict.",168,2026-05-04 20:20:00,"p298","FALSE"
"c4942","User_443","palestine","Historical context is essential to understand the current escalation.",296,2026-05-04 20:21:00,"p271","TRUE"
"c4943","User_297","politics","Civilians are paying the highest price in this long-standing conflict.",-148,2026-05-04 20:22:00,"p5","TRUE"
"c4944","User_73","worldnews","Security measures are being tightened in the region.",10,2026-05-04 20:23:00,"p69","FALSE"
"c4945","User_684","palestine","International community calls for an immediate ceasefire.",-262,2026-05-04 20:24:00,"p135","FALSE"
"c4946","User_592","worldnews","Discourse on social media is highly polarized and full of misinformation.",185,2026-05-04 20:25:00,"p163","FALSE"
"c4947","User_392","politics","Security measures are being tightened in the region.",160,2026-05-04 20:26:00,"p153","FALSE"
"c4948","User_666","worldnews","Security measures are being tightened in the region.",35,2026-05-04 20:27:00,"p194","FALSE"
"c4949","User_14","israel","Security measures are being tightened in the region.",52,2026-05-04 20:28:00,"p92","FALSE"
"c4950","User_366","palestine","The conflict continues with heavy casualties on both sides.",-41,2026-05-04 20:29:00,"p157","FALSE"
"c4951","User_283","worldnews","Security measures are being tightened in the region.",2,2026-05-04 20:30:00,"p301","FALSE"
"c4952","User_307","worldnews","Security measures are being tightened in the region.",13,2026-05-04 20:31:00,"p33","TRUE"
"c4953","User_54","worldnews","Historical context is essential to understand the current escalation.",191,2026-05-04 20:32:00,"p204","FALSE"
"c4954","User_546","politics","Historical context is essential to understand the current escalation.",245,2026-05-04 20:33:00,"p342","FALSE"
"c4955","User_751","palestine","Civilians are paying the highest price in this long-standing conflict.",49,2026-05-04 20:34:00,"p106","TRUE"
"c4956","User_499","worldnews","The role of international organizations is being questioned.",229,2026-05-04 20:35:00,"p62","FALSE"
"c4957","User_546","worldnews","The conflict continues with heavy casualties on both sides.",222,2026-05-04 20:36:00,"p154","FALSE"
"c4958","User_189","israel","Diplomatic efforts are ongoing but progress is slow.",30,2026-05-04 20:37:00,"p295","FALSE"
"c4959","User_339","worldnews","Protests are spreading globally in support of humanitarian aid.",-46,2026-05-04 20:38:00,"p282","FALSE"
"c4960","User_352","news","Economic impact of the war is being felt across the Middle East.",-99,2026-05-04 20:39:00,"p129","FALSE"
"c4961","User_744","worldnews","Historical context is essential to understand the current escalation.",125,2026-05-04 20:40:00,"p24","TRUE"
"c4962","User_237","israel","Discourse on social media is highly polarized and full of misinformation.",65,2026-05-04 20:41:00,"p183","FALSE"
"c4963","User_13","palestine","Economic impact of the war is being felt across the Middle East.",-22,2026-05-04 20:42:00,"p295","FALSE"
"c4964","User_143","israel","Economic impact of the war is being felt across the Middle East.",136,2026-05-04 20:43:00,"p281","FALSE"
"c4965","User_216","worldnews","International community calls for an immediate ceasefire.",174,2026-05-04 20:44:00,"p159","FALSE"
"c4966","User_26","worldnews","Historical context is essential to understand the current escalation.",-177,2026-05-04 20:45:00,"p62","FALSE"
"c4967","User_535","worldnews","Protests are spreading globally in support of humanitarian aid.",84,2026-05-04 20:46:00,"p279","FALSE"
"c4968","User_601","politics","Public opinion is deeply divided on the best path to peace.",-59,2026-05-04 20:47:00,"p36","FALSE"
"c4969","User_734","israel","Historical context is essential to understand the current escalation.",133,2026-05-04 20:48:00,"p89","FALSE"
"c4970","User_712","politics","The role of international organizations is being questioned.",130,2026-05-04 20:49:00,"p213","FALSE"
"c4971","User_522","worldnews","Security measures are being tightened in the region.",-130,2026-05-04 20:50:00,"p294","FALSE"
"c4972","User_533","politics","Security measures are being tightened in the region.",-141,2026-05-04 20:51:00,"p362","FALSE"
"c4973","User_673","news","International community calls for an immediate ceasefire.",-24,2026-05-04 20:52:00,"p135","FALSE"
"c4974","User_720","israel","Economic impact of the war is being felt across the Middle East.",284,2026-05-04 20:53:00,"p216","FALSE"
"c4975","User_370","israel","International community calls for an immediate ceasefire.",71,2026-05-04 20:54:00,"p369","FALSE"
"c4976","User_689","worldnews","New reports suggest a possible breakthrough in negotiations.",-264,2026-05-04 20:55:00,"p138","FALSE"
"c4977","User_739","worldnews","New reports suggest a possible breakthrough in negotiations.",-66,2026-05-04 20:56:00,"p32","FALSE"
"c4978","User_233","palestine","Diplomatic efforts are ongoing but progress is slow.",145,2026-05-04 20:57:00,"p117","FALSE"
"c4979","User_98","worldnews","New reports suggest a possible breakthrough in negotiations.",-100,2026-05-04 20:58:00,"p153","FALSE"
"c4980","User_380","worldnews","Discourse on social media is highly polarized and full of misinformation.",-66,2026-05-04 20:59:00,"p333","FALSE"
"c4981","User_30","worldnews","Economic impact of the war is being felt across the Middle East.",-64,2026-05-04 21:00:00,"p94","FALSE"
"c4982","User_345","worldnews","New reports suggest a possible breakthrough in negotiations.",-146,2026-05-04 21:01:00,"p155","FALSE"
"c4983","User_263","worldnews","Economic impact of the war is being felt across the Middle East.",89,2026-05-04 21:02:00,"p258","FALSE"
"c4984","User_713","worldnews","The role of international organizations is being questioned.",-97,2026-05-04 21:03:00,"p81","FALSE"
"c4985","User_199","worldnews","International community calls for an immediate ceasefire.",94,2026-05-04 21:04:00,"p186","FALSE"
"c4986","User_128","worldnews","Protests are spreading globally in support of humanitarian aid.",100,2026-05-04 21:05:00,"p308","TRUE"
"c4987","User_8","palestine","Public opinion is deeply divided on the best path to peace.",206,2026-05-04 21:06:00,"p234","FALSE"
"c4988","User_16","worldnews","International community calls for an immediate ceasefire.",-189,2026-05-04 21:07:00,"p313","FALSE"
"c4989","User_640","israel","New reports suggest a possible breakthrough in negotiations.",10,2026-05-04 21:08:00,"p346","FALSE"
"c4990","User_622","worldnews","Protests are spreading globally in support of humanitarian aid.",-39,2026-05-04 21:09:00,"p7","FALSE"
"c4991","User_799","MiddleEastHistory","Historical context is essential to understand the current escalation.",83,2026-05-04 21:10:00,"p58","FALSE"
"c4992","User_95","worldnews","The role of international organizations is being questioned.",396,2026-05-04 21:11:00,"p299","FALSE"
"c4993","User_540","palestine","Protests are spreading globally in support of humanitarian aid.",58,2026-05-04 21:12:00,"p367","FALSE"
"c4994","User_718","worldnews","Diplomatic efforts are ongoing but progress is slow.",48,2026-05-04 21:13:00,"p397","FALSE"
"c4995","User_705","worldnews","The role of international organizations is being questioned.",-149,2026-05-04 21:14:00,"p399","FALSE"
"c4996","User_87","palestine","Security measures are being tightened in the region.",7,2026-05-04 21:15:00,"p324","FALSE"
"c4997","User_774","MiddleEastHistory","New reports suggest a possible breakthrough in negotiations.",-64,2026-05-04 21:16:00,"p339","FALSE"
"c4998","User_472","palestine","The role of international organizations is being questioned.",172,2026-05-04 21:17:00,"p201","FALSE"
"c4999","User_527","worldnews","Economic impact of the war is being felt across the Middle East.",-124,2026-05-04 21:18:00,"p249","FALSE"
"c5000","User_10","news","Security measures are being tightened in the region.",79,2026-05-04 21:19:00,"p317","FALSE"
